# Wavefront OBJ file written 2025-05-29T10:35:42
o buildings_edgeMesh

# points : 14492
# lines  : 16107

# <points count="14492">
v 36.7863 18.6039 54
v 48.5939 30.4115 54
v 27.7361 27.654 54
v 39.5438 39.4616 54
v 39.5438 39.4616 0
v 27.7361 27.654 0
v 36.7863 18.6039 0
v 48.5939 30.4115 0
v 34.3708 30.3861 58
v 36.7333 32.7486 58
v 39.5967 32.7486 58
v 41.8809 30.4644 58
v 41.8809 27.601 58
v 39.5184 25.2385 58
v 36.655 25.2385 58
v 34.3708 27.5227 58
v 121.029 94.7576 30
v 116.013 117.828 30
v 116.039 117.838 30
v 115.284 95.1754 30
v 115.485 94.9768 30
v 121.298 94.9406 30
v 121.32 94.9586 30
v 122.041 115.997 30
v 122.041 116.025 30
v 115.152 95.3418 30
v 120.098 117.982 30
v 120.211 117.975 30
v 120.183 117.978 30
v 120.253 117.971 30
v 121.674 95.3418 30
v 121.814 95.5711 30
v 120.504 117.928 30
v 121.981 116.473 30
v 120.586 117.907 30
v 121.962 116.541 30
v 115.961 94.6743 30
v 121.927 95.8304 30
v 121.937 95.8572 30
v 114.946 95.7118 30
v 120.734 117.859 30
v 121.981 96.0065 30
v 114.895 95.8438 30
v 122.015 96.1727 30
v 121.029 117.722 30
v 121.781 116.97 30
v 122.038 96.3836 30
v 121.766 116.995 30
v 121.752 117.019 30
v 122.041 96.4684 30
v 121.126 117.663 30
v 121.691 117.114 30
v 114.786 116.053 30
v 114.788 116.082 30
v 121.242 117.582 30
v 121.253 117.574 30
v 114.812 96.1727 30
v 114.8 116.223 30
v 121.309 117.53 30
v 116.672 94.4999 30
v 115.032 116.946 30
v 115.046 116.97 30
v 115.229 117.239 30
v 115.351 117.377 30
v 115.361 117.387 30
v 115.485 117.503 30
v 115.529 117.539 30
v 115.677 117.648 30
v 115.86 117.756 30
v 115.885 117.768 30
v 121.005 94.7438 30
v 121.309 117.53 0
v 120.098 117.982 0
v 120.183 117.978 0
v 120.253 117.971 0
v 122.041 116.025 0
v 122.041 115.997 0
v 120.504 117.928 0
v 121.691 117.114 0
v 120.586 117.907 0
v 121.752 117.019 0
v 121.766 116.995 0
v 120.734 117.859 0
v 121.781 116.97 0
v 120.787 117.838 0
v 121.126 117.663 0
v 121.962 116.541 0
v 121.242 117.582 0
v 121.253 117.574 0
v 115.229 117.239 0
v 114.786 116.053 0
v 114.788 116.082 0
v 115.351 117.377 0
v 115.361 117.387 0
v 114.8 116.223 0
v 114.803 116.251 0
v 115.507 117.521 0
v 115.518 117.53 0
v 115.529 117.539 0
v 114.833 116.418 0
v 115.677 117.648 0
v 115.86 117.756 0
v 115.885 117.768 0
v 116.079 117.854 0
v 115.046 116.97 0
v 115.053 116.983 0
v 115.152 117.138 0
v 114.812 96.1727 0
v 115.485 94.9768 0
v 114.803 96.2286 0
v 115.284 95.1754 0
v 115.238 95.2293 0
v 115.22 95.2513 0
v 115.152 95.3418 0
v 115.053 95.4967 0
v 114.993 95.609 0
v 115.961 94.6743 0
v 114.981 95.6344 0
v 114.946 95.7118 0
v 114.895 95.8438 0
v 122.041 96.4684 0
v 122.015 96.1727 0
v 121.958 95.9246 0
v 121.927 95.8304 0
v 121.029 94.7576 0
v 121.005 94.7438 0
v 121.814 95.5711 0
v 121.674 95.3418 0
v 120.421 94.5331 0
v 120.533 103.233 36
v 116.271 103.233 36
v 116.271 109.998 36
v 120.533 109.998 36
v 112.35 138.233 0
v 112.35 149.554 0
v 112.35 138.233 14
v 112.35 149.554 14
v 88.5745 138.233 0
v 88.5745 143.893 0
v 100.349 149.554 0
v 100.349 149.554 14
v 88.5745 143.893 14
v 88.5745 138.233 14
v 77.7356 26.9059 54
v 88.7271 26.9059 54
v 88.7271 49.576 54
v 77.7356 49.576 54
v 86.02 34.7711 58
v 80.4427 34.7711 58
v 80.4427 41.7108 58
v 86.02 41.7108 58
v 77.7356 26.9059 0
v 88.7271 26.9059 0
v 88.7271 49.576 0
v 77.7356 49.576 0
v 19.0098 102.107 30
v 8.19019 102.107 30
v 8.19019 147.155 30
v 19.0098 147.155 30
v 8.19019 102.107 0
v 8.19019 147.155 0
v 19.0098 102.107 0
v 19.0098 147.155 0
v 9.80747 105.184 34
v 9.80747 118.441 34
v 17.0774 118.441 34
v 17.0774 105.184 34
v 61.699 54.5631 0
v 61.699 73.0942 0
v 75.8112 54.5631 0
v 63.4412 54.5631 61.5408
v 61.6992 54.5631 56.6136
v 61.6998 54.5631 56.6702
v 63.406 54.5631 61.4964
v 75.8112 54.5631 76
v 61.7103 54.5631 56.9815
v 61.7135 54.5631 57.0381
v 61.7303 54.5631 57.264
v 61.7355 54.5631 57.3204
v 62.0098 54.5631 58.765
v 62.0256 54.5631 58.8194
v 62.2556 54.5631 59.4887
v 62.235 54.5631 59.4359
v 63.1365 54.5631 61.1322
v 63.1691 54.5631 61.1786
v 63.4412 73.0942 61.5408
v 63.406 73.0942 61.4964
v 61.9164 73.0942 58.409
v 61.9034 73.0942 58.3538
v 62.3868 73.0942 59.8021
v 61.7062 73.0942 56.8967
v 62.2556 73.0942 59.4887
v 62.235 73.0942 59.4359
v 75.8112 73.0942 76
v 75.8112 73.0942 0
v 49.7071 79.9119 40
v 58.9224 80.2264 40
v 58.936 80.2412 40
v 59.7794 87.0554 40
v 59.7794 92.1761 40
v 59.1813 80.7514 40
v 59.1779 80.7316 40
v 49.7071 99.8706 40
v 58.5013 99.8223 40
v 58.9688 99.5031 40
v 58.956 99.5185 40
v 58.4821 99.8283 40
v 59.191 98.9511 40
v 59.1892 98.9711 40
v 49.7071 79.9119 0
v 49.7071 99.8706 0
v 59.1813 80.7514 0
v 59.1779 80.7316 0
v 58.5676 79.9842 0
v 58.5488 79.9768 0
v 58.936 80.2412 0
v 58.9224 80.2264 0
v 59.7794 87.0554 0
v 59.7794 92.1761 0
v 58.5013 99.8223 0
v 58.956 99.5185 0
v 90.1008 55.6751 9
v 90.1008 78.1875 9
v 116.669 55.6751 9
v 116.669 78.1875 9
v 90.1008 55.6751 0
v 90.1008 78.1875 0
v 116.669 55.6751 0
v 116.669 78.1875 0
v 103.709 61.3826 9.39092
v 103.709 61.3738 9.18251
v 103.709 61.3754 9.23463
v 103.709 74.787 10.3213
v 103.709 74.797 10.2701
v 103.709 69.3118 15.6715
v 103.709 64.601 14.7721
v 103.709 64.5566 14.7447
v 103.709 69.7203 15.587
v 103.709 69.7709 15.5746
v 103.709 74.9131 9.23463
v 103.709 74.9147 9.18251
v 103.709 70.1477 15.4698
v 103.709 70.1975 15.4542
v 103.709 65.3371 15.1638
v 103.709 65.3847 15.1852
v 103.709 72.3496 14.3092
v 103.709 72.3086 14.3414
v 103.709 66.9767 15.6715
v 103.709 67.0281 15.6803
v 96.9366 68.1314 9.0009
v 96.9366 68.16 9.02032
v 96.9366 68.1328 9.01549
v 96.9366 68.144 9.02248
v 96.9366 68.1563 9.01705
v 96.9366 68.1442 9.0012
v 96.9366 68.1442 9.0006
v 32.2379 102.384 14
v 62.4823 102.384 14
v 62.4823 122.737 14
v 34.4255 117.167 14
v 36.0179 117.595 14
v 32.8709 115.76 14
v 32.8927 115.794 14
v 35.739 117.57 14
v 32.2799 114.179 14
v 35.6597 117.559 14
v 33.1035 116.086 14
v 33.3954 116.415 14
v 34.998 117.404 14
v 34.9601 117.391 14
v 38.7053 122.737 14
v 32.4876 114.992 14
v 32.4738 114.954 14
v 34.8281 117.344 14
v 32.5778 115.214 14
v 38.7053 122.737 0
v 32.2799 114.179 0
v 34.4255 117.167 0
v 34.5878 117.245 0
v 34.9601 117.391 0
v 35.0744 117.428 0
v 32.4738 114.954 0
v 35.2478 117.476 0
v 32.4876 114.992 0
v 32.5778 115.214 0
v 35.739 117.57 0
v 36.0179 117.595 0
v 32.8709 115.76 0
v 32.8927 115.794 0
v 33.1035 116.086 0
v 33.3954 116.415 0
v 32.2379 102.384 0
v 62.4823 102.384 0
v 62.4823 122.737 0
v 41.2853 119.312 15
v 41.2853 121.456 15
v 44.734 121.456 15
v 44.734 119.312 15
v 94.0471 96.581 30
v 94.0471 96.581 0
v 84.7242 105.753 0
v 90.2916 83.0095 0
v 90.312 83.0291 0
v 94.0471 90.5335 0
v 84.8797 105.76 0
v 88.918 105.76 0
v 88.9321 105.76 0
v 88.9604 105.76 0
v 88.9745 105.759 0
v 90.9155 103.859 0
v 90.9167 103.831 0
v 83.6264 82.916 0
v 83.6484 82.8982 0
v 90.898 104.042 0
v 83.0434 83.7044 0
v 89.7288 105.588 0
v 83.0328 83.7306 0
v 89.8933 105.506 0
v 82.9584 104.264 0
v 90.2179 105.28 0
v 90.1963 105.298 0
v 82.9036 84.2654 0
v 84.7101 82.4716 0
v 84.7383 82.4692 0
v 83.2692 104.926 0
v 83.5939 105.28 0
v 83.6264 105.307 0
v 83.6484 105.325 0
v 84.0443 105.571 0
v 84.3217 105.676 0
v 84.3899 105.695 0
v 84.4173 105.702 0
v 84.7242 105.753 30
v 90.2916 83.0095 30
v 90.312 83.0291 30
v 94.0471 90.5335 30
v 84.8797 105.76 30
v 88.918 105.76 30
v 88.9604 105.76 30
v 88.9321 105.76 30
v 88.9745 105.759 30
v 90.9155 103.859 30
v 90.9167 103.831 30
v 83.6264 82.916 30
v 83.6484 82.8982 30
v 90.898 104.042 30
v 83.0434 83.7044 30
v 89.7288 105.588 30
v 83.0328 83.7306 30
v 89.8933 105.506 30
v 82.9584 104.264 30
v 90.2179 105.28 30
v 90.1963 105.298 30
v 82.9036 84.2654 30
v 84.7383 82.4692 30
v 84.7101 82.4716 30
v 83.2692 104.926 30
v 83.5939 105.28 30
v 83.6264 105.307 30
v 83.6484 105.325 30
v 84.0443 105.571 30
v 84.3217 105.676 30
v 84.3899 105.695 30
v 84.4173 105.702 30
v 64.6886 123.276 0
v 64.6886 123.276 10
v 79.5616 90.9947 0
v 79.5616 82.7132 0
v 64.6886 82.7132 0
v 63.6989 95.4636 0
v 63.6989 91.7486 0
v 77.8715 123.276 0
v 63.6989 95.4636 10
v 79.5616 82.7132 10
v 79.5616 90.9947 10
v 64.6886 82.7132 10
v 63.6989 91.7486 10
v 77.8715 123.276 10
v 59.5248 134.163 16
v 59.5248 139.818 16
v 59.5248 134.163 0
v 59.5248 139.818 0
v 74.4797 139.818 0
v 74.4797 132.34 0
v 61.5469 132.34 0
v 61.5469 132.34 16
v 74.4797 132.34 16
v 74.4797 139.818 16
v 130.569 128.425 30
v 114.785 128.425 30
v 130.044 136.927 36
v 124.876 133.346 35.6091
v 122.463 130.625 36
v 122.481 130.621 36
v 122.499 130.616 36
v 122.518 130.612 36
v 122.534 130.609 36
v 122.718 130.592 35.9442
v 122.718 130.592 35.9442
v 122.75 130.595 35.9442
v 122.768 130.601 36
v 122.878 130.612 35.8883
v 122.878 130.612 35.8883
v 122.874 130.621 36
v 122.889 130.625 36
v 122.957 130.63 35.8325
v 122.957 130.63 35.8325
v 122.89 130.625 36
v 123.025 130.662 35.8883
v 123.099 130.691 35.8325
v 123.56 131.041 35.8325
v 123.63 131.114 35.8325
v 123.97 131.529 35.7394
v 122.314 130.679 36
v 122.466 130.625 36
v 122.688 130.596 36
v 122.736 130.598 36
v 122.653 130.597 36
v 124.499 132.44 35.6091
v 122.275 130.698 36
v 125.369 134.986 35.6649
v 115.31 136.927 36
v 114.785 128.425 0
v 114.785 156.38 0
v 114.785 156.38 30
v 130.569 128.425 0
v 130.569 156.38 0
v 130.569 156.38 30
v 130.044 147.877 36
v 122.633 154.207 36
v 122.666 154.208 36
v 115.31 147.877 36
v 123.04 154.125 36
v 123.06 154.116 36
v 122.219 154.078 36
v 122.684 154.208 36
v 122.586 154.203 36
v 122.769 154.203 36
v 122.585 154.203 36
v 122.785 154.201 36
v 122.801 154.198 36
v 122.551 154.198 36
v 122.804 154.198 36
v 122.549 154.198 36
v 122.817 154.195 36
v 122.82 154.195 36
v 122.837 154.192 36
v 122.498 154.188 36
v 122.87 154.184 36
v 122.482 154.184 36
v 122.873 154.184 36
v 122.465 154.179 36
v 122.891 154.179 36
v 122.464 154.179 36
v 122.957 154.164 35.9442
v 122.636 154.212 35.9442
v 122.476 154.192 35.8883
v 122.476 154.192 35.8883
v 122.397 154.174 35.8325
v 121.724 153.69 35.8325
v 121.724 153.69 35.8325
v 121.384 153.275 35.7394
v 121.225 153.042 35.6649
v 121.225 153.042 35.6649
v 121.134 152.889 35.6649
v 121.121 152.876 35.6091
v 121.653 153.611 35.8325
v 120.727 152.083 35.6091
v 120.727 152.083 35.6091
v 119.985 149.818 35.6649
v 120.602 151.782 35.6091
v 120.602 151.782 35.6091
v 89.7595 118.581 0
v 89.7595 118.581 38
v 89.7595 132.778 0
v 89.7595 132.778 38
v 106.999 118.581 0
v 100.717 118.581 0
v 106.999 132.778 0
v 96.4244 118.581 0
v 96.4244 118.581 38
v 100.717 118.581 38
v 106.999 118.581 38
v 106.999 132.778 38
v 154.39 88.7005 9
v 175.916 88.7005 15
v 154.39 114.29 15
v 154.39 114.29 0
v 154.39 97.6797 40
v 154.39 111.474 40
v 154.39 97.6797 0
v 154.39 88.7005 0
v 197.443 88.7005 0
v 197.443 88.7005 9
v 197.443 114.29 15
v 197.443 114.29 0
v 153.149 93.1191 0
v 153.056 92.9644 0
v 149.977 89.9361 0
v 154.029 95.1572 0
v 151.922 91.4882 0
v 154.39 97.6496 0
v 154.39 97.5895 0
v 145.39 88.6797 0
v 145.45 88.6799 0
v 144.39 88.6797 0
v 144.39 111.474 0
v 153.354 93.487 0
v 151.382 90.9646 0
v 147.506 88.9319 0
v 149.503 89.6744 0
v 153.409 93.5938 0
v 154.166 95.6812 0
v 154.191 95.7987 0
v 154.179 95.7399 0
v 152.359 91.9847 0
v 152.321 91.9383 0
v 154.21 95.887 0
v 152.582 92.2687 0
v 146.828 88.7953 0
v 152.618 92.3169 0
v 152.636 92.3411 0
v 153.722 94.2773 0
v 152.671 92.3896 0
v 148.765 89.3363 0
v 153.745 94.3331 0
v 153.767 94.389 0
v 152.81 92.5862 0
v 150.459 90.2428 0
v 153.872 94.6707 0
v 146.111 88.7086 0
v 154.368 97.0486 0
v 154.372 97.1086 0
v 153.977 94.9845 0
v 144.39 111.474 40
v 147.153 88.8541 40
v 151.668 91.2312 40
v 154.279 96.2718 40
v 152.045 91.6204 40
v 152.085 91.665 40
v 146.679 88.7725 40
v 146.739 88.7813 40
v 151.337 90.9247 40
v 146.59 88.76 40
v 146.53 88.7522 40
v 151.155 90.7682 40
v 152.302 91.9151 40
v 152.34 91.9615 40
v 146.111 88.7086 40
v 154.372 97.1086 40
v 152.582 92.2687 40
v 150.825 90.5061 40
v 150.777 90.4699 40
v 152.618 92.3169 40
v 153.892 94.7275 40
v 152.671 92.3896 40
v 154.38 97.2588 40
v 153.921 94.8129 40
v 152.707 92.4384 40
v 148.171 89.1202 40
v 152.793 92.5614 40
v 152.827 92.611 40
v 150.459 90.2428 40
v 154.387 97.4391 40
v 154.388 97.4992 40
v 154.39 97.6196 40
v 145.45 88.6799 40
v 145.39 88.6797 40
v 144.39 88.6797 40
v 150.208 90.0775 40
v 154.131 95.5349 40
v 153.34 93.4604 40
v 177.404 146.66 42
v 177.404 158.66 42
v 177.404 146.66 0
v 177.404 158.66 0
v 183.105 146.66 0
v 187.439 146.66 0
v 193.14 146.66 0
v 183.105 158.66 0
v 187.439 158.66 0
v 193.14 158.66 0
v 183.105 146.66 42
v 193.14 146.66 42
v 187.439 146.66 42
v 183.105 158.66 42
v 193.14 158.66 42
v 187.439 158.66 42
v 165.944 80.1383 0
v 165.944 80.1383 8
v 182.326 80.1383 0
v 182.326 80.1383 8
v 182.326 66.5518 0
v 156.204 66.5518 0
v 156.204 73.3451 0
v 156.204 66.5518 8
v 182.326 66.5518 8
v 156.204 73.3451 8
v 183.888 76.0165 38
v 183.888 80.1383 38
v 183.888 76.0165 0
v 183.888 80.1383 0
v 194.021 63.3075 0
v 183.888 63.3075 0
v 183.888 67.2576 0
v 194.021 80.1383 0
v 183.888 63.3075 38
v 194.021 63.3075 38
v 183.888 67.2576 38
v 194.021 80.1383 38
v 143.733 74.8988 20
v 143.733 74.8988 0
v 150.901 59.5796 0
v 144.813 59.5796 0
v 150.901 74.8988 0
v 140.492 62.1328 0
v 140.492 73.4258 0
v 140.492 73.4258 20
v 144.813 59.5796 20
v 150.901 59.5796 20
v 150.901 74.8988 20
v 140.492 62.1328 20
v 157.14 132.361 42
v 157.14 126.66 42
v 169.14 126.66 42
v 157.14 142.396 42
v 157.14 136.695 42
v 169.14 132.361 42
v 169.14 142.396 42
v 169.14 136.695 42
v 157.14 136.695 0
v 157.14 142.396 0
v 157.14 132.361 0
v 157.14 126.66 0
v 169.14 126.66 0
v 169.14 132.361 0
v 169.14 136.695 0
v 169.14 142.396 0
v 165.83 131.619 48
v 161.376 131.619 48
v 161.376 137.188 48
v 165.83 137.188 48
v 171.246 139.593 0
v 171.246 139.593 10
v 187.603 139.593 10
v 187.603 139.593 0
v 193.396 120.851 0
v 171.246 120.851 0
v 193.396 136.526 0
v 171.246 120.851 10
v 193.396 120.851 10
v 193.396 136.526 10
v 197.53 97.6797 0
v 197.53 97.6797 40
v 197.53 111.474 0
v 197.53 111.474 40
v 200.145 91.3371 0
v 200.187 91.2945 0
v 197.671 96.0938 0
v 198.404 93.8096 0
v 200.426 91.0657 0
v 202.796 89.4908 0
v 200.628 90.8851 0
v 197.581 96.719 0
v 200.835 90.7107 0
v 205.809 88.7086 0
v 198.11 94.5013 0
v 205.869 88.704 0
v 201.143 90.4699 0
v 201.191 90.4341 0
v 206.139 88.6882 0
v 201.313 90.3459 0
v 206.199 88.6858 0
v 203.806 89.1018 0
v 197.925 95.042 0
v 197.53 97.6196 0
v 197.53 97.5895 0
v 207.53 88.6797 0
v 207.53 111.474 0
v 198.711 93.2232 0
v 200.835 90.7107 40
v 197.671 96.0938 40
v 205.989 88.696 40
v 205.929 88.6998 40
v 205.869 88.704 40
v 200.426 91.0657 40
v 205.809 88.7086 40
v 197.581 96.719 40
v 205.39 88.7522 40
v 205.33 88.76 40
v 197.53 97.5895 40
v 197.53 97.6196 40
v 203.806 89.1018 40
v 202.796 89.4908 40
v 198.131 94.445 40
v 198.11 94.5013 40
v 198.048 94.6707 40
v 197.925 95.042 40
v 201.313 90.3459 40
v 207.53 88.6797 40
v 207.53 111.474 40
v 219.634 149.678 44
v 219.634 91.2772 44
v 227.68 93.461 50
v 227.68 147.494 50
v 219.634 149.678 0
v 237.283 149.678 0
v 237.283 149.678 44
v 219.634 91.2772 0
v 237.283 91.2772 0
v 237.283 91.2772 44
v 229.237 93.461 50
v 229.237 147.494 50
v 205.362 52.7259 36
v 223.684 52.7259 36
v 205.362 77.0552 36
v 223.684 77.0552 36
v 205.362 52.7259 0
v 205.362 77.0552 0
v 223.684 52.7259 0
v 223.684 77.0552 0
v 219.104 58.8906 42
v 209.943 58.8906 42
v 209.943 70.8906 42
v 219.104 70.8906 42
v 28.7004 53.9767 0
v 28.7004 70.609 0
v 38.1716 53.9767 44
v 38.1716 53.9767 0
v 38.1716 70.609 44
v 38.1716 70.609 0
v 202.244 121.702 0
v 202.244 121.702 12
v 202.244 157.526 0
v 202.244 157.526 12
v 213.278 157.526 0
v 213.278 121.702 0
v 213.278 121.702 12
v 213.278 157.526 12
v 38.0867 26.6702 54
v 40.4492 29.0327 54
v 35.8025 28.9544 54
v 38.165 31.3169 54
v 96.9367 68.1665 9.02311
v 119.175 136.402 30
v 126.179 136.402 30
v 123.151 130.725 35.8883
v 123.97 131.53 35.7394
v 126.179 148.402 30
v 119.175 148.402 30
v 122.203 154.079 35.8883
v 121.384 153.274 35.7394
v 41.8809 27.601 54
v 39.5184 25.2385 54
v 36.655 25.2385 54
v 41.8809 30.4644 54
v 34.3708 27.5227 54
v 34.3708 30.3861 54
v 39.5967 32.7486 54
v 36.7333 32.7486 54
v 35.8025 28.9544 58
v 38.165 31.3169 58
v 40.4492 29.0327 58
v 38.0867 26.6702 58
v 116.079 117.854 30
v 116.105 117.864 30
v 115.341 95.1128 30
v 115.361 95.0925 30
v 116.146 117.878 30
v 115.411 95.043 30
v 116.186 117.891 30
v 115.322 95.1334 30
v 121.161 94.8397 30
v 116.199 117.895 30
v 121.185 94.8557 30
v 115.312 95.1438 30
v 116.24 117.907 30
v 116.213 117.899 30
v 115.432 95.0238 30
v 116.254 117.911 30
v 116.295 117.922 30
v 121.231 94.8887 30
v 121.208 94.8721 30
v 115.453 95.0048 30
v 116.336 117.932 30
v 115.303 95.1542 30
v 116.364 117.938 30
v 121.265 94.9143 30
v 116.378 117.941 30
v 116.405 117.946 30
v 116.419 117.949 30
v 115.464 94.9954 30
v 116.461 117.956 30
v 116.489 117.961 30
v 116.517 117.965 30
v 116.559 117.97 30
v 116.531 117.966 30
v 115.22 95.2513 30
v 115.238 95.2293 30
v 116.587 117.973 30
v 120.211 94.5039 30
v 115.211 95.2624 30
v 116.658 117.979 30
v 121.405 95.0334 30
v 121.384 95.0142 30
v 116.7 117.981 30
v 121.425 95.0528 30
v 121.436 95.0626 30
v 116.714 117.981 30
v 115.584 94.8972 30
v 116.757 117.982 30
v 116.771 117.983 30
v 115.177 95.3074 30
v 115.194 95.2848 30
v 115.203 95.2736 30
v 121.476 95.1027 30
v 120.533 109.998 30
v 115.607 94.8803 30
v 121.505 95.1334 30
v 121.485 95.1128 30
v 115.619 94.8721 30
v 120.056 117.983 30
v 115.169 95.3189 30
v 120.07 117.982 30
v 121.514 95.1438 30
v 115.63 94.8638 30
v 120.112 117.981 30
v 121.552 95.186 30
v 120.126 117.981 30
v 122.04 116.068 30
v 122.041 116.039 30
v 115.653 94.8477 30
v 121.571 95.2075 30
v 122.038 116.096 30
v 115.112 95.4003 30
v 122.037 116.124 30
v 115.689 94.824 30
v 122.034 116.152 30
v 115.097 95.4241 30
v 122.032 116.18 30
v 115.701 94.8163 30
v 121.65 95.3074 30
v 121.658 95.3189 30
v 115.736 94.7937 30
v 122.029 116.209 30
v 121.699 95.3768 30
v 121.714 95.4003 30
v 120.296 117.966 30
v 122.025 116.237 30
v 115.761 94.779 30
v 120.31 117.965 30
v 121.73 95.4241 30
v 122.022 116.265 30
v 120.338 117.961 30
v 121.759 95.4723 30
v 121.737 95.4361 30
v 121.745 95.4481 30
v 122.02 116.279 30
v 115.797 94.7576 30
v 115.773 94.7718 30
v 121.774 95.4967 30
v 115.039 95.5213 30
v 115.053 95.4967 30
v 122.013 116.321 30
v 115.822 94.7438 30
v 115.847 94.7304 30
v 121.827 95.5963 30
v 121.834 95.609 30
v 115.872 94.7173 30
v 121.99 116.432 30
v 114.993 95.609 30
v 120.532 117.922 30
v 121.987 116.445 30
v 121.881 95.7118 30
v 121.87 95.6858 30
v 114.981 95.6344 30
v 121.977 116.487 30
v 115.923 94.6922 30
v 121.892 95.7379 30
v 120.559 117.914 30
v 121.903 95.7641 30
v 121.973 116.5 30
v 114.974 95.6472 30
v 115.936 94.6861 30
v 114.957 95.6858 30
v 121.945 95.8841 30
v 121.95 95.8976 30
v 120.681 117.878 30
v 121.958 95.9246 30
v 114.935 95.7379 30
v 114.929 95.751 30
v 121.97 95.9654 30
v 120.708 117.868 30
v 116.053 94.6357 30
v 121.973 95.9791 30
v 121.987 96.034 30
v 116.079 94.6255 30
v 120.787 117.838 30
v 121.994 96.0615 30
v 120.813 117.828 30
v 122 96.0892 30
v 121.881 116.768 30
v 120.839 117.817 30
v 121.87 116.794 30
v 122.008 96.1309 30
v 122.01 96.1448 30
v 114.886 95.8706 30
v 114.881 95.8841 30
v 121.834 116.87 30
v 116.172 94.5929 30
v 122.023 96.2286 30
v 121.821 116.896 30
v 122.027 96.2567 30
v 116.199 94.5844 30
v 121.808 116.921 30
v 114.865 95.9382 30
v 116.227 94.5763 30
v 121.005 117.736 30
v 120.967 117.756 30
v 121.794 116.946 30
v 116.24 94.5724 30
v 114.857 95.9654 30
v 122.04 96.4118 30
v 116.267 94.5649 30
v 121.066 117.7 30
v 122.04 96.426 30
v 114.846 96.0065 30
v 121.09 117.686 30
v 116.295 94.5577 30
v 122.041 96.4826 30
v 122.042 96.4967 30
v 114.839 96.034 30
v 120.533 103.233 30
v 116.322 94.551 30
v 121.102 117.678 30
v 116.271 103.233 30
v 121.73 117.055 30
v 116.271 109.998 30
v 121.699 117.103 30
v 114.786 116.025 30
v 114.785 116.011 30
v 121.196 117.616 30
v 114.789 116.11 30
v 121.666 117.149 30
v 121.683 117.126 30
v 114.791 116.138 30
v 121.65 117.172 30
v 121.208 117.607 30
v 114.795 116.18 30
v 114.792 116.152 30
v 121.633 117.195 30
v 114.819 96.1309 30
v 114.796 116.195 30
v 121.276 117.556 30
v 114.821 96.1169 30
v 121.615 117.217 30
v 121.287 117.548 30
v 114.803 116.251 30
v 114.809 116.293 30
v 114.807 96.2006 30
v 121.589 117.25 30
v 121.606 117.228 30
v 121.571 117.272 30
v 114.812 116.307 30
v 114.803 96.2286 30
v 121.342 117.503 30
v 114.819 116.348 30
v 114.821 116.362 30
v 121.543 117.304 30
v 121.352 117.493 30
v 121.373 117.475 30
v 114.827 116.39 30
v 114.798 96.2708 30
v 114.801 96.2427 30
v 121.394 117.456 30
v 114.833 116.418 30
v 121.514 117.336 30
v 121.534 117.315 30
v 121.505 117.346 30
v 114.839 116.445 30
v 121.485 117.367 30
v 114.846 116.473 30
v 114.853 116.5 30
v 114.792 96.3271 30
v 114.796 96.2848 30
v 116.615 94.5039 30
v 116.644 94.5017 30
v 114.877 116.582 30
v 114.869 116.555 30
v 114.89 116.622 30
v 114.881 116.595 30
v 114.899 116.649 30
v 114.787 96.4118 30
v 114.788 96.3836 30
v 114.909 116.676 30
v 114.786 96.4401 30
v 114.785 96.4684 30
v 114.974 116.832 30
v 114.963 116.806 30
v 114.987 116.858 30
v 114.957 116.794 30
v 115.012 116.908 30
v 114.999 116.883 30
v 115.067 117.007 30
v 115.053 116.983 30
v 115.082 117.031 30
v 120.239 94.5065 30
v 115.097 117.055 30
v 115.112 117.079 30
v 115.128 117.103 30
v 115.152 117.138 30
v 115.169 117.16 30
v 115.177 117.172 30
v 120.393 94.5279 30
v 115.211 117.217 30
v 115.194 117.195 30
v 120.421 94.5331 30
v 115.247 117.261 30
v 115.256 117.272 30
v 115.274 117.293 30
v 115.293 117.315 30
v 115.312 117.336 30
v 120.573 94.5686 30
v 115.381 117.407 30
v 115.401 117.427 30
v 120.614 94.5803 30
v 120.586 94.5724 30
v 115.422 117.446 30
v 120.641 94.5886 30
v 115.443 117.465 30
v 115.453 117.475 30
v 115.474 117.493 30
v 120.681 94.6017 30
v 120.654 94.5929 30
v 115.507 117.521 30
v 115.518 117.53 30
v 120.708 94.611 30
v 120.721 94.6157 30
v 115.551 117.556 30
v 115.562 117.565 30
v 120.748 94.6255 30
v 115.596 117.591 30
v 115.573 117.574 30
v 120.774 94.6357 30
v 115.653 117.632 30
v 115.63 117.616 30
v 115.689 117.655 30
v 115.712 117.671 30
v 115.736 117.686 30
v 115.749 117.693 30
v 115.797 117.722 30
v 115.761 117.7 30
v 115.822 117.736 30
v 120.98 94.7304 30
v 120.955 94.7173 30
v 115.923 117.787 30
v 115.948 117.799 30
v 121.287 117.548 0
v 121.276 117.556 0
v 122.013 116.321 0
v 120.056 117.983 0
v 122.02 116.279 0
v 120.07 117.982 0
v 122.022 116.265 0
v 121.342 117.503 0
v 121.352 117.493 0
v 122.025 116.237 0
v 120.112 117.981 0
v 120.126 117.981 0
v 122.029 116.209 0
v 121.373 117.475 0
v 122.032 116.18 0
v 121.394 117.456 0
v 122.034 116.152 0
v 122.037 116.124 0
v 120.211 117.975 0
v 122.038 116.096 0
v 122.04 116.068 0
v 121.485 117.367 0
v 122.041 116.039 0
v 120.296 117.966 0
v 121.505 117.346 0
v 120.31 117.965 0
v 121.514 117.336 0
v 120.338 117.961 0
v 121.534 117.315 0
v 121.543 117.304 0
v 121.571 117.272 0
v 121.589 117.25 0
v 121.606 117.228 0
v 121.615 117.217 0
v 121.633 117.195 0
v 121.65 117.172 0
v 120.532 117.922 0
v 121.666 117.149 0
v 120.559 117.914 0
v 121.683 117.126 0
v 121.699 117.103 0
v 121.73 117.055 0
v 120.681 117.878 0
v 120.708 117.868 0
v 121.794 116.946 0
v 121.808 116.921 0
v 120.813 117.828 0
v 121.821 116.896 0
v 120.839 117.817 0
v 121.834 116.87 0
v 121.87 116.794 0
v 121.881 116.768 0
v 120.967 117.756 0
v 121.005 117.736 0
v 121.029 117.722 0
v 121.066 117.7 0
v 121.09 117.686 0
v 121.102 117.678 0
v 121.973 116.5 0
v 121.977 116.487 0
v 121.981 116.473 0
v 121.196 117.616 0
v 121.987 116.445 0
v 121.208 117.607 0
v 121.99 116.432 0
v 116.419 117.949 0
v 116.461 117.956 0
v 115.247 117.261 0
v 114.785 116.011 0
v 116.489 117.961 0
v 115.256 117.272 0
v 114.786 116.025 0
v 116.517 117.965 0
v 115.274 117.293 0
v 116.531 117.966 0
v 115.293 117.315 0
v 116.559 117.97 0
v 115.312 117.336 0
v 116.587 117.973 0
v 114.789 116.11 0
v 114.791 116.138 0
v 114.792 116.152 0
v 116.658 117.979 0
v 114.795 116.18 0
v 115.381 117.407 0
v 114.796 116.195 0
v 116.7 117.981 0
v 116.714 117.981 0
v 115.401 117.427 0
v 115.422 117.446 0
v 116.757 117.982 0
v 115.443 117.465 0
v 116.771 117.983 0
v 115.453 117.475 0
v 114.809 116.293 0
v 114.812 116.307 0
v 115.474 117.493 0
v 115.485 117.503 0
v 114.819 116.348 0
v 114.821 116.362 0
v 114.827 116.39 0
v 115.551 117.556 0
v 115.562 117.565 0
v 115.573 117.574 0
v 114.839 116.445 0
v 115.596 117.591 0
v 114.846 116.473 0
v 114.853 116.5 0
v 115.63 117.616 0
v 115.653 117.632 0
v 114.869 116.555 0
v 115.689 117.655 0
v 114.877 116.582 0
v 115.712 117.671 0
v 114.881 116.595 0
v 115.736 117.686 0
v 114.89 116.622 0
v 115.749 117.693 0
v 115.761 117.7 0
v 114.899 116.649 0
v 114.909 116.676 0
v 115.797 117.722 0
v 115.822 117.736 0
v 114.957 116.794 0
v 114.963 116.806 0
v 115.923 117.787 0
v 114.974 116.832 0
v 115.948 117.799 0
v 114.987 116.858 0
v 114.999 116.883 0
v 116.013 117.828 0
v 115.012 116.908 0
v 116.039 117.838 0
v 115.032 116.946 0
v 116.105 117.864 0
v 115.067 117.007 0
v 116.146 117.878 0
v 115.082 117.031 0
v 116.186 117.891 0
v 115.097 117.055 0
v 116.199 117.895 0
v 116.213 117.899 0
v 115.112 117.079 0
v 116.24 117.907 0
v 116.254 117.911 0
v 115.128 117.103 0
v 116.295 117.922 0
v 116.336 117.932 0
v 115.169 117.16 0
v 115.177 117.172 0
v 116.364 117.938 0
v 116.378 117.941 0
v 115.194 117.195 0
v 116.405 117.946 0
v 115.211 117.217 0
v 114.819 96.1309 0
v 114.807 96.2006 0
v 114.801 96.2427 0
v 115.464 94.9954 0
v 115.453 95.0048 0
v 114.798 96.2708 0
v 114.796 96.2848 0
v 116.672 94.4999 0
v 115.432 95.0238 0
v 116.644 94.5017 0
v 115.411 95.043 0
v 114.792 96.3271 0
v 116.615 94.5039 0
v 114.788 96.3836 0
v 115.361 95.0925 0
v 114.787 96.4118 0
v 115.341 95.1128 0
v 114.786 96.4401 0
v 115.322 95.1334 0
v 115.312 95.1438 0
v 114.785 96.4684 0
v 115.303 95.1542 0
v 115.211 95.2624 0
v 115.203 95.2736 0
v 115.194 95.2848 0
v 116.322 94.551 0
v 115.177 95.3074 0
v 115.169 95.3189 0
v 116.295 94.5577 0
v 116.267 94.5649 0
v 116.24 94.5724 0
v 116.227 94.5763 0
v 116.199 94.5844 0
v 115.112 95.4003 0
v 115.097 95.4241 0
v 116.172 94.5929 0
v 116.079 94.6255 0
v 115.039 95.5213 0
v 116.053 94.6357 0
v 114.974 95.6472 0
v 115.936 94.6861 0
v 115.923 94.6922 0
v 114.957 95.6858 0
v 115.872 94.7173 0
v 114.935 95.7379 0
v 114.929 95.751 0
v 115.847 94.7304 0
v 115.822 94.7438 0
v 115.797 94.7576 0
v 115.773 94.7718 0
v 115.761 94.779 0
v 114.886 95.8706 0
v 115.736 94.7937 0
v 114.881 95.8841 0
v 115.701 94.8163 0
v 114.865 95.9382 0
v 115.689 94.824 0
v 114.857 95.9654 0
v 115.653 94.8477 0
v 114.846 96.0065 0
v 115.63 94.8638 0
v 115.619 94.8721 0
v 114.839 96.034 0
v 115.607 94.8803 0
v 115.584 94.8972 0
v 114.821 96.1169 0
v 120.393 94.5279 0
v 122.042 96.4967 0
v 122.041 96.4826 0
v 121.571 95.2075 0
v 121.552 95.186 0
v 122.04 96.426 0
v 122.04 96.4118 0
v 122.038 96.3836 0
v 121.514 95.1438 0
v 120.239 94.5065 0
v 121.505 95.1334 0
v 120.211 94.5039 0
v 121.485 95.1128 0
v 121.476 95.1027 0
v 121.436 95.0626 0
v 121.425 95.0528 0
v 122.027 96.2567 0
v 121.405 95.0334 0
v 122.023 96.2286 0
v 121.384 95.0142 0
v 122.01 96.1448 0
v 122.008 96.1309 0
v 121.32 94.9586 0
v 121.298 94.9406 0
v 122 96.0892 0
v 121.265 94.9143 0
v 121.994 96.0615 0
v 121.987 96.034 0
v 121.231 94.8887 0
v 121.981 96.0065 0
v 121.208 94.8721 0
v 121.973 95.9791 0
v 121.185 94.8557 0
v 121.97 95.9654 0
v 121.161 94.8397 0
v 121.95 95.8976 0
v 121.945 95.8841 0
v 121.937 95.8572 0
v 121.903 95.7641 0
v 120.98 94.7304 0
v 121.892 95.7379 0
v 120.955 94.7173 0
v 121.881 95.7118 0
v 121.87 95.6858 0
v 121.834 95.609 0
v 121.827 95.5963 0
v 120.774 94.6357 0
v 120.748 94.6255 0
v 120.721 94.6157 0
v 121.774 95.4967 0
v 120.708 94.611 0
v 121.759 95.4723 0
v 120.681 94.6017 0
v 121.745 95.4481 0
v 120.654 94.5929 0
v 120.641 94.5886 0
v 121.737 95.4361 0
v 121.73 95.4241 0
v 120.614 94.5803 0
v 121.714 95.4003 0
v 120.586 94.5724 0
v 120.573 94.5686 0
v 121.699 95.3768 0
v 121.658 95.3189 0
v 121.65 95.3074 0
v 100.349 143.893 0
v 100.349 143.893 14
v 80.4427 31.3012 54
v 86.02 31.3012 54
v 86.02 45.1807 54
v 80.4427 45.1807 54
v 17.0774 105.184 30
v 9.80747 105.184 30
v 17.0774 118.441 30
v 9.80747 118.441 30
v 61.7008 54.5631 56.7268
v 61.7022 54.5631 56.7835
v 61.7831 54.5631 57.7139
v 61.7915 54.5631 57.7699
v 61.867 54.5631 58.1879
v 61.8788 54.5631 58.2433
v 63.5848 73.0942 61.716
v 63.5484 73.0942 61.6726
v 63.3367 73.0942 61.4068
v 63.3025 73.0942 61.3616
v 62.9029 73.0942 60.7775
v 62.8732 73.0942 60.7293
v 61.8003 73.0942 57.8259
v 61.7915 73.0942 57.7699
v 61.7831 73.0942 57.7139
v 62.648 73.0942 60.3362
v 62.6214 73.0942 60.2862
v 62.5952 73.0942 60.236
v 61.7171 73.0942 57.0946
v 61.7135 73.0942 57.0381
v 62.364 73.0942 59.7503
v 61.704 73.0942 56.8401
v 59.1942 87.0554 40
v 59.1942 92.1761 40
v 58.6855 99.7416 40
v 58.7029 99.7316 40
v 58.5488 79.9768 40
v 58.5676 79.9842 40
v 58.2948 99.8656 40
v 58.2747 99.8674 40
v 59.1602 80.653 40
v 59.1652 80.6725 40
v 59.1829 80.7614 40
v 59.1857 80.7813 40
v 58.3447 79.9232 40
v 58.3248 79.9204 40
v 58.2948 79.9169 40
v 58.2747 79.9151 40
v 58.2647 79.9143 40
v 58.2446 79.9131 40
v 58.5582 99.802 40
v 58.5394 99.8092 40
v 59.1857 80.7813 0
v 59.1829 80.7614 0
v 59.1652 80.6725 0
v 59.1602 80.653 0
v 58.3447 79.9232 0
v 58.3248 79.9204 0
v 58.2948 79.9169 0
v 58.2747 79.9151 0
v 58.2647 79.9143 0
v 58.2446 79.9131 0
v 59.1942 87.0554 0
v 59.1942 92.1761 0
v 58.2747 99.8674 0
v 58.2948 99.8656 0
v 58.4821 99.8283 0
v 58.5394 99.8092 0
v 58.5582 99.802 0
v 59.1892 98.9711 0
v 59.191 98.9511 0
v 58.6855 99.7416 0
v 58.7029 99.7316 0
v 58.9688 99.5031 0
v 103.709 61.3713 9
v 103.709 74.9171 9
v 103.709 67.4155 15.7336
v 103.709 67.4674 15.739
v 103.709 74.1718 12.0888
v 103.709 74.1954 12.0423
v 103.709 61.3914 9.521
v 103.709 74.2641 11.9017
v 103.709 74.2415 11.9487
v 103.709 61.3876 9.46898
v 103.709 63.659 14.0749
v 103.709 63.6982 14.1093
v 103.709 61.3798 9.33884
v 103.709 67.8314 15.7657
v 103.709 61.3774 9.28675
v 103.709 67.8835 15.7679
v 103.709 68.0921 15.7727
v 103.709 68.0399 15.7721
v 103.709 61.3715 9.05215
v 103.709 61.3721 9.1043
v 103.709 62.8028 13.1643
v 103.709 68.2485 15.7721
v 103.709 62.7709 13.1231
v 103.709 68.3007 15.7711
v 103.709 68.3528 15.7697
v 103.709 68.8729 15.7336
v 103.709 68.8211 15.739
v 103.709 69.2089 15.6887
v 103.709 69.1574 15.6967
v 103.709 69.2604 15.6803
v 103.709 70.712 15.2673
v 103.709 70.7602 15.2473
v 103.709 65.219 15.1086
v 103.709 65.2661 15.131
v 103.709 71.5532 14.8524
v 103.709 71.5982 14.826
v 103.709 71.643 14.7992
v 103.709 61.7651 11.2756
v 103.709 72.1421 14.4671
v 103.709 72.0999 14.4977
v 103.709 61.7477 11.2264
v 103.709 66.5175 15.5746
v 103.709 66.5682 15.587
v 103.709 61.5338 10.4744
v 103.709 61.5226 10.4235
v 103.709 66.8485 15.6478
v 103.709 66.8997 15.6576
v 103.709 66.951 15.667
v 96.9367 68.1122 9.00241
v 96.9367 68.1251 9.02582
v 96.9366 68.1551 9.01588
v 96.9368 68.1754 9.04086
v 96.9367 68.171 9.02773
v 96.9366 68.1568 9.00289
v 96.9366 68.1263 9.01361
v 96.9366 68.1407 9.00536
v 96.9367 68.134 9.02703
v 96.9366 68.1458 9.00283
v 96.9366 68.152 9.01408
v 96.9367 68.1609 9.02361
v 96.9366 68.1598 9.01624
v 96.9366 68.1536 9.00217
v 96.9366 68.1369 9.01056
v 96.9366 68.1415 9.00924
v 96.9366 68.143 9.00631
v 96.9366 68.1512 9.01266
v 96.9366 68.1415 9.0049
v 96.9366 68.1442 9.00241
v 96.9366 68.1441 9.00883
v 96.9366 68.1531 9.01141
v 96.9366 68.1504 9.00636
v 96.9366 68.1372 9.00538
v 96.9366 68.1504 9.00845
v 96.9366 68.1434 9.00352
v 34.5515 117.228 14
v 34.5333 117.219 14
v 34.4972 117.202 14
v 32.6453 115.36 14
v 44.734 119.312 14
v 44.734 121.456 14
v 34.4613 117.185 14
v 41.2853 119.312 14
v 38.7053 117.601 14
v 32.6721 115.413 14
v 34.3899 117.148 14
v 32.6997 115.467 14
v 34.3722 117.139 14
v 36.1979 117.601 14
v 32.7185 115.502 14
v 36.1379 117.6 14
v 36.1179 117.599 14
v 32.7573 115.572 14
v 32.7377 115.537 14
v 32.7281 115.519 14
v 36.0979 117.598 14
v 32.7772 115.607 14
v 34.1633 117.021 14
v 34.1292 117 14
v 32.8495 115.727 14
v 32.8602 115.743 14
v 35.8384 117.581 14
v 35.7986 117.577 14
v 33.9783 116.901 14
v 35.7588 117.572 14
v 33.9454 116.879 14
v 35.6993 117.564 14
v 33.9128 116.856 14
v 35.6795 117.562 14
v 33.8803 116.832 14
v 33.8481 116.808 14
v 32.2859 114.219 14
v 35.6201 117.553 14
v 35.6003 117.55 14
v 32.2923 114.258 14
v 35.5608 117.543 14
v 33.1285 116.117 14
v 33.1411 116.133 14
v 32.3177 114.396 14
v 32.31 114.357 14
v 33.1795 116.179 14
v 33.5993 116.607 14
v 35.345 117.5 14
v 33.5693 116.581 14
v 35.3841 117.509 14
v 32.3388 114.494 14
v 32.348 114.533 14
v 33.5397 116.554 14
v 35.2866 117.486 14
v 33.5102 116.527 14
v 32.3575 114.572 14
v 32.3624 114.591 14
v 33.3122 116.329 14
v 33.3396 116.358 14
v 35.2478 117.476 14
v 33.3535 116.372 14
v 32.3725 114.63 14
v 35.1898 117.461 14
v 35.2284 117.471 14
v 32.3777 114.649 14
v 33.3674 116.386 14
v 32.3884 114.688 14
v 35.1705 117.456 14
v 35.1319 117.445 14
v 35.0744 117.428 14
v 35.0362 117.416 14
v 34.9222 117.378 14
v 34.9033 117.372 14
v 41.2853 121.456 14
v 34.8657 117.358 14
v 32.5618 115.178 14
v 32.5462 115.141 14
v 34.6427 117.269 14
v 34.5878 117.245 14
v 34.5696 117.236 14
v 38.7053 117.601 0
v 33.8803 116.832 0
v 33.9128 116.856 0
v 33.9454 116.879 0
v 33.9783 116.901 0
v 34.1292 117 0
v 34.1633 117.021 0
v 34.3722 117.139 0
v 34.3899 117.148 0
v 32.2859 114.219 0
v 34.4613 117.185 0
v 32.2923 114.258 0
v 34.4972 117.202 0
v 34.5333 117.219 0
v 34.5515 117.228 0
v 32.31 114.357 0
v 34.5696 117.236 0
v 32.3177 114.396 0
v 34.6427 117.269 0
v 32.3388 114.494 0
v 32.348 114.533 0
v 32.3575 114.572 0
v 32.3624 114.591 0
v 34.8281 117.344 0
v 32.3725 114.63 0
v 32.3777 114.649 0
v 34.8657 117.358 0
v 34.9033 117.372 0
v 32.3884 114.688 0
v 34.9222 117.378 0
v 34.998 117.404 0
v 35.0362 117.416 0
v 35.1319 117.445 0
v 35.1705 117.456 0
v 35.1898 117.461 0
v 35.2284 117.471 0
v 35.2866 117.486 0
v 35.345 117.5 0
v 35.3841 117.509 0
v 32.5462 115.141 0
v 32.5618 115.178 0
v 35.5608 117.543 0
v 35.6003 117.55 0
v 35.6201 117.553 0
v 35.6597 117.559 0
v 35.6795 117.562 0
v 32.6453 115.36 0
v 35.6993 117.564 0
v 32.6721 115.413 0
v 35.7588 117.572 0
v 35.7986 117.577 0
v 32.6997 115.467 0
v 35.8384 117.581 0
v 32.7185 115.502 0
v 32.7281 115.519 0
v 32.7377 115.537 0
v 32.7573 115.572 0
v 32.7772 115.607 0
v 36.0979 117.598 0
v 36.1179 117.599 0
v 36.1379 117.6 0
v 32.8495 115.727 0
v 32.8602 115.743 0
v 36.1979 117.601 0
v 33.1285 116.117 0
v 33.1411 116.133 0
v 33.1795 116.179 0
v 33.3122 116.329 0
v 33.3396 116.358 0
v 33.3535 116.372 0
v 33.3674 116.386 0
v 33.5102 116.527 0
v 33.5397 116.554 0
v 33.5693 116.581 0
v 33.5993 116.607 0
v 33.8481 116.808 0
v 90.918 96.581 30
v 90.918 96.581 0
v 84.5419 105.729 0
v 84.682 105.749 0
v 84.5838 105.736 0
v 84.6258 105.742 0
v 84.7101 105.752 0
v 84.7666 105.756 0
v 84.7807 105.757 0
v 84.8231 105.759 0
v 84.8514 105.76 0
v 83.5409 82.9902 0
v 83.4305 83.0999 0
v 83.4113 83.1207 0
v 84.809 105.758 0
v 84.7948 105.758 0
v 83.5619 82.9712 0
v 89.0028 105.758 0
v 89.017 105.758 0
v 90.5829 83.355 0
v 90.5984 83.3786 0
v 83.3028 83.2513 0
v 83.2858 83.2739 0
v 89.1017 105.752 0
v 89.1298 105.749 0
v 89.1579 105.746 0
v 90.664 83.4878 0
v 90.6776 83.5126 0
v 90.8938 104.07 0
v 90.8892 104.098 0
v 89.3255 105.718 0
v 90.7941 83.7703 0
v 89.3393 105.715 0
v 89.3669 105.709 0
v 90.8037 83.7969 0
v 89.3807 105.706 0
v 83.1478 83.4878 0
v 89.4082 105.699 0
v 89.4356 105.692 0
v 83.1342 83.5126 0
v 89.4629 105.684 0
v 89.49 105.676 0
v 89.5036 105.672 0
v 90.8303 104.346 0
v 90.8218 104.373 0
v 90.8174 104.386 0
v 89.5306 105.664 0
v 89.5575 105.655 0
v 90.8084 104.413 0
v 90.7989 104.44 0
v 89.5976 105.641 0
v 89.5709 105.65 0
v 89.6241 105.631 0
v 90.9119 84.3077 0
v 89.6768 105.61 0
v 90.9139 84.3359 0
v 89.6899 105.605 0
v 89.7029 105.599 0
v 90.918 90.5335 0
v 89.7802 105.565 0
v 89.8184 105.546 0
v 90.6974 104.673 0
v 90.7101 104.648 0
v 89.8435 105.533 0
v 82.894 103.788 0
v 82.8946 103.817 0
v 90.6909 104.686 0
v 90.6776 104.711 0
v 90.6708 104.723 0
v 89.8561 105.526 0
v 90.657 104.748 0
v 90.6357 104.784 0
v 90.621 104.809 0
v 90.606 104.833 0
v 89.9906 105.448 0
v 90.5906 104.856 0
v 90.0143 105.433 0
v 90.567 104.892 0
v 90.559 104.903 0
v 90.5426 104.926 0
v 90.5343 104.938 0
v 90.0843 105.385 0
v 90.5175 104.961 0
v 90.1186 105.36 0
v 82.9481 104.223 0
v 82.9514 104.236 0
v 82.962 104.278 0
v 82.9695 104.305 0
v 82.9815 104.346 0
v 82.99 104.373 0
v 82.9988 104.399 0
v 90.2499 105.252 0
v 90.2709 105.233 0
v 83.0177 104.453 0
v 90.2916 105.214 0
v 90.312 105.194 0
v 83.0328 104.493 0
v 82.9138 84.1811 0
v 82.91 84.2091 0
v 82.9066 84.2372 0
v 83.0773 104.597 0
v 83.1017 104.648 0
v 83.1144 104.673 0
v 83.0832 104.609 0
v 82.901 84.2936 0
v 82.8988 84.3218 0
v 82.897 84.35 0
v 82.8956 84.3783 0
v 83.2858 104.949 0
v 83.2943 104.961 0
v 88.9321 82.4632 0
v 88.9604 82.4636 0
v 83.3832 105.071 0
v 88.9887 82.4644 0
v 89.017 82.4656 0
v 83.4019 105.092 0
v 83.4209 105.113 0
v 83.4305 105.123 0
v 83.4499 105.144 0
v 83.4697 105.164 0
v 83.4796 105.174 0
v 83.4998 105.194 0
v 83.5202 105.214 0
v 83.5725 105.261 0
v 83.5619 105.252 0
v 83.5514 105.242 0
v 83.5409 105.233 0
v 83.5305 105.223 0
v 83.6707 105.342 0
v 83.6932 105.36 0
v 83.7274 105.385 0
v 83.739 105.393 0
v 83.7622 105.409 0
v 83.7975 105.433 0
v 83.8212 105.448 0
v 83.9061 105.499 0
v 83.9308 105.513 0
v 83.9557 105.526 0
v 83.9682 105.533 0
v 83.9808 105.539 0
v 83.9934 105.546 0
v 84.0188 105.558 0
v 84.0061 105.552 0
v 84.0572 105.577 0
v 84.083 105.588 0
v 84.1089 105.599 0
v 84.1219 105.605 0
v 84.1481 105.616 0
v 84.2276 105.646 0
v 84.2543 105.655 0
v 84.2812 105.664 0
v 84.3489 105.684 0
v 84.3625 105.688 0
v 84.4863 105.718 0
v 84.5141 105.724 0
v 90.1411 82.8808 0
v 90.1634 82.8982 0
v 84.5698 105.734 0
v 84.6539 105.746 0
v 84.682 105.749 30
v 84.5419 105.729 30
v 84.5838 105.736 30
v 84.6258 105.742 30
v 84.7101 105.752 30
v 84.7666 105.756 30
v 84.7807 105.757 30
v 84.8514 105.76 30
v 84.8231 105.759 30
v 83.5409 82.9902 30
v 84.809 105.758 30
v 83.4113 83.1207 30
v 83.4305 83.0999 30
v 84.7948 105.758 30
v 83.5619 82.9712 30
v 89.0028 105.758 30
v 89.017 105.758 30
v 90.5829 83.355 30
v 90.5984 83.3786 30
v 83.2858 83.2739 30
v 83.3028 83.2513 30
v 89.1298 105.749 30
v 89.1017 105.752 30
v 89.1579 105.746 30
v 90.6776 83.5126 30
v 90.664 83.4878 30
v 90.8938 104.07 30
v 90.8892 104.098 30
v 89.3255 105.718 30
v 90.7941 83.7703 30
v 89.3669 105.709 30
v 89.3393 105.715 30
v 90.8037 83.7969 30
v 89.3807 105.706 30
v 83.1478 83.4878 30
v 89.4082 105.699 30
v 83.1342 83.5126 30
v 89.4356 105.692 30
v 89.4629 105.684 30
v 89.49 105.676 30
v 89.5036 105.672 30
v 90.8303 104.346 30
v 90.8218 104.373 30
v 90.8174 104.386 30
v 89.5575 105.655 30
v 89.5306 105.664 30
v 90.8084 104.413 30
v 90.7989 104.44 30
v 89.5976 105.641 30
v 89.5709 105.65 30
v 89.6241 105.631 30
v 90.9119 84.3077 30
v 89.6768 105.61 30
v 90.9139 84.3359 30
v 89.6899 105.605 30
v 89.7029 105.599 30
v 90.918 90.5335 30
v 89.7802 105.565 30
v 89.8184 105.546 30
v 90.6974 104.673 30
v 90.7101 104.648 30
v 89.8435 105.533 30
v 82.8946 103.817 30
v 82.894 103.788 30
v 90.6776 104.711 30
v 90.6909 104.686 30
v 90.6708 104.723 30
v 89.8561 105.526 30
v 90.657 104.748 30
v 90.6357 104.784 30
v 90.621 104.809 30
v 90.606 104.833 30
v 89.9906 105.448 30
v 90.5906 104.856 30
v 90.0143 105.433 30
v 90.567 104.892 30
v 90.5426 104.926 30
v 90.559 104.903 30
v 90.5343 104.938 30
v 90.0843 105.385 30
v 90.5175 104.961 30
v 90.1186 105.36 30
v 82.9481 104.223 30
v 82.9514 104.236 30
v 82.9695 104.305 30
v 82.962 104.278 30
v 82.9815 104.346 30
v 82.99 104.373 30
v 90.2499 105.252 30
v 82.9988 104.399 30
v 90.2709 105.233 30
v 90.2916 105.214 30
v 83.0177 104.453 30
v 90.312 105.194 30
v 83.0328 104.493 30
v 82.91 84.2091 30
v 82.9138 84.1811 30
v 82.9066 84.2372 30
v 83.0773 104.597 30
v 83.1017 104.648 30
v 83.1144 104.673 30
v 82.901 84.2936 30
v 83.0832 104.609 30
v 82.8988 84.3218 30
v 82.897 84.35 30
v 82.8956 84.3783 30
v 83.2858 104.949 30
v 83.2943 104.961 30
v 88.9604 82.4636 30
v 88.9321 82.4632 30
v 83.3832 105.071 30
v 89.017 82.4656 30
v 88.9887 82.4644 30
v 83.4019 105.092 30
v 83.4209 105.113 30
v 83.4499 105.144 30
v 83.4305 105.123 30
v 83.4697 105.164 30
v 83.4998 105.194 30
v 83.4796 105.174 30
v 83.5202 105.214 30
v 83.5725 105.261 30
v 83.5619 105.252 30
v 83.5514 105.242 30
v 83.5409 105.233 30
v 83.5305 105.223 30
v 83.6707 105.342 30
v 83.6932 105.36 30
v 83.7274 105.385 30
v 83.739 105.393 30
v 83.7622 105.409 30
v 83.7975 105.433 30
v 83.8212 105.448 30
v 83.9061 105.499 30
v 83.9308 105.513 30
v 83.9557 105.526 30
v 83.9682 105.533 30
v 83.9808 105.539 30
v 83.9934 105.546 30
v 84.0188 105.558 30
v 84.0061 105.552 30
v 84.083 105.588 30
v 84.0572 105.577 30
v 84.1089 105.599 30
v 84.1219 105.605 30
v 84.1481 105.616 30
v 84.2276 105.646 30
v 84.2543 105.655 30
v 84.2812 105.664 30
v 84.3489 105.684 30
v 84.3625 105.688 30
v 84.4863 105.718 30
v 84.5141 105.724 30
v 90.1634 82.8982 30
v 90.1411 82.8808 30
v 84.5698 105.734 30
v 84.6539 105.746 30
v 65.0748 95.4636 0
v 65.0748 95.4636 10
v 77.8715 90.9947 0
v 64.6886 91.7486 0
v 77.8715 90.9947 10
v 64.6886 91.7486 10
v 61.5469 134.163 0
v 61.5469 134.163 16
v 130.569 136.402 30
v 114.785 136.402 30
v 125.74 136.927 36
v 122.585 130.602 36
v 122.582 130.602 36
v 119.614 136.927 36
v 122.6 130.6 36
v 122.603 130.6 36
v 122.706 130.597 36
v 122.704 130.597 36
v 122.72 130.597 36
v 122.721 130.597 36
v 122.752 130.6 36
v 122.737 130.599 36
v 122.753 130.6 36
v 122.75 130.595 35.9442
v 122.856 130.617 36
v 122.841 130.613 36
v 122.857 130.617 36
v 122.872 130.621 36
v 122.954 130.635 35.8883
v 123.025 130.662 35.8883
v 123.099 130.691 35.8325
v 123.096 130.695 35.8883
v 123.044 130.681 36
v 123.045 130.681 36
v 123.079 130.698 36
v 123.081 130.698 36
v 123.151 130.724 35.8883
v 123.56 131.041 35.8325
v 123.63 131.114 35.8325
v 124.122 131.742 35.6091
v 124.361 132.173 35.6649
v 122.566 130.604 36
v 122.569 130.604 36
v 122.618 130.598 36
v 122.621 130.598 36
v 122.67 130.596 36
v 122.656 130.597 36
v 122.69 130.596 36
v 122.769 130.602 36
v 122.786 130.604 36
v 122.787 130.604 36
v 122.823 130.61 36
v 122.84 130.613 36
v 123.701 131.193 35.8325
v 122.821 130.61 36
v 122.816 130.606 35.9721
v 122.816 130.606 35.9721
v 123.701 131.193 35.8325
v 124.499 132.44 35.6091
v 124.876 133.346 35.6091
v 114.785 148.402 30
v 130.569 148.402 30
v 122.648 154.207 36
v 122.634 154.207 36
v 122.618 154.206 36
v 122.65 154.208 36
v 122.617 154.206 36
v 122.602 154.204 36
v 122.601 154.204 36
v 122.31 154.123 36
v 122.309 154.123 36
v 122.293 154.115 36
v 119.614 147.877 36
v 122.291 154.115 36
v 122.733 154.206 36
v 122.716 154.207 36
v 122.701 154.208 36
v 122.737 154.206 36
v 125.74 147.877 36
v 122.751 154.204 36
v 122.754 154.204 36
v 122.568 154.2 36
v 122.567 154.2 36
v 122.533 154.195 36
v 122.515 154.191 36
v 122.513 154.191 36
v 122.497 154.187 36
v 120.192 150.592 35.6091
v 120.192 150.592 35.6091
v 122.636 154.212 35.9442
v 122.4 154.17 35.8883
v 122.397 154.174 35.8325
v 122.4 154.17 35.8883
v 122.255 154.113 35.8325
v 122.255 154.113 35.8325
v 122.203 154.08 35.8883
v 121.794 153.763 35.8325
v 121.799 153.761 35.8883
v 121.794 153.763 35.8325
v 121.232 153.062 35.6091
v 121.124 152.881 35.6091
v 121.134 152.889 35.6649
v 121.121 152.876 35.6091
v 121.653 153.611 35.8325
v 122.538 154.198 35.9721
v 122.538 154.198 35.9721
v 100.717 124.342 0
v 96.4244 124.342 0
v 100.717 124.342 38
v 96.4244 124.342 38
v 175.916 88.7005 9
v 154.39 97.6797 9
v 154.39 111.474 9
v 154.39 114.29 9
v 154.39 111.474 0
v 197.443 114.29 9
v 154.384 97.3489 0
v 153.103 93.0415 0
v 147.942 89.0489 0
v 148.028 89.0749 0
v 151.775 91.3371 0
v 151.733 91.2945 0
v 154.012 95.0996 0
v 154.004 95.0708 0
v 154.388 97.4692 0
v 151.69 91.2523 0
v 147.855 89.0238 0
v 147.913 89.0404 0
v 151.647 91.2103 0
v 154.389 97.5293 0
v 149.821 89.8457 0
v 151.86 91.423 0
v 154.062 95.273 0
v 151.88 91.4446 0
v 149.768 89.8162 0
v 154.078 95.331 0
v 153.297 93.3809 0
v 151.516 91.0861 0
v 151.56 91.1272 0
v 149.742 89.8017 0
v 149.663 89.7584 0
v 147.623 88.961 0
v 153.311 93.4073 0
v 151.405 90.9847 0
v 151.45 91.0251 0
v 147.593 88.9536 0
v 149.583 89.716 0
v 149.636 89.7442 0
v 152.105 91.6874 0
v 151.337 90.9247 0
v 149.53 89.6881 0
v 152.145 91.7324 0
v 151.315 90.9049 0
v 154.152 95.6226 0
v 154.145 95.5933 0
v 152.185 91.7777 0
v 149.449 89.647 0
v 153.436 93.6475 0
v 153.45 93.6744 0
v 149.396 89.6201 0
v 152.244 91.8461 0
v 153.463 93.7014 0
v 151.201 90.8068 0
v 151.247 90.8458 0
v 153.49 93.7554 0
v 152.302 91.9151 0
v 149.342 89.5935 0
v 153.516 93.8096 0
v 151.132 90.7489 0
v 149.26 89.5543 0
v 154.222 95.946 0
v 151.062 90.6917 0
v 151.108 90.7298 0
v 151.015 90.654 0
v 154.239 96.0347 0
v 154.244 96.0642 0
v 153.592 93.9733 0
v 153.567 93.9186 0
v 154.255 96.1235 0
v 150.921 90.5794 0
v 152.509 92.1731 0
v 150.873 90.5426 0
v 152.546 92.2208 0
v 148.959 89.4175 0
v 153.664 94.1385 0
v 153.64 94.0833 0
v 154.279 96.2718 0
v 148.904 89.3939 0
v 146.768 88.7859 0
v 153.688 94.1939 0
v 154.289 96.3312 0
v 146.739 88.7813 0
v 153.711 94.2495 0
v 154.302 96.4205 0
v 148.82 89.3591 0
v 148.848 89.3706 0
v 154.31 96.4801 0
v 152.724 92.4629 0
v 154.318 96.5398 0
v 150.607 90.3459 0
v 150.558 90.3112 0
v 154.329 96.6293 0
v 154.321 96.5696 0
v 152.741 92.4875 0
v 146.441 88.7412 0
v 146.5 88.7484 0
v 150.533 90.294 0
v 153.81 94.5013 0
v 148.569 89.2597 0
v 154.336 96.6891 0
v 153.821 94.5294 0
v 150.508 90.2768 0
v 148.512 89.2386 0
v 153.842 94.5858 0
v 152.878 92.6858 0
v 148.428 89.2077 0
v 154.354 96.8687 0
v 148.371 89.1876 0
v 152.911 92.736 0
v 154.359 96.9286 0
v 153.892 94.7275 0
v 153.902 94.7559 0
v 150.284 90.1262 0
v 153.912 94.7844 0
v 148.342 89.1777 0
v 146.051 88.704 0
v 152.976 92.837 0
v 148.286 89.1581 0
v 150.233 90.0937 0
v 148.257 89.1485 0
v 145.991 88.6998 0
v 153.931 94.8414 0
v 153.008 92.8878 0
v 148.2 89.1295 0
v 153.94 94.87 0
v 150.106 90.0138 0
v 150.157 90.0455 0
v 154.379 97.2287 0
v 154.376 97.1686 0
v 153.087 93.0158 0
v 150.028 89.9669 0
v 150.08 89.9981 0
v 154.382 97.2888 0
v 153.118 93.0673 0
v 151.775 91.3371 40
v 151.733 91.2945 40
v 147.242 88.8722 40
v 154.222 95.946 40
v 154.233 96.0051 40
v 154.21 95.887 40
v 153.396 93.567 40
v 151.711 91.2734 40
v 153.423 93.6206 40
v 154.26 96.1531 40
v 153.463 93.7014 40
v 151.647 91.2103 40
v 151.604 91.1686 40
v 154.27 96.2124 40
v 153.49 93.7554 40
v 151.943 91.51 40
v 149.314 89.5803 40
v 151.984 91.554 40
v 153.516 93.8096 40
v 149.26 89.5543 40
v 152.025 91.5982 40
v 154.293 96.361 40
v 154.302 96.4205 40
v 151.382 90.9646 40
v 151.405 90.9847 40
v 149.042 89.4537 40
v 149.097 89.4783 40
v 151.247 90.8458 40
v 153.664 94.1385 40
v 154.318 96.5398 40
v 154.329 96.6293 40
v 153.64 94.0833 40
v 146.5 88.7484 40
v 146.441 88.7412 40
v 151.201 90.8068 40
v 153.688 94.1939 40
v 153.711 94.2495 40
v 154.332 96.6592 40
v 154.342 96.7489 40
v 154.336 96.6891 40
v 153.734 94.3052 40
v 151.062 90.6917 40
v 154.351 96.8387 40
v 151.015 90.654 40
v 153.789 94.445 40
v 153.767 94.389 40
v 150.921 90.5794 40
v 148.569 89.2597 40
v 152.509 92.1731 40
v 154.359 96.9286 40
v 154.366 97.0186 40
v 154.361 96.9586 40
v 146.051 88.704 40
v 150.873 90.5426 40
v 148.484 89.2282 40
v 153.852 94.6141 40
v 152.527 92.1969 40
v 145.991 88.6998 40
v 154.368 97.0486 40
v 153.872 94.6707 40
v 148.371 89.1876 40
v 150.705 90.4163 40
v 148.342 89.1777 40
v 148.286 89.1581 40
v 148.257 89.1485 40
v 154.376 97.1686 40
v 154.377 97.1987 40
v 150.656 90.3809 40
v 150.631 90.3634 40
v 150.607 90.3459 40
v 153.94 94.87 40
v 148.2 89.1295 40
v 153.95 94.8986 40
v 154.382 97.2888 40
v 154.384 97.3489 40
v 150.558 90.3112 40
v 150.533 90.294 40
v 148.085 89.0928 40
v 148.057 89.0838 40
v 150.508 90.2768 40
v 148.028 89.0749 40
v 154.39 97.5895 40
v 154.389 97.5293 40
v 154.021 95.1284 40
v 147.942 89.0489 40
v 154.038 95.1861 40
v 147.913 89.0404 40
v 147.855 89.0238 40
v 152.992 92.8624 40
v 150.284 90.1262 40
v 152.96 92.8116 40
v 150.258 90.1099 40
v 154.094 95.3891 40
v 153.072 92.9901 40
v 150.08 89.9981 40
v 154.109 95.4473 40
v 153.103 93.0415 40
v 150.028 89.9669 40
v 154.124 95.5057 40
v 154.145 95.5933 40
v 154.159 95.6519 40
v 149.821 89.8457 40
v 153.209 93.2232 40
v 153.239 93.2756 40
v 154.185 95.7693 40
v 149.742 89.8017 40
v 153.297 93.3809 40
v 154.198 95.8281 40
v 149.663 89.7584 40
v 153.311 93.4073 40
v 147.212 88.8661 40
v 183.105 147.272 0
v 187.439 147.272 0
v 183.105 158.06 0
v 187.439 158.06 0
v 183.105 147.272 42
v 187.439 147.272 42
v 183.105 158.06 42
v 187.439 158.06 42
v 159.15 73.3451 0
v 159.15 73.3451 8
v 186.636 67.2576 0
v 186.636 76.0165 0
v 186.636 76.0165 38
v 186.636 67.2576 38
v 143.733 73.4258 20
v 143.733 73.4258 0
v 144.813 62.1328 0
v 144.813 62.1328 20
v 157.752 132.361 42
v 161.376 131.619 42
v 165.83 131.619 42
v 161.376 137.188 42
v 157.752 136.695 42
v 168.54 132.361 42
v 165.83 137.188 42
v 168.54 136.695 42
v 157.752 136.695 0
v 157.752 132.361 0
v 168.54 132.361 0
v 168.54 136.695 0
v 187.603 136.526 0
v 187.603 136.526 10
v 202.257 89.7584 0
v 202.31 89.7301 0
v 204.678 88.8722 0
v 204.737 88.8601 0
v 198.594 93.4338 0
v 198.566 93.487 0
v 197.71 95.887 0
v 197.698 95.946 0
v 200.23 91.2523 0
v 202.337 89.716 0
v 202.39 89.6881 0
v 200.123 91.3584 0
v 200.081 91.4014 0
v 200.251 91.2312 0
v 197.693 95.9756 0
v 200.039 91.4446 0
v 198.497 93.6206 0
v 198.47 93.6744 0
v 197.66 96.1531 0
v 198.457 93.7014 0
v 198.43 93.7554 0
v 197.65 96.2124 0
v 197.645 96.2421 0
v 197.636 96.3015 0
v 200.493 91.0048 0
v 200.515 90.9847 0
v 200.56 90.9447 0
v 200.582 90.9247 0
v 202.851 89.466 0
v 205.33 88.76 0
v 198.328 93.9733 0
v 198.304 94.0282 0
v 197.61 96.4801 0
v 202.878 89.4537 0
v 197.602 96.5398 0
v 200.673 90.8458 0
v 205.39 88.7522 0
v 202.933 89.4295 0
v 202.961 89.4175 0
v 200.719 90.8068 0
v 197.598 96.5696 0
v 197.591 96.6293 0
v 203.016 89.3939 0
v 198.232 94.1939 0
v 203.044 89.3822 0
v 197.588 96.6592 0
v 203.099 89.3591 0
v 198.209 94.2495 0
v 198.186 94.3052 0
v 198.221 94.2217 0
v 197.578 96.7489 0
v 198.164 94.361 0
v 197.569 96.8387 0
v 200.905 90.654 0
v 200.928 90.6352 0
v 199.485 92.0784 0
v 197.564 96.8986 0
v 198.142 94.417 0
v 199.448 92.1256 0
v 198.131 94.445 0
v 200.976 90.5979 0
v 197.561 96.9286 0
v 200.999 90.5794 0
v 197.556 96.9886 0
v 201.047 90.5426 0
v 198.089 94.5576 0
v 198.078 94.5858 0
v 198.048 94.6707 0
v 205.929 88.6998 0
v 205.989 88.696 0
v 203.492 89.2077 0
v 203.549 89.1876 0
v 199.266 92.3653 0
v 198.028 94.7275 0
v 203.606 89.1679 0
v 199.231 92.414 0
v 197.54 97.2588 0
v 197.541 97.2287 0
v 197.536 97.3489 0
v 203.72 89.1295 0
v 197.534 97.409 0
v 201.387 90.294 0
v 199.127 92.5614 0
v 197.532 97.4692 0
v 201.411 90.2768 0
v 203.749 89.1202 0
v 199.093 92.611 0
v 197.532 97.4992 0
v 206.409 88.6805 0
v 206.47 88.6799 0
v 203.921 89.0662 0
v 197.908 95.0996 0
v 197.899 95.1284 0
v 203.978 89.0489 0
v 201.712 90.0775 0
v 201.763 90.0455 0
v 197.85 95.302 0
v 198.864 92.9644 0
v 197.834 95.36 0
v 198.832 93.0158 0
v 201.866 89.9825 0
v 198.801 93.0673 0
v 201.917 89.9515 0
v 198.771 93.1191 0
v 204.443 88.9249 0
v 204.502 88.9111 0
v 198.681 93.2756 0
v 197.754 95.6812 0
v 198.666 93.3018 0
v 202.099 89.8457 0
v 202.152 89.8162 0
v 197.741 95.7399 0
v 204.531 88.9044 0
v 204.59 88.8912 0
v 198.637 93.3545 0
v 197.722 95.8281 0
v 202.204 89.7872 0
v 197.722 95.8281 40
v 200.976 90.5979 40
v 200.928 90.6352 40
v 197.71 95.887 40
v 200.905 90.654 40
v 206.47 88.6799 40
v 197.698 95.946 40
v 206.409 88.6805 40
v 197.693 95.9756 40
v 197.66 96.1531 40
v 200.719 90.8068 40
v 206.199 88.6858 40
v 197.65 96.2124 40
v 200.673 90.8458 40
v 197.645 96.2421 40
v 206.139 88.6882 40
v 200.628 90.8851 40
v 197.636 96.3015 40
v 200.582 90.9247 40
v 200.56 90.9447 40
v 200.515 90.9847 40
v 197.61 96.4801 40
v 200.493 91.0048 40
v 197.602 96.5398 40
v 197.598 96.5696 40
v 197.591 96.6293 40
v 197.588 96.6592 40
v 197.578 96.7489 40
v 197.569 96.8387 40
v 200.251 91.2312 40
v 200.23 91.2523 40
v 197.564 96.8986 40
v 200.208 91.2734 40
v 197.561 96.9286 40
v 200.187 91.2945 40
v 197.556 96.9886 40
v 200.145 91.3371 40
v 200.123 91.3584 40
v 200.081 91.4014 40
v 200.039 91.4446 40
v 197.541 97.2287 40
v 197.54 97.2588 40
v 197.536 97.3489 40
v 197.534 97.409 40
v 197.532 97.4692 40
v 197.532 97.4992 40
v 204.737 88.8601 40
v 204.678 88.8722 40
v 204.59 88.8912 40
v 204.531 88.9044 40
v 199.485 92.0784 40
v 204.502 88.9111 40
v 199.448 92.1256 40
v 204.443 88.9249 40
v 199.266 92.3653 40
v 199.231 92.414 40
v 203.978 89.0489 40
v 199.127 92.5614 40
v 203.921 89.0662 40
v 199.093 92.611 40
v 203.749 89.1202 40
v 203.72 89.1295 40
v 203.606 89.1679 40
v 203.549 89.1876 40
v 203.492 89.2077 40
v 198.864 92.9644 40
v 198.832 93.0158 40
v 198.801 93.0673 40
v 198.771 93.1191 40
v 198.711 93.2232 40
v 198.681 93.2756 40
v 198.666 93.3018 40
v 203.099 89.3591 40
v 198.637 93.3545 40
v 203.044 89.3822 40
v 203.016 89.3939 40
v 198.594 93.4338 40
v 202.961 89.4175 40
v 202.933 89.4295 40
v 198.566 93.487 40
v 202.878 89.4537 40
v 202.851 89.466 40
v 198.497 93.6206 40
v 198.47 93.6744 40
v 198.457 93.7014 40
v 198.43 93.7554 40
v 198.404 93.8096 40
v 198.328 93.9733 40
v 202.39 89.6881 40
v 198.304 94.0282 40
v 202.337 89.716 40
v 202.31 89.7301 40
v 202.257 89.7584 40
v 198.232 94.1939 40
v 198.221 94.2217 40
v 202.204 89.7872 40
v 198.209 94.2495 40
v 202.152 89.8162 40
v 198.186 94.3052 40
v 202.099 89.8457 40
v 198.164 94.361 40
v 198.142 94.417 40
v 198.089 94.5576 40
v 201.917 89.9515 40
v 198.078 94.5858 40
v 201.866 89.9825 40
v 198.028 94.7275 40
v 201.763 90.0455 40
v 201.712 90.0775 40
v 197.908 95.0996 40
v 197.899 95.1284 40
v 201.411 90.2768 40
v 201.387 90.294 40
v 197.85 95.302 40
v 197.834 95.36 40
v 201.191 90.4341 40
v 201.143 90.4699 40
v 197.754 95.6812 40
v 201.047 90.5426 40
v 197.741 95.7399 40
v 200.999 90.5794 40
v 225.496 149.678 44
v 225.496 91.2772 44
v 231.421 149.678 44
v 231.421 91.2772 44
v 219.104 58.8906 36
v 209.943 58.8906 36
v 209.943 70.8906 36
v 219.104 70.8906 36
v 121.066 94.779 30
v 121.078 94.7863 30
v 116.066 117.849 30
v 116.053 117.844 30
v 121.09 94.7937 30
v 121.102 94.8011 30
v 121.114 94.8087 30
v 116.119 117.868 30
v 115.371 95.0825 30
v 116.132 117.873 30
v 121.126 94.8163 30
v 121.138 94.824 30
v 115.381 95.0725 30
v 115.391 95.0626 30
v 115.401 95.0528 30
v 115.331 95.1231 30
v 121.15 94.8318 30
v 121.196 94.8638 30
v 115.293 95.1648 30
v 116.35 117.935 30
v 116.391 117.944 30
v 115.274 95.186 30
v 115.265 95.1967 30
v 121.276 94.923 30
v 115.474 94.9861 30
v 121.287 94.9318 30
v 116.433 117.951 30
v 115.256 95.2075 30
v 116.447 117.954 30
v 115.496 94.9677 30
v 115.507 94.9586 30
v 121.331 94.9677 30
v 121.342 94.9768 30
v 115.518 94.9496 30
v 121.352 94.9861 30
v 116.545 117.968 30
v 115.529 94.9406 30
v 115.54 94.9318 30
v 121.363 94.9954 30
v 121.373 95.0048 30
v 115.247 95.2184 30
v 116.601 117.974 30
v 116.615 117.975 30
v 116.63 117.977 30
v 116.644 117.978 30
v 121.415 95.043 30
v 115.551 94.923 30
v 115.562 94.9143 30
v 115.573 94.9057 30
v 116.728 117.982 30
v 116.743 117.982 30
v 121.446 95.0725 30
v 121.456 95.0825 30
v 116.785 117.983 30
v 121.466 95.0925 30
v 120.042 117.983 30
v 122.042 115.983 30
v 121.495 95.1231 30
v 115.16 95.3303 30
v 121.524 95.1542 30
v 121.534 95.1648 30
v 121.543 95.1754 30
v 115.144 95.3534 30
v 115.136 95.3651 30
v 115.128 95.3768 30
v 120.141 117.98 30
v 120.155 117.979 30
v 121.58 95.2184 30
v 120.169 117.979 30
v 121.589 95.2293 30
v 121.598 95.2403 30
v 122.037 116.11 30
v 121.606 95.2513 30
v 115.12 95.3885 30
v 115.665 94.8397 30
v 115.677 94.8318 30
v 121.615 95.2624 30
v 121.624 95.2736 30
v 120.197 117.977 30
v 121.633 95.2848 30
v 121.641 95.2961 30
v 120.225 117.974 30
v 120.239 117.973 30
v 115.712 94.8087 30
v 115.724 94.8011 30
v 115.089 95.4361 30
v 115.082 95.4481 30
v 121.666 95.3303 30
v 121.683 95.3534 30
v 121.691 95.3651 30
v 115.075 95.4602 30
v 120.267 117.97 30
v 120.282 117.968 30
v 115.067 95.4723 30
v 115.06 95.4845 30
v 120.352 117.958 30
v 120.38 117.954 30
v 120.366 117.956 30
v 121.781 95.509 30
v 121.788 95.5213 30
v 120.393 117.951 30
v 122.01 116.335 30
v 121.794 95.5337 30
v 122.008 116.348 30
v 120.407 117.949 30
v 120.421 117.946 30
v 122.005 116.362 30
v 121.801 95.5461 30
v 121.808 95.5586 30
v 115.025 95.5461 30
v 115.032 95.5337 30
v 115.019 95.5586 30
v 122.002 116.376 30
v 120.435 117.944 30
v 120.449 117.941 30
v 121.821 95.5837 30
v 122 116.39 30
v 121.997 116.404 30
v 115.012 95.5711 30
v 115.006 95.5837 30
v 121.84 95.6217 30
v 120.477 117.935 30
v 120.463 117.938 30
v 120.491 117.932 30
v 121.994 116.418 30
v 121.846 95.6344 30
v 121.852 95.6472 30
v 115.885 94.7109 30
v 114.999 95.5963 30
v 121.858 95.66 30
v 121.864 95.6729 30
v 121.984 116.459 30
v 121.887 95.7248 30
v 115.897 94.7045 30
v 115.91 94.6983 30
v 120.573 117.911 30
v 121.908 95.7773 30
v 121.913 95.7906 30
v 121.97 116.514 30
v 121.966 116.528 30
v 115.948 94.6801 30
v 121.958 116.555 30
v 121.918 95.8038 30
v 121.923 95.8171 30
v 120.614 117.899 30
v 120.6 117.903 30
v 120.627 117.895 30
v 121.954 116.568 30
v 120.641 117.891 30
v 120.654 117.886 30
v 121.941 95.8706 30
v 121.95 116.582 30
v 121.945 116.595 30
v 114.951 95.6988 30
v 120.668 117.882 30
v 115.974 94.6685 30
v 115.987 94.6628 30
v 116 94.6572 30
v 116.013 94.6517 30
v 121.941 116.609 30
v 121.937 116.622 30
v 121.932 116.636 30
v 114.94 95.7248 30
v 121.962 95.9382 30
v 121.966 95.9518 30
v 116.026 94.6463 30
v 116.039 94.6409 30
v 121.927 116.649 30
v 121.923 116.662 30
v 120.721 117.864 30
v 120.748 117.854 30
v 121.977 95.9928 30
v 121.918 116.676 30
v 121.913 116.689 30
v 114.924 95.7641 30
v 114.919 95.7773 30
v 121.908 116.702 30
v 114.914 95.7906 30
v 121.984 96.0202 30
v 120.761 117.849 30
v 120.774 117.844 30
v 121.903 116.715 30
v 121.897 116.728 30
v 121.892 116.741 30
v 114.909 95.8038 30
v 114.904 95.8171 30
v 121.887 116.755 30
v 122.002 96.1031 30
v 116.092 94.6206 30
v 116.105 94.6157 30
v 116.119 94.611 30
v 122.005 96.1169 30
v 120.852 117.811 30
v 114.899 95.8304 30
v 120.865 117.805 30
v 121.864 116.806 30
v 116.132 94.6063 30
v 116.146 94.6017 30
v 121.858 116.819 30
v 121.852 116.832 30
v 122.013 96.1587 30
v 120.891 117.793 30
v 120.878 117.799 30
v 120.904 117.787 30
v 114.89 95.8572 30
v 122.017 96.1866 30
v 121.846 116.845 30
v 120.929 117.775 30
v 120.917 117.781 30
v 121.84 116.858 30
v 116.159 94.5972 30
v 122.02 96.2006 30
v 122.022 96.2146 30
v 120.942 117.768 30
v 114.877 95.8976 30
v 114.873 95.9111 30
v 122.029 96.2708 30
v 120.955 117.762 30
v 121.814 116.908 30
v 122.03 96.2848 30
v 122.032 96.2989 30
v 122.033 96.313 30
v 114.869 95.9246 30
v 116.213 94.5803 30
v 122.034 96.3271 30
v 122.035 96.3412 30
v 122.037 96.3553 30
v 122.037 96.3694 30
v 121.788 116.958 30
v 114.853 95.9791 30
v 121.042 117.715 30
v 121.054 117.708 30
v 121.774 116.983 30
v 114.85 95.9928 30
v 122.041 96.4401 30
v 122.041 96.4543 30
v 116.281 94.5612 30
v 116.785 94.4967 30
v 120.042 94.4967 30
v 120.056 94.4968 30
v 121.745 117.031 30
v 121.737 117.043 30
v 121.114 117.671 30
v 121.138 117.655 30
v 114.836 96.0477 30
v 116.336 94.5478 30
v 121.15 117.648 30
v 121.161 117.64 30
v 114.83 96.0754 30
v 114.833 96.0615 30
v 116.35 94.5446 30
v 116.364 94.5416 30
v 121.185 117.624 30
v 121.173 117.632 30
v 116.378 94.5387 30
v 114.787 116.068 30
v 114.785 115.997 30
v 114.827 96.0892 30
v 114.824 96.1031 30
v 114.788 116.096 30
v 116.391 94.5358 30
v 116.405 94.5331 30
v 121.231 117.591 30
v 121.219 117.599 30
v 116.419 94.5305 30
v 116.433 94.5279 30
v 114.814 96.1587 30
v 114.816 96.1448 30
v 121.265 117.565 30
v 114.798 116.209 30
v 121.624 117.206 30
v 114.801 116.237 30
v 116.447 94.5255 30
v 116.461 94.5231 30
v 116.475 94.5209 30
v 114.809 96.1866 30
v 121.598 117.239 30
v 114.814 116.321 30
v 114.816 116.335 30
v 121.32 117.521 30
v 121.331 117.512 30
v 116.489 94.5188 30
v 116.503 94.5167 30
v 116.517 94.5148 30
v 121.363 117.484 30
v 114.824 116.376 30
v 121.405 117.446 30
v 116.531 94.5129 30
v 116.545 94.5112 30
v 121.415 117.436 30
v 116.559 94.5095 30
v 116.573 94.508 30
v 114.836 116.432 30
v 121.425 117.427 30
v 121.436 117.417 30
v 121.446 117.407 30
v 116.587 94.5065 30
v 116.601 94.5052 30
v 121.476 117.377 30
v 121.466 117.387 30
v 121.456 117.397 30
v 114.785 115.983 30
v 114.785 96.4967 30
v 114.861 116.528 30
v 114.857 116.514 30
v 114.865 116.541 30
v 114.79 96.3553 30
v 114.791 96.3412 30
v 114.789 96.3694 30
v 116.686 94.4992 30
v 114.914 116.689 30
v 114.786 96.426 30
v 114.919 116.702 30
v 114.924 116.715 30
v 116.728 94.4975 30
v 116.743 94.4972 30
v 116.714 94.498 30
v 114.929 116.728 30
v 114.935 116.741 30
v 114.946 116.768 30
v 114.94 116.755 30
v 116.757 94.4969 30
v 114.951 116.781 30
v 114.785 96.4826 30
v 116.771 94.4968 30
v 116.7 94.4985 30
v 114.993 116.87 30
v 120.07 94.4969 30
v 120.084 94.4972 30
v 120.098 94.4975 30
v 120.112 94.498 30
v 120.126 94.4985 30
v 115.019 116.921 30
v 115.025 116.933 30
v 120.141 94.4992 30
v 120.155 94.4999 30
v 120.169 94.5008 30
v 120.183 94.5017 30
v 120.197 94.5028 30
v 115.089 117.043 30
v 120.253 94.508 30
v 120.267 94.5095 30
v 120.282 94.5112 30
v 120.296 94.5129 30
v 120.31 94.5148 30
v 120.324 94.5167 30
v 120.338 94.5188 30
v 115.16 117.149 30
v 120.352 94.5209 30
v 120.366 94.5231 30
v 115.186 117.183 30
v 120.38 94.5255 30
v 115.22 117.228 30
v 120.435 94.5358 30
v 120.449 94.5387 30
v 115.265 117.283 30
v 120.463 94.5416 30
v 120.477 94.5446 30
v 120.491 94.5478 30
v 120.504 94.551 30
v 115.322 117.346 30
v 115.331 117.356 30
v 115.341 117.367 30
v 120.518 94.5543 30
v 120.532 94.5577 30
v 120.545 94.5612 30
v 115.371 117.397 30
v 120.559 94.5649 30
v 120.6 94.5763 30
v 115.432 117.456 30
v 120.668 94.5972 30
v 115.496 117.512 30
v 115.54 117.548 30
v 115.619 117.607 30
v 115.607 117.599 30
v 120.8 94.6463 30
v 120.813 94.6517 30
v 120.787 94.6409 30
v 120.826 94.6572 30
v 120.839 94.6628 30
v 120.852 94.6685 30
v 120.865 94.6743 30
v 120.878 94.6801 30
v 120.891 94.6861 30
v 120.904 94.6922 30
v 115.785 117.715 30
v 115.773 117.708 30
v 120.917 94.6983 30
v 120.929 94.7045 30
v 115.835 117.742 30
v 120.942 94.7109 30
v 115.847 117.749 30
v 115.872 117.762 30
v 120.992 94.7371 30
v 115.91 117.781 30
v 115.897 117.775 30
v 115.961 117.805 30
v 115.974 117.811 30
v 115.987 117.817 30
v 116 117.822 30
v 121.042 94.7647 30
v 121.054 94.7718 30
v 116.026 117.833 30
v 122.01 116.335 0
v 121.298 117.539 0
v 120.042 117.983 0
v 121.32 117.521 0
v 121.331 117.512 0
v 121.363 117.484 0
v 120.141 117.98 0
v 120.155 117.979 0
v 120.169 117.979 0
v 122.033 116.166 0
v 121.405 117.446 0
v 121.415 117.436 0
v 120.197 117.977 0
v 121.425 117.427 0
v 121.436 117.417 0
v 122.037 116.11 0
v 121.446 117.407 0
v 121.456 117.397 0
v 121.466 117.387 0
v 120.239 117.973 0
v 121.476 117.377 0
v 120.267 117.97 0
v 120.282 117.968 0
v 120.324 117.963 0
v 122.042 115.983 0
v 120.352 117.958 0
v 120.38 117.954 0
v 120.366 117.956 0
v 120.393 117.951 0
v 120.407 117.949 0
v 120.421 117.946 0
v 120.435 117.944 0
v 121.598 117.239 0
v 120.449 117.941 0
v 120.463 117.938 0
v 121.624 117.206 0
v 120.491 117.932 0
v 120.477 117.935 0
v 120.518 117.925 0
v 120.573 117.911 0
v 120.6 117.903 0
v 120.614 117.899 0
v 120.627 117.895 0
v 120.641 117.891 0
v 120.654 117.886 0
v 121.737 117.043 0
v 120.668 117.882 0
v 121.745 117.031 0
v 121.759 117.007 0
v 120.721 117.864 0
v 121.774 116.983 0
v 121.788 116.958 0
v 120.748 117.854 0
v 120.774 117.844 0
v 120.8 117.833 0
v 121.814 116.908 0
v 120.852 117.811 0
v 121.84 116.858 0
v 120.865 117.805 0
v 121.846 116.845 0
v 120.878 117.799 0
v 121.852 116.832 0
v 120.917 117.781 0
v 120.904 117.787 0
v 121.864 116.806 0
v 120.929 117.775 0
v 120.942 117.768 0
v 121.887 116.755 0
v 120.955 117.762 0
v 121.892 116.741 0
v 121.897 116.728 0
v 121.903 116.715 0
v 121.908 116.702 0
v 121.913 116.689 0
v 121.017 117.729 0
v 121.918 116.676 0
v 121.923 116.662 0
v 121.927 116.649 0
v 121.042 117.715 0
v 121.932 116.636 0
v 121.054 117.708 0
v 121.937 116.622 0
v 121.941 116.609 0
v 121.945 116.595 0
v 121.078 117.693 0
v 121.95 116.582 0
v 121.954 116.568 0
v 121.114 117.671 0
v 121.958 116.555 0
v 121.138 117.655 0
v 121.966 116.528 0
v 121.15 117.648 0
v 121.97 116.514 0
v 121.161 117.64 0
v 121.173 117.632 0
v 121.185 117.624 0
v 121.219 117.599 0
v 121.994 116.418 0
v 121.231 117.591 0
v 121.997 116.404 0
v 122 116.39 0
v 122.002 116.376 0
v 122.005 116.362 0
v 121.265 117.565 0
v 122.008 116.348 0
v 116.785 117.983 0
v 116.433 117.951 0
v 116.447 117.954 0
v 115.22 117.228 0
v 115.238 117.25 0
v 114.785 115.997 0
v 114.785 115.983 0
v 115.265 117.283 0
v 116.545 117.968 0
v 114.787 116.068 0
v 114.788 116.096 0
v 115.322 117.346 0
v 116.601 117.974 0
v 115.331 117.356 0
v 116.615 117.975 0
v 115.341 117.367 0
v 116.63 117.977 0
v 116.644 117.978 0
v 115.371 117.397 0
v 114.798 116.209 0
v 114.801 116.237 0
v 116.728 117.982 0
v 116.743 117.982 0
v 115.432 117.456 0
v 114.805 116.265 0
v 114.807 116.279 0
v 114.814 116.321 0
v 114.816 116.335 0
v 115.496 117.512 0
v 115.54 117.548 0
v 114.83 116.404 0
v 114.836 116.432 0
v 115.607 117.599 0
v 115.619 117.607 0
v 114.857 116.514 0
v 114.861 116.528 0
v 114.865 116.541 0
v 115.665 117.64 0
v 115.773 117.708 0
v 115.785 117.715 0
v 114.914 116.689 0
v 114.924 116.715 0
v 114.919 116.702 0
v 115.835 117.742 0
v 114.929 116.728 0
v 115.847 117.749 0
v 114.935 116.741 0
v 114.94 116.755 0
v 115.872 117.762 0
v 114.946 116.768 0
v 114.951 116.781 0
v 115.897 117.775 0
v 115.961 117.805 0
v 115.974 117.811 0
v 114.993 116.87 0
v 115.987 117.817 0
v 116 117.822 0
v 115.019 116.921 0
v 116.053 117.844 0
v 115.025 116.933 0
v 116.066 117.849 0
v 116.092 117.859 0
v 115.039 116.958 0
v 116.119 117.868 0
v 115.06 116.995 0
v 116.132 117.873 0
v 115.089 117.043 0
v 115.12 117.091 0
v 115.144 117.126 0
v 115.136 117.114 0
v 115.16 117.149 0
v 115.186 117.183 0
v 116.391 117.944 0
v 114.785 96.4967 0
v 114.816 96.1448 0
v 115.529 94.9406 0
v 115.54 94.9318 0
v 114.814 96.1587 0
v 115.518 94.9496 0
v 116.771 94.4968 0
v 116.785 94.4967 0
v 114.809 96.1866 0
v 115.507 94.9586 0
v 116.757 94.4969 0
v 115.496 94.9677 0
v 116.743 94.4972 0
v 116.728 94.4975 0
v 114.805 96.2146 0
v 115.474 94.9861 0
v 116.714 94.498 0
v 116.7 94.4985 0
v 116.686 94.4992 0
v 116.658 94.5008 0
v 114.791 96.3412 0
v 115.391 95.0626 0
v 115.401 95.0528 0
v 116.601 94.5052 0
v 115.381 95.0725 0
v 114.789 96.3694 0
v 114.79 96.3553 0
v 116.587 94.5065 0
v 115.371 95.0825 0
v 116.573 94.508 0
v 116.559 94.5095 0
v 116.545 94.5112 0
v 114.786 96.426 0
v 115.331 95.1231 0
v 116.531 94.5129 0
v 116.517 94.5148 0
v 116.503 94.5167 0
v 114.785 96.4826 0
v 116.489 94.5188 0
v 115.293 95.1648 0
v 116.475 94.5209 0
v 116.461 94.5231 0
v 115.274 95.186 0
v 116.447 94.5255 0
v 115.265 95.1967 0
v 116.433 94.5279 0
v 115.256 95.2075 0
v 115.247 95.2184 0
v 116.391 94.5358 0
v 116.405 94.5331 0
v 115.229 95.2403 0
v 116.378 94.5387 0
v 116.364 94.5416 0
v 116.35 94.5446 0
v 116.336 94.5478 0
v 116.281 94.5612 0
v 115.16 95.3303 0
v 115.144 95.3534 0
v 115.136 95.3651 0
v 115.128 95.3768 0
v 116.213 94.5803 0
v 115.12 95.3885 0
v 115.089 95.4361 0
v 116.159 94.5972 0
v 115.082 95.4481 0
v 116.146 94.6017 0
v 115.075 95.4602 0
v 116.132 94.6063 0
v 115.067 95.4723 0
v 116.119 94.611 0
v 115.06 95.4845 0
v 116.105 94.6157 0
v 116.092 94.6206 0
v 115.046 95.509 0
v 115.032 95.5337 0
v 115.025 95.5461 0
v 116.039 94.6409 0
v 115.019 95.5586 0
v 116.026 94.6463 0
v 115.012 95.5711 0
v 115.006 95.5837 0
v 116 94.6572 0
v 116.013 94.6517 0
v 114.999 95.5963 0
v 115.987 94.6628 0
v 115.974 94.6685 0
v 114.987 95.6217 0
v 115.948 94.6801 0
v 115.91 94.6983 0
v 115.897 94.7045 0
v 114.951 95.6988 0
v 115.885 94.7109 0
v 114.94 95.7248 0
v 114.924 95.7641 0
v 114.919 95.7773 0
v 114.914 95.7906 0
v 114.909 95.8038 0
v 114.904 95.8171 0
v 114.899 95.8304 0
v 114.89 95.8572 0
v 115.724 94.8011 0
v 115.712 94.8087 0
v 114.869 95.9246 0
v 114.873 95.9111 0
v 115.677 94.8318 0
v 115.665 94.8397 0
v 114.853 95.9791 0
v 114.85 95.9928 0
v 114.836 96.0477 0
v 114.833 96.0615 0
v 114.83 96.0754 0
v 114.827 96.0892 0
v 115.573 94.9057 0
v 114.824 96.1031 0
v 115.562 94.9143 0
v 115.551 94.923 0
v 120.042 94.4967 0
v 120.38 94.5255 0
v 121.598 95.2403 0
v 121.606 95.2513 0
v 120.366 94.5231 0
v 121.589 95.2293 0
v 120.352 94.5209 0
v 121.58 95.2184 0
v 120.338 94.5188 0
v 120.324 94.5167 0
v 122.041 96.4543 0
v 122.041 96.4401 0
v 120.31 94.5148 0
v 120.296 94.5129 0
v 120.282 94.5112 0
v 120.267 94.5095 0
v 122.039 96.3977 0
v 121.524 95.1542 0
v 121.534 95.1648 0
v 120.253 94.508 0
v 122.037 96.3694 0
v 122.037 96.3553 0
v 120.225 94.5052 0
v 122.035 96.3412 0
v 122.034 96.3271 0
v 122.033 96.313 0
v 121.466 95.0925 0
v 120.169 94.5008 0
v 120.183 94.5017 0
v 122.032 96.2989 0
v 121.456 95.0825 0
v 120.155 94.4999 0
v 121.446 95.0725 0
v 122.03 96.2848 0
v 120.141 94.4992 0
v 120.126 94.4985 0
v 122.029 96.2708 0
v 120.112 94.498 0
v 120.098 94.4975 0
v 121.415 95.043 0
v 120.084 94.4972 0
v 120.07 94.4969 0
v 122.022 96.2146 0
v 120.056 94.4968 0
v 122.02 96.2006 0
v 121.373 95.0048 0
v 121.363 94.9954 0
v 122.017 96.1866 0
v 121.352 94.9861 0
v 122.013 96.1587 0
v 121.342 94.9768 0
v 121.331 94.9677 0
v 122.005 96.1169 0
v 122.002 96.1031 0
v 121.287 94.9318 0
v 121.276 94.923 0
v 121.984 96.0202 0
v 121.196 94.8638 0
v 121.977 95.9928 0
v 121.966 95.9518 0
v 121.962 95.9382 0
v 121.15 94.8318 0
v 121.138 94.824 0
v 121.954 95.9111 0
v 121.126 94.8163 0
v 121.114 94.8087 0
v 121.102 94.8011 0
v 121.941 95.8706 0
v 121.09 94.7937 0
v 121.078 94.7863 0
v 121.066 94.779 0
v 121.932 95.8438 0
v 121.054 94.7718 0
v 121.923 95.8171 0
v 121.042 94.7647 0
v 121.918 95.8038 0
v 121.913 95.7906 0
v 121.017 94.7507 0
v 121.908 95.7773 0
v 120.992 94.7371 0
v 121.887 95.7248 0
v 120.942 94.7109 0
v 120.929 94.7045 0
v 120.917 94.6983 0
v 121.864 95.6729 0
v 120.904 94.6922 0
v 121.858 95.66 0
v 120.891 94.6861 0
v 121.852 95.6472 0
v 120.878 94.6801 0
v 121.846 95.6344 0
v 120.865 94.6743 0
v 121.84 95.6217 0
v 120.852 94.6685 0
v 120.839 94.6628 0
v 120.826 94.6572 0
v 120.813 94.6517 0
v 121.821 95.5837 0
v 120.8 94.6463 0
v 120.787 94.6409 0
v 121.808 95.5586 0
v 121.801 95.5461 0
v 121.794 95.5337 0
v 121.788 95.5213 0
v 120.668 94.5972 0
v 121.722 95.4122 0
v 120.6 94.5763 0
v 120.559 94.5649 0
v 121.691 95.3651 0
v 120.545 94.5612 0
v 121.683 95.3534 0
v 120.532 94.5577 0
v 120.518 94.5543 0
v 120.504 94.551 0
v 121.666 95.3303 0
v 120.491 94.5478 0
v 120.477 94.5446 0
v 120.463 94.5416 0
v 121.641 95.2961 0
v 120.449 94.5387 0
v 121.633 95.2848 0
v 120.435 94.5358 0
v 121.624 95.2736 0
v 120.407 94.5305 0
v 121.615 95.2624 0
v 61.699 54.5631 56.5569
v 61.699 73.0942 56.5569
v 63.5123 54.5631 61.6289
v 63.4944 54.5631 61.607
v 63.4766 54.5631 61.585
v 63.4588 54.5631 61.5629
v 61.6991 54.5631 56.5853
v 63.5666 54.5631 61.6943
v 63.5484 54.5631 61.6726
v 63.5303 54.5631 61.6508
v 63.5848 54.5631 61.716
v 61.7003 54.5631 56.6985
v 63.6031 54.5631 61.7376
v 63.6214 54.5631 61.7592
v 61.7031 54.5631 56.8118
v 61.704 54.5631 56.8401
v 61.7051 54.5631 56.8684
v 61.7075 54.5631 56.9249
v 61.7062 54.5631 56.8967
v 61.7089 54.5631 56.9532
v 61.7191 54.5631 57.1228
v 61.7171 54.5631 57.0946
v 61.7153 54.5631 57.0663
v 61.7233 54.5631 57.1793
v 61.7211 54.5631 57.1511
v 61.7255 54.5631 57.2075
v 61.7279 54.5631 57.2358
v 61.7441 54.5631 57.4049
v 61.7411 54.5631 57.3767
v 61.7383 54.5631 57.3485
v 61.7535 54.5631 57.4893
v 61.7503 54.5631 57.4612
v 61.7471 54.5631 57.433
v 61.7569 54.5631 57.5174
v 61.7639 54.5631 57.5736
v 61.7603 54.5631 57.5455
v 61.7791 54.5631 57.6859
v 61.7751 54.5631 57.6578
v 61.7713 54.5631 57.6298
v 61.7675 54.5631 57.6017
v 61.7959 54.5631 57.7979
v 61.8095 54.5631 57.8818
v 61.8048 54.5631 57.8538
v 61.8003 54.5631 57.8259
v 61.824 54.5631 57.9655
v 61.8191 54.5631 57.9376
v 61.8142 54.5631 57.9097
v 61.829 54.5631 57.9933
v 61.8447 54.5631 58.0768
v 61.8394 54.5631 58.049
v 61.8342 54.5631 58.0212
v 61.8613 54.5631 58.1601
v 61.8557 54.5631 58.1324
v 61.8502 54.5631 58.1046
v 61.8848 54.5631 58.2709
v 61.8971 54.5631 58.3262
v 61.8909 54.5631 58.2986
v 61.9099 54.5631 58.3814
v 61.9034 54.5631 58.3538
v 61.923 54.5631 58.4365
v 61.9164 54.5631 58.409
v 61.9365 54.5631 58.4915
v 61.9297 54.5631 58.464
v 61.9434 54.5631 58.519
v 61.9719 54.5631 58.6286
v 61.9646 54.5631 58.6012
v 61.9574 54.5631 58.5738
v 61.9504 54.5631 58.5464
v 62.002 54.5631 58.7378
v 61.9944 54.5631 58.7105
v 61.9868 54.5631 58.6832
v 61.9793 54.5631 58.6559
v 62.0501 54.5631 58.9008
v 62.0418 54.5631 58.8737
v 62.0337 54.5631 58.8465
v 62.0584 54.5631 58.9278
v 62.0754 54.5631 58.9818
v 62.0669 54.5631 58.9548
v 62.1016 54.5631 59.0627
v 62.0928 54.5631 59.0358
v 62.084 54.5631 59.0088
v 62.1195 54.5631 59.1164
v 62.1105 54.5631 59.0895
v 62.1378 54.5631 59.17
v 62.1286 54.5631 59.1432
v 62.166 54.5631 59.2501
v 62.1565 54.5631 59.2234
v 62.1471 54.5631 59.1967
v 62.1756 54.5631 59.2768
v 62.2049 54.5631 59.3565
v 62.195 54.5631 59.33
v 62.1852 54.5631 59.3034
v 62.2249 54.5631 59.4095
v 62.2148 54.5631 59.383
v 62.2871 54.5631 59.5676
v 62.2765 54.5631 59.5413
v 62.266 54.5631 59.515
v 62.2978 54.5631 59.5938
v 62.3195 54.5631 59.6461
v 62.3086 54.5631 59.62
v 62.3305 54.5631 59.6722
v 62.3528 54.5631 59.7243
v 62.3416 54.5631 59.6983
v 62.3754 54.5631 59.7762
v 62.364 54.5631 59.7503
v 62.3868 54.5631 59.8021
v 62.3983 54.5631 59.828
v 62.4335 54.5631 59.9053
v 62.4217 54.5631 59.8796
v 62.41 54.5631 59.8538
v 62.4454 54.5631 59.931
v 62.4694 54.5631 59.9823
v 62.4574 54.5631 59.9567
v 62.4816 54.5631 60.0079
v 62.5062 54.5631 60.0589
v 62.4939 54.5631 60.0334
v 62.5187 54.5631 60.0843
v 62.5438 54.5631 60.1351
v 62.5312 54.5631 60.1097
v 62.5822 54.5631 60.2109
v 62.5693 54.5631 60.1856
v 62.5565 54.5631 60.1604
v 62.5952 54.5631 60.236
v 62.6347 54.5631 60.3112
v 62.6214 54.5631 60.2862
v 62.6083 54.5631 60.2611
v 62.7022 54.5631 60.4357
v 62.6885 54.5631 60.4109
v 62.6749 54.5631 60.3861
v 62.6614 54.5631 60.3612
v 62.648 54.5631 60.3362
v 62.7299 54.5631 60.4851
v 62.716 54.5631 60.4604
v 62.7578 54.5631 60.5344
v 62.7438 54.5631 60.5098
v 62.7862 54.5631 60.5834
v 62.772 54.5631 60.5589
v 62.8293 54.5631 60.6566
v 62.8148 54.5631 60.6322
v 62.8005 54.5631 60.6078
v 62.8439 54.5631 60.6809
v 62.8585 54.5631 60.7051
v 62.8881 54.5631 60.7534
v 62.8732 54.5631 60.7293
v 62.9029 54.5631 60.7775
v 62.933 54.5631 60.8255
v 62.9179 54.5631 60.8015
v 62.9634 54.5631 60.8733
v 62.9481 54.5631 60.8494
v 62.9787 54.5631 60.8971
v 63.0096 54.5631 60.9446
v 62.9941 54.5631 60.9209
v 63.0408 54.5631 60.9918
v 63.0252 54.5631 60.9682
v 63.0566 54.5631 61.0154
v 63.0724 54.5631 61.0389
v 63.1043 54.5631 61.0857
v 63.0883 54.5631 61.0623
v 63.1204 54.5631 61.109
v 63.202 54.5631 61.2247
v 63.1855 54.5631 61.2017
v 63.2352 54.5631 61.2706
v 63.2185 54.5631 61.2477
v 63.2687 54.5631 61.3162
v 63.2519 54.5631 61.2934
v 63.2856 54.5631 61.339
v 63.3025 54.5631 61.3616
v 63.3539 54.5631 61.4293
v 63.3367 54.5631 61.4068
v 63.3196 54.5631 61.3842
v 63.3712 54.5631 61.4517
v 63.3886 54.5631 61.4741
v 62.195 73.0942 59.33
v 62.1852 73.0942 59.3034
v 62.1756 73.0942 59.2768
v 63.6214 73.0942 61.7592
v 63.6031 73.0942 61.7376
v 62.166 73.0942 59.2501
v 62.1565 73.0942 59.2234
v 62.1471 73.0942 59.1967
v 62.1378 73.0942 59.17
v 63.5303 73.0942 61.6508
v 62.1286 73.0942 59.1432
v 63.5123 73.0942 61.6289
v 62.1195 73.0942 59.1164
v 63.4944 73.0942 61.607
v 62.1105 73.0942 59.0895
v 63.4766 73.0942 61.585
v 62.1016 73.0942 59.0627
v 63.4588 73.0942 61.5629
v 62.0928 73.0942 59.0358
v 62.084 73.0942 59.0088
v 63.4236 73.0942 61.5186
v 62.0754 73.0942 58.9818
v 62.0669 73.0942 58.9548
v 63.3886 73.0942 61.4741
v 62.0584 73.0942 58.9278
v 63.3712 73.0942 61.4517
v 62.0501 73.0942 58.9008
v 63.3539 73.0942 61.4293
v 62.0418 73.0942 58.8737
v 62.0337 73.0942 58.8465
v 62.0256 73.0942 58.8194
v 62.0177 73.0942 58.7922
v 63.2856 73.0942 61.339
v 62.0098 73.0942 58.765
v 63.2687 73.0942 61.3162
v 62.002 73.0942 58.7378
v 63.2519 73.0942 61.2934
v 61.9944 73.0942 58.7105
v 63.2352 73.0942 61.2706
v 61.9868 73.0942 58.6832
v 63.2185 73.0942 61.2477
v 61.9793 73.0942 58.6559
v 63.202 73.0942 61.2247
v 61.9719 73.0942 58.6286
v 63.1855 73.0942 61.2017
v 61.9646 73.0942 58.6012
v 63.1691 73.0942 61.1786
v 61.9574 73.0942 58.5738
v 63.1528 73.0942 61.1554
v 61.9504 73.0942 58.5464
v 63.1365 73.0942 61.1322
v 61.9434 73.0942 58.519
v 63.1204 73.0942 61.109
v 61.9365 73.0942 58.4915
v 63.1043 73.0942 61.0857
v 61.9297 73.0942 58.464
v 63.0883 73.0942 61.0623
v 61.923 73.0942 58.4365
v 63.0724 73.0942 61.0389
v 63.0566 73.0942 61.0154
v 63.0408 73.0942 60.9918
v 61.9099 73.0942 58.3814
v 61.8971 73.0942 58.3262
v 61.8909 73.0942 58.2986
v 63.0096 73.0942 60.9446
v 62.9941 73.0942 60.9209
v 61.8848 73.0942 58.2709
v 62.9787 73.0942 60.8971
v 61.8788 73.0942 58.2433
v 62.9634 73.0942 60.8733
v 61.8729 73.0942 58.2156
v 62.9481 73.0942 60.8494
v 61.867 73.0942 58.1879
v 62.933 73.0942 60.8255
v 61.8613 73.0942 58.1601
v 62.9179 73.0942 60.8015
v 61.8557 73.0942 58.1324
v 61.8502 73.0942 58.1046
v 61.8447 73.0942 58.0768
v 61.8394 73.0942 58.049
v 62.8585 73.0942 60.7051
v 61.8342 73.0942 58.0212
v 62.8439 73.0942 60.6809
v 61.829 73.0942 57.9933
v 62.8293 73.0942 60.6566
v 61.824 73.0942 57.9655
v 62.8148 73.0942 60.6322
v 61.8191 73.0942 57.9376
v 61.8142 73.0942 57.9097
v 62.8005 73.0942 60.6078
v 61.8095 73.0942 57.8818
v 62.7862 73.0942 60.5834
v 61.8048 73.0942 57.8538
v 62.772 73.0942 60.5589
v 62.7578 73.0942 60.5344
v 62.7438 73.0942 60.5098
v 62.7299 73.0942 60.4851
v 62.716 73.0942 60.4604
v 62.7022 73.0942 60.4357
v 61.7791 73.0942 57.6859
v 61.7751 73.0942 57.6578
v 62.6885 73.0942 60.4109
v 61.7713 73.0942 57.6298
v 62.6749 73.0942 60.3861
v 61.7675 73.0942 57.6017
v 62.6614 73.0942 60.3612
v 61.7639 73.0942 57.5736
v 61.7603 73.0942 57.5455
v 61.7569 73.0942 57.5174
v 61.7535 73.0942 57.4893
v 62.6083 73.0942 60.2611
v 61.7503 73.0942 57.4612
v 61.7471 73.0942 57.433
v 62.5822 73.0942 60.2109
v 61.7441 73.0942 57.4049
v 62.5693 73.0942 60.1856
v 61.7411 73.0942 57.3767
v 61.7383 73.0942 57.3485
v 62.5565 73.0942 60.1604
v 61.7355 73.0942 57.3204
v 62.5438 73.0942 60.1351
v 61.7329 73.0942 57.2922
v 62.5312 73.0942 60.1097
v 61.7303 73.0942 57.264
v 62.5187 73.0942 60.0843
v 61.7279 73.0942 57.2358
v 62.5062 73.0942 60.0589
v 61.7255 73.0942 57.2075
v 62.4939 73.0942 60.0334
v 61.7233 73.0942 57.1793
v 62.4816 73.0942 60.0079
v 61.7211 73.0942 57.1511
v 62.4694 73.0942 59.9823
v 61.7191 73.0942 57.1228
v 62.4574 73.0942 59.9567
v 62.4454 73.0942 59.931
v 62.4335 73.0942 59.9053
v 61.7119 73.0942 57.0098
v 62.4217 73.0942 59.8796
v 61.7103 73.0942 56.9815
v 62.41 73.0942 59.8538
v 61.7089 73.0942 56.9532
v 62.3983 73.0942 59.828
v 61.7075 73.0942 56.9249
v 62.3754 73.0942 59.7762
v 61.7051 73.0942 56.8684
v 62.3528 73.0942 59.7243
v 61.7031 73.0942 56.8118
v 61.7022 73.0942 56.7835
v 62.3416 73.0942 59.6983
v 61.7015 73.0942 56.7551
v 62.3305 73.0942 59.6722
v 61.7008 73.0942 56.7268
v 62.3195 73.0942 59.6461
v 61.7003 73.0942 56.6985
v 62.3086 73.0942 59.62
v 61.6998 73.0942 56.6702
v 62.2978 73.0942 59.5938
v 61.6995 73.0942 56.6419
v 62.2871 73.0942 59.5676
v 61.6992 73.0942 56.6136
v 62.2765 73.0942 59.5413
v 61.6991 73.0942 56.5853
v 62.266 73.0942 59.515
v 62.2453 73.0942 59.4623
v 62.2249 73.0942 59.4095
v 62.2148 73.0942 59.383
v 62.2049 73.0942 59.3565
v 55.4583 85.5736 44
v 55.4427 85.546 44
v 55.4739 85.6018 44
v 55.4895 85.6306 44
v 55.505 85.6601 44
v 56.0913 91.4676 44
v 56.1014 91.4038 44
v 56.0809 91.5308 44
v 56.0702 91.5933 44
v 55.5205 85.6902 44
v 55.1241 93.9734 44
v 55.1412 93.9556 44
v 55.536 85.7209 44
v 55.5514 85.7523 44
v 55.1071 93.9907 44
v 55.5668 85.7843 44
v 55.09 94.0073 44
v 55.073 94.0233 44
v 55.8481 92.5514 44
v 55.863 92.501 44
v 55.5821 85.817 44
v 55.5973 85.8503 44
v 55.6125 85.8843 44
v 55.6277 85.9189 44
v 54.9224 94.1421 44
v 54.939 94.1311 44
v 54.906 94.1527 44
v 55.6427 85.9542 44
v 54.8895 94.1627 44
v 55.6577 85.9902 44
v 55.6726 86.0268 44
v 55.6076 93.2106 44
v 55.6244 93.1723 44
v 54.8732 94.1722 44
v 55.6875 86.064 44
v 54.8568 94.1813 44
v 54.8406 94.1898 44
v 55.7022 86.1019 44
v 54.8244 94.1979 44
v 54.8082 94.2056 44
v 55.7168 86.1405 44
v 55.7314 86.1798 44
v 55.7458 86.2197 44
v 54.7921 94.2127 44
v 54.776 94.2195 44
v 54.7599 94.2257 44
v 55.7602 86.2602 44
v 55.3316 93.7161 44
v 55.349 93.6902 44
v 55.7744 86.3014 44
v 55.7885 86.3433 44
v 55.3142 93.7413 44
v 54.7439 94.2315 44
v 56.2206 90.2467 44
v 56.2243 90.1755 44
v 56.2166 90.3177 44
v 56.2121 90.3884 44
v 56.2073 90.4588 44
v 56.202 90.529 44
v 56.1964 90.5988 44
v 55.2968 93.7658 44
v 56.2276 90.104 44
v 56.2305 90.0324 44
v 54.728 94.2369 44
v 54.7121 94.2419 44
v 55.8024 86.3858 44
v 55.8163 86.429 44
v 55.83 86.4728 44
v 54.6962 94.2464 44
v 54.6803 94.2505 44
v 54.6645 94.2542 44
v 54.6487 94.2575 44
v 55.8436 86.5173 44
v 55.857 86.5624 44
v 55.8703 86.6082 44
v 54.6329 94.2604 44
v 54.6172 94.2629 44
v 55.8834 86.6545 44
v 54.6015 94.2649 44
v 54.5857 94.2666 44
v 54.57 94.2679 44
v 55.8964 86.7016 44
v 55.9092 86.7492 44
v 54.5544 94.2687 44
v 54.5412 94.2691 44
v 54.5281 94.2693 44
v 55.7395 92.8817 44
v 55.7555 92.837 44
v 55.7234 92.9257 44
v 55.9218 86.7975 44
v 55.9342 86.8464 44
v 55.9465 86.8958 44
v 55.9586 86.9459 44
v 55.9705 86.9966 44
v 55.9822 87.0479 44
v 55.9937 87.0998 44
v 56.005 87.1522 44
v 56.1207 91.2746 44
v 56.1298 91.2091 44
v 56.1112 91.3395 44
v 56.016 87.2052 44
v 55.0561 94.0388 44
v 55.0224 94.0679 44
v 55.0392 94.0536 44
v 56.0269 87.2587 44
v 56.0375 87.3128 44
v 55.0056 94.0816 44
v 54.9889 94.0948 44
v 54.9722 94.1074 44
v 56.048 87.3675 44
v 54.9555 94.1195 44
v 56.0581 87.4226 44
v 56.0681 87.4783 44
v 56.0778 87.5345 44
v 55.8331 92.601 44
v 55.8179 92.6498 44
v 56.0872 87.5912 44
v 56.0965 87.6484 44
v 56.1054 87.706 44
v 55.6412 93.1332 44
v 55.6578 93.0934 44
v 56.1141 87.7641 44
v 56.1226 87.8227 44
v 56.1307 87.8816 44
v 55.9479 92.1825 44
v 55.9612 92.1267 44
v 55.9342 92.2375 44
v 56.1386 87.9411 44
v 56.1463 88.0009 44
v 56.1536 88.0611 44
v 55.5052 93.4234 44
v 55.5224 93.3899 44
v 55.4879 93.4561 44
v 56.1607 88.1217 44
v 55.2794 93.7896 44
v 56.1675 88.1827 44
v 55.262 93.8126 44
v 56.174 88.244 44
v 55.2447 93.8351 44
v 56.1802 88.3057 44
v 56.1861 88.3677 44
v 56.1917 88.43 44
v 56.1971 88.4926 44
v 55.9873 92.013 44
v 55.9999 91.9551 44
v 55.9744 92.0702 44
v 56.2021 88.5554 44
v 55.9204 92.2917 44
v 55.9064 92.3452 44
v 56.2068 88.6186 44
v 56.2112 88.6819 44
v 56.2153 88.7455 44
v 56.2191 88.8094 44
v 56.2226 88.8734 44
v 56.2257 88.9376 44
v 56.2286 89.0019 44
v 56.2311 89.0664 44
v 55.5396 93.3556 44
v 55.4706 93.488 44
v 56.2352 89.1958 44
v 56.2333 89.1311 44
v 55.4533 93.5191 44
v 56.2367 89.2607 44
v 56.238 89.3256 44
v 56.147 91.0767 44
v 56.1552 91.0097 44
v 56.1386 91.1432 44
v 56.2389 89.3905 44
v 56.2395 89.4556 44
v 56.2398 89.5278 44
v 56.2396 89.6001 44
v 56.2391 89.6723 44
v 56.2382 89.7445 44
v 56.2369 89.8167 44
v 55.8025 92.6978 44
v 56.2352 89.8887 44
v 56.233 89.9606 44
v 55.6744 93.0527 44
v 56.0245 91.8372 44
v 56.0363 91.7772 44
v 56.0123 91.8965 44
v 55.8921 92.3979 44
v 55.2274 93.8568 44
v 55.2101 93.8779 44
v 55.1928 93.8982 44
v 55.5567 93.3206 44
v 55.5737 93.2847 44
v 55.436 93.5495 44
v 55.4186 93.5791 44
v 55.4012 93.608 44
v 56.1704 90.8744 44
v 56.1774 90.8061 44
v 56.1629 90.9423 44
v 54.5424 84.8147 44
v 54.5281 84.8145 44
v 54.5567 84.8152 44
v 54.5709 84.816 44
v 54.5852 84.8172 44
v 54.5994 84.8186 44
v 54.6137 84.8204 44
v 54.6279 84.8226 44
v 54.6422 84.825 44
v 54.6565 84.8278 44
v 54.6708 84.831 44
v 54.6851 84.8345 44
v 54.6995 84.8383 44
v 55.787 92.745 44
v 54.7139 84.8424 44
v 55.7713 92.7914 44
v 54.7283 84.847 44
v 54.7427 84.8518 44
v 54.7572 84.857 44
v 54.7716 84.8626 44
v 55.6908 93.0112 44
v 55.7072 92.9688 44
v 54.7862 84.8686 44
v 54.8007 84.8749 44
v 54.8153 84.8815 44
v 54.8299 84.8886 44
v 54.8446 84.896 44
v 54.8593 84.9038 44
v 54.874 84.9121 44
v 54.8888 84.9207 44
v 56.0592 91.6553 44
v 56.0479 91.7166 44
v 54.9036 84.9297 44
v 54.9185 84.9391 44
v 54.9333 84.9489 44
v 55.1756 93.918 44
v 54.9483 84.9592 44
v 54.9633 84.9698 44
v 55.1584 93.9371 44
v 55.8776 92.4499 44
v 54.9783 84.9809 44
v 54.9933 84.9925 44
v 55.0084 85.0045 44
v 55.0236 85.0169 44
v 55.0387 85.0298 44
v 55.054 85.0431 44
v 55.0692 85.057 44
v 55.0845 85.0712 44
v 55.5907 93.2481 44
v 55.0998 85.086 44
v 55.1152 85.1013 44
v 55.1306 85.1171 44
v 55.146 85.1333 44
v 55.3838 93.6361 44
v 55.1615 85.1501 44
v 55.177 85.1674 44
v 55.3664 93.6635 44
v 55.1925 85.1852 44
v 55.2081 85.2035 44
v 55.2236 85.2224 44
v 55.2392 85.2418 44
v 56.1905 90.6683 44
v 56.1841 90.7374 44
v 55.2548 85.2617 44
v 55.2704 85.2822 44
v 55.2861 85.3033 44
v 55.3017 85.3249 44
v 55.3174 85.3471 44
v 55.3331 85.3699 44
v 55.3488 85.3933 44
v 55.3644 85.4172 44
v 55.3801 85.4418 44
v 55.3958 85.4669 44
v 55.4114 85.4927 44
v 55.4271 85.519 44
v 53.9321 85.1104 44
v 53.915 85.1282 44
v 53.8634 85.1855 44
v 53.8462 85.2059 44
v 53.8979 85.1467 44
v 53.8807 85.1658 44
v 54.0841 84.9764 44
v 54.0674 84.989 44
v 54.1173 84.9527 44
v 54.1007 84.9643 44
v 54.1831 84.9116 44
v 54.1667 84.9211 44
v 54.2157 84.894 44
v 54.1994 84.9025 44
v 54.3601 84.8374 44
v 54.3442 84.8419 44
v 54.4391 84.8209 44
v 54.4233 84.8234 44
v 54.5151 84.8147 44
v 54.5019 84.8151 44
v 54.0339 85.0159 44
v 54.017 85.0302 44
v 54.0507 85.0022 44
v 52.8645 90.6538 44
v 52.8701 90.7161 44
v 52.8592 90.5912 44
v 52.8542 90.5284 44
v 52.8495 90.4652 44
v 52.8451 90.4019 44
v 52.841 90.3382 44
v 52.8372 90.2744 44
v 52.8174 89.6933 44
v 52.8183 89.7582 44
v 52.8168 89.6282 44
v 52.8286 88.9798 44
v 52.8257 89.0514 44
v 52.8319 88.9083 44
v 52.8356 88.8371 44
v 52.8442 88.6954 44
v 52.8397 88.7661 44
v 52.849 88.625 44
v 52.8721 88.3464 44
v 52.8658 88.4155 44
v 53.7545 93.7589 44
v 53.7702 93.7805 44
v 53.7388 93.7367 44
v 53.7232 93.7139 44
v 53.7075 93.6905 44
v 53.6918 93.6666 44
v 53.6762 93.642 44
v 54.2642 84.8711 44
v 54.2481 84.8782 44
v 53.5358 93.3936 44
v 53.5512 93.4237 44
v 53.5203 93.3629 44
v 53.3688 93.0198 44
v 53.3836 93.057 44
v 53.3541 92.9819 44
v 54.2803 84.8643 44
v 52.9548 87.68 44
v 52.9451 87.7443 44
v 52.9649 87.6162 44
v 52.9753 87.553 44
v 53.2961 92.8236 44
v 53.3104 92.8641 44
v 53.2819 92.7824 44
v 54.3123 84.8522 44
v 54.2963 84.8581 44
v 53.24 92.6548 44
v 53.2538 92.698 44
v 54.3283 84.8469 44
v 53.0563 87.1287 44
v 53.0439 87.1873 44
v 53.069 87.0708 44
v 53.0858 92.0872 44
v 53.0977 92.1379 44
v 53.0819 87.0136 44
v 53.0741 92.0359 44
v 53.122 86.8463 44
v 53.1084 86.9013 44
v 54.4705 84.8172 44
v 54.4548 84.8189 44
v 54.4862 84.8159 44
v 53.1786 86.6339 44
v 53.1642 86.6859 44
v 53.0187 91.771 44
v 53.0294 91.8251 44
v 53.2082 86.5324 44
v 53.1933 86.5828 44
v 53.2232 86.4828 44
v 52.9176 91.1427 44
v 52.9255 91.2022 44
v 53.3008 86.2468 44
v 53.285 86.2924 44
v 53.3329 86.1581 44
v 53.3168 86.2021 44
v 53.3491 86.115 44
v 53.1993 92.5214 44
v 53.2127 92.5665 44
v 53.186 92.4756 44
v 53.1729 92.4293 44
v 53.0402 91.8786 44
v 53.0513 91.9316 44
v 53.4151 85.9505 44
v 53.3984 85.9904 44
v 53.4318 85.9115 44
v 52.9337 91.2611 44
v 52.9421 91.3197 44
v 53.4656 85.8357 44
v 53.4487 85.8732 44
v 52.8956 90.9621 44
v 52.9026 91.0227 44
v 52.8888 90.9011 44
v 53.5339 85.6939 44
v 53.5167 85.7282 44
v 53.5856 85.5958 44
v 53.5683 85.6277 44
v 53.6029 85.5646 44
v 52.8337 90.2104 44
v 52.8166 89.4837 44
v 52.8165 89.556 44
v 53.7421 85.3425 44
v 53.7247 85.3677 44
v 53.7595 85.318 44
v 54.1338 84.9417 44
v 54.1503 84.9311 44
v 54.3759 84.8332 44
v 54.0327 94.0669 44
v 54.0478 94.0793 44
v 54.0175 94.054 44
v 54.0023 94.0407 44
v 53.987 94.0268 44
v 53.9718 94.0125 44
v 53.9564 93.9978 44
v 53.9411 93.9825 44
v 53.8171 93.842 44
v 53.8326 93.8614 44
v 53.8014 93.8221 44
v 53.6448 93.5911 44
v 53.6605 93.6169 44
v 53.6292 93.5648 44
v 53.5668 93.4532 44
v 53.5823 93.482 44
v 54.0002 85.045 44
v 53.9832 85.0605 44
v 53.5049 93.3315 44
v 52.9092 88.0071 44
v 52.9011 88.0741 44
v 53.3394 92.9433 44
v 53.3249 92.904 44
v 53.0084 87.3672 44
v 52.9971 87.4285 44
v 53.0199 87.3066 44
v 53.2263 92.611 44
v 54.2319 84.8859 44
v 53.1499 86.7386 44
v 53.1359 86.7921 44
v 53.1345 92.2863 44
v 53.1471 92.3346 44
v 53.1097 92.188 44
v 52.8788 88.2777 44
v 52.8859 88.2094 44
v 52.8933 88.1415 44
v 53.4996 85.7632 44
v 53.4825 85.7991 44
v 53.6203 85.5343 44
v 54.4076 84.8263 44
v 54.3918 84.8296 44
v 53.655 85.4758 44
v 53.6377 85.5046 44
v 53.0083 91.7163 44
v 52.9981 91.6612 44
v 53.6724 85.4477 44
v 53.7073 85.3936 44
v 53.8116 85.2487 44
v 53.7942 85.2711 44
v 53.8289 85.227 44
v 53.9492 85.0931 44
v 52.9882 91.6055 44
v 52.9785 91.5493 44
v 52.969 91.4926 44
v 52.9598 91.4354 44
v 52.9508 91.3778 44
v 52.8823 90.8398 44
v 52.8761 90.7781 44
v 52.8305 90.1462 44
v 52.8277 90.0819 44
v 52.8252 90.0174 44
v 52.823 89.9527 44
v 52.8211 89.888 44
v 52.8195 89.8231 44
v 54.5139 94.2691 44
v 54.4996 94.2686 44
v 54.4853 94.2678 44
v 54.4711 94.2666 44
v 54.4568 94.2652 44
v 54.4426 94.2634 44
v 54.4283 94.2612 44
v 54.4141 94.2588 44
v 54.3998 94.256 44
v 54.3854 94.2528 44
v 54.3568 94.2455 44
v 54.3711 94.2493 44
v 54.3424 94.2414 44
v 54.328 94.2368 44
v 54.3136 94.232 44
v 54.2991 94.2268 44
v 54.2846 94.2212 44
v 54.2701 94.2152 44
v 54.2555 94.2089 44
v 54.241 94.2023 44
v 54.2263 94.1952 44
v 54.2117 94.1878 44
v 54.197 94.18 44
v 54.1822 94.1717 44
v 54.1675 94.1631 44
v 54.1527 94.1541 44
v 54.1378 94.1447 44
v 54.108 94.1246 44
v 54.1229 94.1349 44
v 54.093 94.114 44
v 54.078 94.1029 44
v 54.0629 94.0913 44
v 52.8232 89.1232 44
v 53.9102 93.9505 44
v 53.9257 93.9668 44
v 53.8948 93.9337 44
v 53.8793 93.9164 44
v 53.8482 93.8803 44
v 53.8638 93.8986 44
v 53.7858 93.8016 44
v 53.6135 93.5378 44
v 53.5979 93.5102 44
v 52.8171 89.4115 44
v 52.8181 89.3393 44
v 52.8194 89.2671 44
v 52.8211 89.1951 44
v 52.8542 88.5548 44
v 52.9177 87.9406 44
v 52.8598 88.485 44
v 53.4589 93.2335 44
v 53.4742 93.2668 44
v 53.4437 93.1995 44
v 53.4286 93.1649 44
v 52.9265 87.8747 44
v 53.4135 93.1296 44
v 52.9356 87.8092 44
v 53.4895 93.2995 44
v 53.2678 92.7405 44
v 52.9861 87.4905 44
v 53.122 92.2375 44
v 53.0626 91.9841 44
v 53.095 86.9571 44
v 53.0318 87.2466 44
v 53.3985 93.0936 44
v 53.2384 86.434 44
v 52.91 91.0829 44
v 53.2538 86.386 44
v 53.2693 86.3388 44
v 53.3654 86.0726 44
v 53.3819 86.0311 44
v 53.1599 92.3822 44
v 53.5511 85.6604 44
v 53.7769 85.2942 44
v 53.9662 85.0765 44
v 53.6899 85.4203 44
v 52.8079 95.1289 42
v 52.7881 95.0922 42
v 51.7111 88.433 42
v 51.7166 88.3514 42
v 57.1208 87.725 42
v 57.1284 87.7964 42
v 56.977 92.367 42
v 56.9637 92.4399 42
v 53.4336 95.9905 42
v 53.4135 95.9705 42
v 51.8858 92.1896 42
v 51.8748 92.1224 42
v 57.1645 90.8948 42
v 57.1579 90.9756 42
v 52.0942 85.8799 42
v 52.1108 85.8142 42
v 52.8278 95.1649 42
v 55.6417 83.2912 42
v 55.662 83.3157 42
v 57.1357 87.868 42
v 53.0077 83.6209 42
v 53.0302 83.5872 42
v 56.9502 92.5123 42
v 56.4852 84.849 42
v 56.5031 84.8981 42
v 51.706 88.5149 42
v 53.4538 96.0101 42
v 51.897 92.2564 42
v 52.8477 95.2004 42
v 55.6823 83.3407 42
v 55.7026 83.3662 42
v 52.8676 95.2353 42
v 57.1427 87.9399 42
v 53.4739 96.0291 42
v 56.5209 84.9478 42
v 57.1508 91.0562 42
v 53.0526 83.5542 42
v 51.7013 88.5969 42
v 51.9085 92.3228 42
v 56.9364 92.5841 42
v 57.1494 88.0121 42
v 52.8876 95.2697 42
v 55.7228 83.3922 42
v 56.5386 84.998 42
v 53.494 96.0478 42
v 51.697 88.6791 42
v 52.9077 95.3034 42
v 55.7431 83.4188 42
v 55.7634 83.446 42
v 56.9222 92.6554 42
v 52.4259 84.801 42
v 52.446 84.7478 42
v 53.0751 83.5218 42
v 53.0976 83.4901 42
v 57.1434 91.1364 42
v 53.5141 96.0659 42
v 52.9277 95.3366 42
v 51.9202 92.3888 42
v 57.1558 88.0846 42
v 56.5561 85.0489 42
v 53.5342 96.0836 42
v 52.0778 85.9463 42
v 56.9078 92.726 42
v 55.7837 83.4736 42
v 51.693 88.7615 42
v 52.9479 95.3693 42
v 51.9322 92.4543 42
v 57.1619 88.1572 42
v 51.9444 92.5194 42
v 53.5542 96.1009 42
v 51.6895 88.8441 42
v 56.5734 85.1003 42
v 52.0618 86.0133 42
v 52.4058 84.855 42
v 55.804 83.5018 42
v 53.1201 83.4591 42
v 57.1357 91.2163 42
v 56.8931 92.7961 42
v 57.1677 88.2301 42
v 51.9569 92.584 42
v 51.6864 88.9268 42
v 53.5742 96.1177 42
v 55.8242 83.5305 42
v 55.8445 83.5598 42
v 56.5906 85.1523 42
v 52.968 95.4013 42
v 53.5942 96.134 42
v 56.8781 92.8656 42
v 57.1732 88.3032 42
v 51.9696 92.6482 42
v 52.386 84.9096 42
v 52.046 86.081 42
v 53.1426 83.4288 42
v 55.8647 83.5896 42
v 52.9882 95.4328 42
v 53.6141 96.1499 42
v 51.6836 89.0096 42
v 56.6077 85.2049 42
v 51.9825 92.7119 42
v 57.1276 91.2959 42
v 57.1784 88.3765 42
v 52.0304 86.1493 42
v 56.8628 92.9345 42
v 55.8849 83.62 42
v 51.6812 89.0925 42
v 53.634 96.1654 42
v 56.6246 85.2581 42
v 53.6539 96.1805 42
v 51.9957 92.7751 42
v 55.9051 83.651 42
v 53.1652 83.3991 42
v 53.1877 83.37 42
v 57.1832 88.45 42
v 56.6413 85.3118 42
v 56.8473 93.0028 42
v 53.0083 95.4638 42
v 52.0151 86.2182 42
v 53.6738 96.1951 42
v 55.9253 83.6825 42
v 57.1191 91.3751 42
v 51.6793 89.1755 42
v 57.1878 88.5237 42
v 53.2102 83.3416 42
v 56.8315 93.0705 42
v 52.0091 92.8379 42
v 52.0001 86.2877 42
v 53.6936 96.2093 42
v 55.9454 83.7145 42
v 56.6579 85.3661 42
v 53.0285 95.4942 42
v 53.7134 96.2231 42
v 52.0228 92.9002 42
v 57.192 88.5976 42
v 55.9655 83.7472 42
v 52.0366 92.962 42
v 51.6777 89.2586 42
v 56.8154 93.1375 42
v 56.6743 85.421 42
v 53.7332 96.2364 42
v 52.3663 84.965 42
v 53.2328 83.3139 42
v 53.2553 83.2868 42
v 57.1959 88.6716 42
v 55.9856 83.7804 42
v 53.7529 96.2494 42
v 52.0507 93.0232 42
v 51.6766 89.3418 42
v 57.1102 91.454 42
v 56.6905 85.4764 42
v 56.7991 93.2039 42
v 53.0488 95.524 42
v 57.1995 88.7457 42
v 53.7726 96.2619 42
v 52.065 93.084 42
v 56.7825 93.2696 42
v 51.6758 89.425 42
v 56.7066 85.5324 42
v 51.9854 86.3578 42
v 56.0056 83.8141 42
v 52.3467 85.021 42
v 53.2778 83.2603 42
v 53.3003 83.2344 42
v 53.7923 96.2741 42
v 57.2028 88.82 42
v 51.6754 89.5082 42
v 53.8119 96.2858 42
v 51.971 86.4284 42
v 56.7657 93.3347 42
v 56.7225 85.589 42
v 53.069 95.5533 42
v 52.0795 93.1443 42
v 57.2057 88.8944 42
v 57.101 91.5325 42
v 53.8316 96.2971 42
v 52.0942 93.204 42
v 56.0256 83.8485 42
v 51.6755 89.5915 42
v 52.3274 85.0779 42
v 53.3228 83.2092 42
v 53.3452 83.1845 42
v 56.7486 93.3992 42
v 56.7382 85.646 42
v 53.8511 96.3081 42
v 52.1091 93.2633 42
v 51.9569 86.4997 42
v 57.2083 88.9689 42
v 53.0893 95.582 42
v 53.8707 96.3187 42
v 51.6759 89.6664 42
v 56.7537 85.7037 42
v 56.7313 93.4629 42
v 52.1242 93.322 42
v 51.943 86.5715 42
v 57.2107 89.0435 42
v 56.0456 83.8834 42
v 53.8902 96.3289 42
v 51.6766 89.7412 42
v 52.3082 85.1354 42
v 53.3677 83.1605 42
v 53.3901 83.1371 42
v 56.769 85.7618 42
v 56.7138 93.526 42
v 52.1396 93.3801 42
v 53.9097 96.3387 42
v 57.2127 89.1181 42
v 51.6776 89.8161 42
v 57.0914 91.6106 42
v 53.9292 96.3481 42
v 51.9295 86.6439 42
v 56.0655 83.9189 42
v 53.1095 95.6102 42
v 56.696 93.5885 42
v 56.7841 85.8205 42
v 52.1551 93.4378 42
v 53.4125 83.1143 42
v 53.4349 83.0921 42
v 51.6789 89.8909 42
v 53.9486 96.3571 42
v 51.9163 86.7168 42
v 56.678 93.6502 42
v 57.2143 89.1929 42
v 56.799 85.8798 42
v 52.1708 93.4948 42
v 53.968 96.3658 42
v 51.6806 89.9657 42
v 56.0853 83.9549 42
v 53.9874 96.3741 42
v 57.2157 89.2677 42
v 56.6598 93.7112 42
v 56.8138 85.9395 42
v 52.1866 93.5514 42
v 53.1298 95.6378 42
v 51.6826 90.0403 42
v 54.0067 96.3821 42
v 53.4572 83.0704 42
v 53.4796 83.0494 42
v 56.6414 93.7716 42
v 52.2027 93.6074 42
v 56.8283 85.9998 42
v 54.026 96.3897 42
v 57.2167 89.3425 42
v 57.0815 91.6883 42
v 51.9034 86.7902 42
v 56.1052 83.9916 42
v 54.0453 96.3969 42
v 56.6228 93.8312 42
v 51.6849 90.1149 42
v 56.8426 86.0606 42
v 57.2174 89.4174 42
v 54.0646 96.4038 42
v 52.2189 93.6628 42
v 52.2892 85.1936 42
v 53.5019 83.0289 42
v 53.5241 83.009 42
v 54.0839 96.4103 42
v 53.5464 82.9896 42
v 51.6875 90.1894 42
v 51.8908 86.8642 42
v 56.604 93.8902 42
v 56.1249 84.0289 42
v 52.2353 93.7177 42
v 54.1031 96.4165 42
v 57.2178 89.4923 42
v 53.1501 95.665 42
v 51.6905 90.2638 42
v 56.8566 86.1218 42
v 56.5851 93.9484 42
v 51.8785 86.9387 42
v 54.1223 96.4223 42
v 52.2519 93.772 42
v 52.2687 93.8257 42
v 54.1415 96.4278 42
v 57.0712 91.7655 42
v 57.2178 89.5756 42
v 56.8705 86.1836 42
v 52.2704 85.2526 42
v 53.5686 82.9708 42
v 53.5907 82.9526 42
v 53.6129 82.9349 42
v 56.1446 84.0667 42
v 56.5659 94.0059 42
v 54.1606 96.4329 42
v 51.6938 90.3381 42
v 56.8841 86.2459 42
v 56.5465 94.0628 42
v 51.8665 87.0136 42
v 54.1798 96.4378 42
v 54.1989 96.4422 42
v 56.527 94.1188 42
v 57.2174 89.6588 42
v 51.6974 90.4122 42
v 52.2856 93.8789 42
v 56.1642 84.1051 42
v 56.8975 86.3087 42
v 53.6349 82.9177 42
v 53.657 82.901 42
v 53.679 82.8849 42
v 53.1704 95.6915 42
v 51.8549 87.0891 42
v 54.218 96.4463 42
v 52.3026 93.9315 42
v 51.7013 90.4862 42
v 56.5073 94.1742 42
v 56.9107 86.3719 42
v 57.2167 89.742 42
v 54.2371 96.4501 42
v 52.3198 93.9835 42
v 54.2562 96.4536 42
v 51.7055 90.5601 42
v 56.4874 94.2289 42
v 51.8436 87.165 42
v 56.1838 84.1441 42
v 52.3372 94.0349 42
v 52.6766 84.2112 42
v 52.6982 84.1668 42
v 54.2752 96.4567 42
v 52.2518 85.3122 42
v 53.701 82.8693 42
v 57.2155 89.8252 42
v 53.7229 82.8543 42
v 53.7448 82.8397 42
v 53.7667 82.8256 42
v 56.9237 86.4356 42
v 56.4674 94.2828 42
v 51.71 90.6338 42
v 54.2943 96.4595 42
v 57.0606 91.8424 42
v 51.8326 87.2414 42
v 54.3133 96.4619 42
v 53.1907 95.7176 42
v 52.6551 84.2563 42
v 52.7199 84.1231 42
v 56.4472 94.336 42
v 56.9364 86.4998 42
v 56.2033 84.1837 42
v 51.7149 90.7073 42
v 54.3324 96.4641 42
v 52.3547 94.0858 42
v 56.4269 94.3884 42
v 57.214 89.9083 42
v 52.3723 94.136 42
v 54.3514 96.4659 42
v 52.2334 85.3726 42
v 53.7885 82.8121 42
v 53.8103 82.799 42
v 53.832 82.7864 42
v 53.8537 82.7743 42
v 56.9489 86.5644 42
v 53.8754 82.7626 42
v 53.897 82.7515 42
v 51.7201 90.7806 42
v 54.3704 96.4673 42
v 52.6337 84.3022 42
v 52.7417 84.0802 42
v 56.4064 94.4401 42
v 52.3901 94.1857 42
v 56.2228 84.2239 42
v 54.3894 96.4685 42
v 57.212 89.9913 42
v 51.7255 90.8537 42
v 56.3858 94.4911 42
v 56.9611 86.6295 42
v 51.822 87.3183 42
v 54.4085 96.4693 42
v 53.211 95.7431 42
v 54.4276 96.4698 42
v 56.3651 94.5414 42
v 52.7635 84.038 42
v 52.408 94.2348 42
v 56.2421 84.2647 42
v 51.7313 90.9266 42
v 53.9186 82.7408 42
v 53.9401 82.7306 42
v 53.9616 82.7208 42
v 53.9831 82.7115 42
v 56.9731 86.695 42
v 54.0045 82.7026 42
v 54.0259 82.6942 42
v 54.0472 82.6862 42
v 54.0686 82.6786 42
v 54.0899 82.6715 42
v 54.1111 82.6648 42
v 54.1323 82.6586 42
v 54.4466 96.4699 42
v 56.3442 94.5909 42
v 57.0496 91.9188 42
v 57.2096 90.0742 42
v 51.8118 87.3955 42
v 54.4667 96.4698 42
v 51.7374 90.9992 42
v 52.4261 94.2833 42
v 54.4869 96.4692 42
v 52.6123 84.3487 42
v 56.3232 94.6397 42
v 56.2614 84.306 42
v 54.5079 96.4682 42
v 56.9848 86.761 42
v 52.4442 94.3312 42
v 54.1535 82.6527 42
v 54.1747 82.6473 42
v 54.1959 82.6423 42
v 51.8018 87.4732 42
v 54.217 82.6377 42
v 54.2381 82.6335 42
v 51.7438 91.0717 42
v 54.2592 82.6297 42
v 54.2802 82.6264 42
v 54.3013 82.6234 42
v 54.3223 82.6208 42
v 54.3433 82.6187 42
v 54.3643 82.6169 42
v 54.3853 82.6155 42
v 54.4063 82.6146 42
v 56.3021 94.6877 42
v 54.4266 82.614 42
v 54.4466 82.6139 42
v 54.4656 82.614 42
v 54.4848 82.6145 42
v 57.2069 90.157 42
v 54.5038 82.6153 42
v 54.5228 82.6165 42
v 54.5418 82.6179 42
v 54.5609 82.6197 42
v 54.5799 82.6219 42
v 54.599 82.6243 42
v 54.618 82.6271 42
v 54.6371 82.6302 42
v 54.6562 82.6337 42
v 54.6753 82.6375 42
v 54.6944 82.6416 42
v 54.7135 82.6461 42
v 54.7326 82.6509 42
v 54.7518 82.656 42
v 54.771 82.6615 42
v 54.7902 82.6673 42
v 54.5289 96.4669 42
v 54.8094 82.6735 42
v 54.8286 82.68 42
v 54.8479 82.6869 42
v 54.8672 82.6941 42
v 54.5499 96.4651 42
v 56.9963 86.8274 42
v 56.2809 94.7351 42
v 52.5911 84.3961 42
v 52.4625 94.3786 42
v 52.7855 83.9965 42
v 53.2313 95.7681 42
v 51.7505 91.1439 42
v 54.5709 96.463 42
v 56.2596 94.7816 42
v 56.2806 84.348 42
v 57.2038 90.2397 42
v 54.592 96.4604 42
v 56.2382 94.8275 42
v 51.7923 87.5513 42
v 57.0075 86.8942 42
v 52.2152 85.4336 42
v 54.8865 82.7017 42
v 54.9059 82.7097 42
v 54.9253 82.718 42
v 54.9447 82.7267 42
v 54.9641 82.7357 42
v 54.9836 82.7451 42
v 55.003 82.7549 42
v 55.0226 82.7651 42
v 54.613 96.4574 42
v 52.4809 94.4253 42
v 54.6341 96.4541 42
v 52.57 84.4441 42
v 51.783 87.6298 42
v 52.8075 83.9558 42
v 56.2997 84.3906 42
v 56.2167 94.8726 42
v 57.0184 86.9614 42
v 54.6551 96.4503 42
v 56.195 94.917 42
v 51.7575 91.2158 42
v 52.4994 94.4714 42
v 55.0421 82.7757 42
v 55.0617 82.7867 42
v 55.0813 82.798 42
v 55.101 82.8097 42
v 55.1206 82.8219 42
v 57.2002 90.3223 42
v 57.0384 91.9947 42
v 54.6762 96.4461 42
v 52.5181 94.517 42
v 56.1734 94.9607 42
v 57.0291 87.029 42
v 54.6974 96.4415 42
v 51.7648 91.2874 42
v 54.7185 96.4365 42
v 52.549 84.4929 42
v 52.8295 83.9157 42
v 51.7742 87.7087 42
v 56.1516 95.0036 42
v 52.5368 94.5619 42
v 53.2516 95.7926 42
v 56.3187 84.4338 42
v 54.7397 96.4311 42
v 57.1963 90.4047 42
v 52.1972 85.4953 42
v 56.1297 95.0458 42
v 51.7724 91.3588 42
v 55.1403 82.8344 42
v 55.1601 82.8474 42
v 55.1798 82.8608 42
v 54.7609 96.4252 42
v 55.1996 82.8745 42
v 57.0395 87.097 42
v 56.1078 95.0873 42
v 51.7657 87.7879 42
v 54.7821 96.419 42
v 56.3376 84.4775 42
v 56.0858 95.128 42
v 52.5556 94.6063 42
v 52.5282 84.5424 42
v 54.8034 96.4123 42
v 51.7803 91.4299 42
v 52.8516 83.8764 42
v 54.8247 96.4052 42
v 56.0637 95.1681 42
v 54.846 96.3976 42
v 52.1795 85.5578 42
v 55.2195 82.8887 42
v 51.7576 87.8675 42
v 55.2393 82.9033 42
v 55.2592 82.9184 42
v 55.2791 82.9339 42
v 57.1919 90.4869 42
v 57.0497 87.1654 42
v 56.0416 95.2074 42
v 52.5745 94.65 42
v 54.8674 96.3896 42
v 51.7885 91.5007 42
v 56.0194 95.246 42
v 52.8738 83.8378 42
v 56.3565 84.5219 42
v 54.8888 96.3812 42
v 55.9972 95.2839 42
v 54.9102 96.3723 42
v 55.2991 82.9498 42
v 55.3191 82.9661 42
v 55.3391 82.9829 42
v 52.5936 94.6932 42
v 57.0596 87.2341 42
v 54.9316 96.363 42
v 51.7969 91.5711 42
v 57.1872 90.5689 42
v 55.975 95.3211 42
v 53.2718 95.8166 42
v 52.6127 94.7358 42
v 54.9531 96.3532 42
v 51.7498 87.9474 42
v 56.3752 84.5668 42
v 55.9526 95.3576 42
v 54.9747 96.343 42
v 55.9303 95.3934 42
v 57.0692 87.3032 42
v 54.9963 96.3323 42
v 55.9079 95.4285 42
v 52.896 83.7999 42
v 51.8057 91.6413 42
v 52.162 85.6209 42
v 55.3591 83.0002 42
v 55.3791 83.0179 42
v 55.0179 96.3211 42
v 55.3992 83.036 42
v 55.8855 95.4629 42
v 51.7424 88.0276 42
v 55.0395 96.3095 42
v 57.0267 92.0702 42
v 55.0612 96.2974 42
v 55.8631 95.4966 42
v 57.0785 87.3727 42
v 55.083 96.2848 42
v 52.6319 94.7778 42
v 56.3938 84.6124 42
v 51.8147 91.7111 42
v 55.8406 95.5296 42
v 55.1047 96.2717 42
v 57.1821 90.6508 42
v 52.6511 94.8191 42
v 55.8181 95.562 42
v 53.2921 95.8401 42
v 55.1266 96.2582 42
v 55.7956 95.5937 42
v 52.5074 84.5927 42
v 55.4193 83.0547 42
v 55.4395 83.0737 42
v 55.1484 96.2441 42
v 52.9183 83.7627 42
v 55.7731 95.6247 42
v 51.8241 91.7806 42
v 55.1703 96.2295 42
v 55.7506 95.655 42
v 57.0875 87.4425 42
v 56.4123 84.6585 42
v 55.1922 96.2145 42
v 52.6705 94.8599 42
v 55.7281 95.6847 42
v 57.0148 92.1451 42
v 55.2142 96.1989 42
v 55.2362 96.1828 42
v 55.7056 95.7138 42
v 55.4596 83.0933 42
v 55.4798 83.1133 42
v 55.2583 96.1661 42
v 53.3124 95.8631 42
v 55.683 95.7422 42
v 51.8337 91.8497 42
v 55.2804 96.1489 42
v 53.3326 95.8855 42
v 55.6605 95.7699 42
v 57.0963 87.5127 42
v 51.7354 88.1082 42
v 55.3025 96.1312 42
v 55.638 95.7971 42
v 57.1766 90.7324 42
v 55.3247 96.113 42
v 52.6899 94.9001 42
v 55.6155 95.8235 42
v 55.3469 96.0942 42
v 52.4868 84.6437 42
v 52.7094 94.9397 42
v 55.593 95.8494 42
v 52.9406 83.7262 42
v 52.9629 83.6904 42
v 55.3691 96.0748 42
v 55.5705 95.8746 42
v 57.0025 92.2196 42
v 55.3914 96.0549 42
v 56.4307 84.7052 42
v 55.548 95.8993 42
v 55.4137 96.0344 42
v 55.5256 95.9233 42
v 55.436 96.0134 42
v 52.1447 85.6846 42
v 55.5032 95.9467 42
v 55.4584 95.9917 42
v 55.5 83.1338 42
v 55.5202 83.1548 42
v 57.1048 87.5831 42
v 55.4807 95.9695 42
v 51.7288 88.189 42
v 52.729 94.9787 42
v 53.3529 95.9075 42
v 57.1707 90.8137 42
v 56.449 84.7525 42
v 51.8436 91.9184 42
v 56.9899 92.2936 42
v 53.3731 95.929 42
v 52.4664 84.6954 42
v 52.9853 83.6553 42
v 52.1276 85.7491 42
v 55.5404 83.1763 42
v 55.5606 83.1983 42
v 52.7486 95.0171 42
v 57.113 87.6539 42
v 51.7225 88.2701 42
v 51.8537 91.9868 42
v 53.3933 95.95 42
v 55.5809 83.2207 42
v 55.6011 83.2437 42
v 56.4672 84.8005 42
v 52.7683 95.055 42
v 51.8641 92.0548 42
v 55.6214 83.2672 42
v 58.887 80.1907 40
v 58.8942 80.1977 40
v 58.9013 80.2048 40
v 58.9084 80.2119 40
v 58.9154 80.2191 40
v 58.8797 80.1837 40
v 59.1843 99.0111 40
v 59.1829 99.0211 40
v 59.1857 99.0011 40
v 58.795 99.6701 40
v 58.7869 99.6761 40
v 58.7788 99.682 40
v 58.8649 80.1701 40
v 58.8723 80.1769 40
v 59.1813 99.031 40
v 59.1796 99.041 40
v 59.1779 99.0509 40
v 58.9428 80.2487 40
v 58.8574 80.1634 40
v 58.8498 80.1567 40
v 58.8422 80.1501 40
v 58.9494 80.2563 40
v 58.956 80.2639 40
v 58.9624 80.2716 40
v 58.3646 99.856 40
v 58.3547 99.8577 40
v 58.3745 99.8542 40
v 58.8267 80.1373 40
v 58.8345 80.1437 40
v 58.9688 80.2794 40
v 58.9752 80.2872 40
v 58.8189 80.1309 40
v 58.7706 99.6878 40
v 58.7623 99.6936 40
v 58.9814 80.2951 40
v 58.9876 80.3031 40
v 59.176 99.0608 40
v 59.174 99.0706 40
v 58.803 80.1185 40
v 58.811 80.1247 40
v 59.172 99.0805 40
v 59.1698 99.0903 40
v 58.754 99.6993 40
v 58.7456 99.7049 40
v 59.1675 99.1001 40
v 59.1652 99.1099 40
v 58.795 80.1124 40
v 58.9937 80.3111 40
v 58.9997 80.3192 40
v 58.7869 80.1064 40
v 58.7788 80.1005 40
v 59.0056 80.3273 40
v 59.0115 80.3355 40
v 58.7706 80.0946 40
v 59.0172 80.3438 40
v 58.3447 99.8592 40
v 58.3347 99.8607 40
v 58.754 80.0832 40
v 58.7623 80.0889 40
v 58.7456 80.0776 40
v 59.0229 80.3521 40
v 59.0285 80.3605 40
v 59.034 80.3689 40
v 58.7372 80.0721 40
v 59.1627 99.1197 40
v 59.1602 99.1294 40
v 58.7372 99.7104 40
v 58.7287 99.7158 40
v 59.1575 99.1392 40
v 59.1548 99.1488 40
v 59.0394 80.3774 40
v 59.0448 80.3859 40
v 58.7287 80.0667 40
v 58.7202 80.0613 40
v 58.7202 99.7211 40
v 58.7116 99.7264 40
v 59.05 80.3945 40
v 58.3248 99.8621 40
v 58.3148 99.8633 40
v 58.7116 80.0561 40
v 59.0552 80.4032 40
v 59.0603 80.4119 40
v 59.0653 80.4206 40
v 58.6942 80.0458 40
v 58.7029 80.0509 40
v 58.6855 80.0408 40
v 59.0702 80.4294 40
v 59.075 80.4382 40
v 59.1519 99.1585 40
v 59.149 99.1681 40
v 59.0797 80.4471 40
v 59.0843 80.4561 40
v 59.1459 99.1777 40
v 58.659 80.0264 40
v 58.6679 80.0311 40
v 58.65 80.0218 40
v 58.6767 80.0359 40
v 59.1428 99.1873 40
v 59.1395 99.1968 40
v 59.0889 80.4651 40
v 58.632 80.0128 40
v 58.641 80.0172 40
v 58.3048 99.8645 40
v 59.0933 80.4741 40
v 59.0977 80.4832 40
v 58.6229 80.0084 40
v 58.6138 80.0041 40
v 58.6047 80 40
v 59.1061 80.5014 40
v 59.1102 80.5106 40
v 59.102 80.4923 40
v 59.1142 80.5199 40
v 59.1362 99.2063 40
v 59.1328 99.2158 40
v 59.1293 99.2252 40
v 58.5862 79.9919 40
v 58.5955 79.9959 40
v 58.5769 79.988 40
v 59.1256 99.2346 40
v 59.1219 99.244 40
v 59.1181 80.5292 40
v 59.1219 80.5385 40
v 59.1256 80.5479 40
v 59.1293 80.5573 40
v 59.1328 80.5667 40
v 58.5394 79.9733 40
v 58.5299 79.9699 40
v 59.1362 80.5762 40
v 59.1395 80.5857 40
v 59.1181 99.2533 40
v 59.1428 80.5952 40
v 59.1459 80.6048 40
v 58.5109 79.9633 40
v 58.5204 79.9666 40
v 58.5013 79.9602 40
v 59.1142 99.2626 40
v 59.1102 99.2718 40
v 59.1061 99.281 40
v 59.102 99.2902 40
v 58.4917 79.9571 40
v 59.149 80.6144 40
v 59.1519 80.624 40
v 58.6767 99.7465 40
v 58.6679 99.7514 40
v 58.659 99.7561 40
v 58.65 99.7607 40
v 58.4725 79.9513 40
v 58.4821 79.9542 40
v 59.1548 80.6336 40
v 59.1575 80.6433 40
v 58.4628 79.9486 40
v 58.4531 79.9459 40
v 58.641 99.7653 40
v 58.632 99.7697 40
v 58.4433 79.9434 40
v 59.1675 80.6823 40
v 58.4336 79.9409 40
v 58.4238 79.9386 40
v 58.2647 99.8681 40
v 58.2546 99.8688 40
v 59.0977 99.2993 40
v 59.0933 99.3084 40
v 59.0889 99.3174 40
v 58.414 79.9363 40
v 59.1698 80.6921 40
v 59.172 80.702 40
v 59.174 80.7118 40
v 59.176 80.7217 40
v 58.3943 79.9321 40
v 58.4041 79.9341 40
v 58.3844 79.9301 40
v 58.6229 99.7741 40
v 58.6138 99.7783 40
v 58.3745 79.9282 40
v 58.3646 79.9265 40
v 58.6047 99.7825 40
v 58.3547 79.9248 40
v 59.0843 99.3264 40
v 59.0797 99.3353 40
v 59.075 99.3442 40
v 59.0702 99.3531 40
v 58.2446 99.8694 40
v 58.2345 99.8698 40
v 59.1869 80.7913 40
v 59.1881 80.8013 40
v 58.3148 79.9191 40
v 58.3048 79.918 40
v 59.1892 80.8113 40
v 59.1901 80.8214 40
v 59.0653 99.3619 40
v 59.0603 99.3706 40
v 59.191 80.8314 40
v 59.1918 80.8414 40
v 59.0552 99.3793 40
v 59.1924 80.8515 40
v 58.2244 99.8702 40
v 58.2144 99.8704 40
v 58.5862 99.7906 40
v 58.5769 99.7945 40
v 58.5955 99.7866 40
v 59.193 80.8615 40
v 59.1934 80.8716 40
v 59.1938 80.8817 40
v 59.194 80.8917 40
v 58.2244 79.9123 40
v 58.2345 79.9127 40
v 58.2144 79.9121 40
v 59.1942 80.9018 40
v 58.2043 79.9119 40
v 59.05 99.388 40
v 59.0448 99.3965 40
v 59.0394 99.4051 40
v 58.1942 79.9119 40
v 59.1942 80.9119 40
v 59.034 99.4136 40
v 59.0285 99.422 40
v 59.0229 99.4304 40
v 58.5676 99.7983 40
v 58.2043 99.8706 40
v 58.1942 99.8706 40
v 59.0172 99.4387 40
v 59.1942 98.8706 40
v 59.0115 99.4469 40
v 59.0056 99.4551 40
v 58.9997 99.4633 40
v 58.5299 99.8126 40
v 58.9937 99.4714 40
v 58.9876 99.4794 40
v 58.9814 99.4873 40
v 58.9752 99.4952 40
v 58.5204 99.8159 40
v 58.5109 99.8192 40
v 58.9494 99.5262 40
v 58.9428 99.5337 40
v 58.936 99.5412 40
v 58.4725 99.8311 40
v 58.9292 99.5487 40
v 58.9224 99.556 40
v 58.9154 99.5633 40
v 58.9084 99.5706 40
v 58.9013 99.5777 40
v 58.4628 99.8339 40
v 58.4531 99.8365 40
v 58.4433 99.8391 40
v 58.8942 99.5848 40
v 58.887 99.5918 40
v 58.8797 99.5988 40
v 58.4336 99.8416 40
v 58.4238 99.8439 40
v 59.1942 98.8807 40
v 59.194 98.8908 40
v 58.8723 99.6056 40
v 58.8649 99.6124 40
v 59.1938 98.9008 40
v 58.8574 99.6191 40
v 58.8498 99.6258 40
v 59.1934 98.9109 40
v 59.193 98.9209 40
v 59.1924 98.931 40
v 58.8422 99.6323 40
v 59.1918 98.941 40
v 58.414 99.8462 40
v 58.4041 99.8484 40
v 58.8267 99.6452 40
v 58.8189 99.6516 40
v 58.8345 99.6388 40
v 58.811 99.6578 40
v 59.1881 98.9812 40
v 59.1869 98.9912 40
v 58.803 99.664 40
v 58.3943 99.8504 40
v 58.3844 99.8524 40
v 58.1942 79.9119 0
v 58.7456 80.0776 0
v 58.754 80.0832 0
v 58.7372 80.0721 0
v 59.1942 80.9018 0
v 59.1942 80.9119 0
v 58.7202 80.0613 0
v 58.7287 80.0667 0
v 59.194 80.8917 0
v 58.7116 80.0561 0
v 59.1938 80.8817 0
v 58.7029 80.0509 0
v 59.1934 80.8716 0
v 58.6942 80.0458 0
v 59.193 80.8615 0
v 58.6855 80.0408 0
v 59.1924 80.8515 0
v 58.6767 80.0359 0
v 59.1918 80.8414 0
v 58.6679 80.0311 0
v 59.191 80.8314 0
v 58.659 80.0264 0
v 59.1901 80.8214 0
v 58.65 80.0218 0
v 59.1892 80.8113 0
v 58.641 80.0172 0
v 59.1881 80.8013 0
v 58.632 80.0128 0
v 59.1869 80.7913 0
v 58.6229 80.0084 0
v 58.6138 80.0041 0
v 58.6047 80 0
v 58.5955 79.9959 0
v 59.1796 80.7415 0
v 58.5862 79.9919 0
v 58.5769 79.988 0
v 59.176 80.7217 0
v 58.5582 79.9805 0
v 59.174 80.7118 0
v 59.172 80.702 0
v 58.5394 79.9733 0
v 59.1698 80.6921 0
v 58.5299 79.9699 0
v 58.5204 79.9666 0
v 59.1675 80.6823 0
v 58.5109 79.9633 0
v 58.5013 79.9602 0
v 58.4917 79.9571 0
v 59.1575 80.6433 0
v 59.1548 80.6336 0
v 58.4628 79.9486 0
v 58.4725 79.9513 0
v 59.1519 80.624 0
v 59.149 80.6144 0
v 58.4433 79.9434 0
v 58.4531 79.9459 0
v 59.1459 80.6048 0
v 58.4336 79.9409 0
v 59.1428 80.5952 0
v 58.4238 79.9386 0
v 59.1395 80.5857 0
v 58.414 79.9363 0
v 59.1362 80.5762 0
v 58.4041 79.9341 0
v 59.1328 80.5667 0
v 58.3943 79.9321 0
v 59.1293 80.5573 0
v 58.3844 79.9301 0
v 59.1256 80.5479 0
v 58.3745 79.9282 0
v 58.3646 79.9265 0
v 59.1219 80.5385 0
v 59.1181 80.5292 0
v 58.3547 79.9248 0
v 59.1142 80.5199 0
v 59.1102 80.5106 0
v 59.1061 80.5014 0
v 58.3148 79.9191 0
v 59.102 80.4923 0
v 58.3048 79.918 0
v 59.0977 80.4832 0
v 59.0933 80.4741 0
v 59.0889 80.4651 0
v 59.0843 80.4561 0
v 59.0797 80.4471 0
v 59.075 80.4382 0
v 59.0702 80.4294 0
v 58.2345 79.9127 0
v 58.2244 79.9123 0
v 59.0653 80.4206 0
v 58.2144 79.9121 0
v 59.0603 80.4119 0
v 58.2043 79.9119 0
v 59.0552 80.4032 0
v 59.05 80.3945 0
v 59.0448 80.3859 0
v 59.0285 80.3605 0
v 59.034 80.3689 0
v 59.0229 80.3521 0
v 59.0172 80.3438 0
v 59.0115 80.3355 0
v 59.0056 80.3273 0
v 58.9997 80.3192 0
v 58.9937 80.3111 0
v 58.9876 80.3031 0
v 58.9814 80.2951 0
v 58.9752 80.2872 0
v 58.9624 80.2716 0
v 58.9688 80.2794 0
v 58.956 80.2639 0
v 58.9494 80.2563 0
v 58.9428 80.2487 0
v 58.9292 80.2338 0
v 58.9154 80.2191 0
v 58.9084 80.2119 0
v 58.9013 80.2048 0
v 58.8942 80.1977 0
v 58.887 80.1907 0
v 58.8797 80.1837 0
v 58.8723 80.1769 0
v 58.8649 80.1701 0
v 58.8574 80.1634 0
v 58.8498 80.1567 0
v 58.8422 80.1501 0
v 58.8345 80.1437 0
v 58.8267 80.1373 0
v 58.8189 80.1309 0
v 58.811 80.1247 0
v 58.803 80.1185 0
v 58.795 80.1124 0
v 58.7869 80.1064 0
v 58.7788 80.1005 0
v 58.7706 80.0946 0
v 58.7623 80.0889 0
v 59.1942 98.8706 0
v 59.0285 99.422 0
v 59.0229 99.4304 0
v 59.034 99.4136 0
v 58.2043 99.8706 0
v 58.1942 99.8706 0
v 59.0394 99.4051 0
v 58.2144 99.8704 0
v 59.0448 99.3965 0
v 58.2244 99.8702 0
v 59.05 99.388 0
v 58.2345 99.8698 0
v 59.0552 99.3793 0
v 58.2446 99.8694 0
v 59.0603 99.3706 0
v 58.2546 99.8688 0
v 59.0653 99.3619 0
v 58.2647 99.8681 0
v 59.0702 99.3531 0
v 59.075 99.3442 0
v 59.0797 99.3353 0
v 59.0843 99.3264 0
v 58.3048 99.8645 0
v 59.0889 99.3174 0
v 58.3148 99.8633 0
v 59.0933 99.3084 0
v 58.3248 99.8621 0
v 59.0977 99.2993 0
v 58.3347 99.8607 0
v 58.3447 99.8592 0
v 59.102 99.2902 0
v 58.3547 99.8577 0
v 58.3646 99.856 0
v 58.3745 99.8542 0
v 59.1142 99.2626 0
v 59.1102 99.2718 0
v 59.1181 99.2533 0
v 58.3844 99.8524 0
v 59.1219 99.244 0
v 58.3943 99.8504 0
v 58.4041 99.8484 0
v 59.1256 99.2346 0
v 59.1293 99.2252 0
v 58.414 99.8462 0
v 58.4238 99.8439 0
v 59.1328 99.2158 0
v 58.4336 99.8416 0
v 59.1362 99.2063 0
v 59.1395 99.1968 0
v 58.4433 99.8391 0
v 59.1428 99.1873 0
v 58.4531 99.8365 0
v 59.1459 99.1777 0
v 58.4628 99.8339 0
v 59.149 99.1681 0
v 58.4725 99.8311 0
v 59.1519 99.1585 0
v 59.1548 99.1488 0
v 59.1575 99.1392 0
v 58.4917 99.8253 0
v 59.1602 99.1294 0
v 58.5109 99.8192 0
v 59.1627 99.1197 0
v 58.5204 99.8159 0
v 59.1652 99.1099 0
v 59.1675 99.1001 0
v 58.5299 99.8126 0
v 59.1698 99.0903 0
v 59.172 99.0805 0
v 59.174 99.0706 0
v 58.5676 99.7983 0
v 59.176 99.0608 0
v 59.1779 99.0509 0
v 58.5769 99.7945 0
v 58.5862 99.7906 0
v 59.1796 99.041 0
v 59.1813 99.031 0
v 58.5955 99.7866 0
v 58.6047 99.7825 0
v 59.1829 99.0211 0
v 59.1843 99.0111 0
v 58.6138 99.7783 0
v 59.1857 99.0011 0
v 58.6229 99.7741 0
v 59.1869 98.9912 0
v 58.632 99.7697 0
v 59.1881 98.9812 0
v 58.641 99.7653 0
v 58.65 99.7607 0
v 58.659 99.7561 0
v 58.6679 99.7514 0
v 59.1918 98.941 0
v 58.6767 99.7465 0
v 59.1924 98.931 0
v 59.193 98.9209 0
v 59.1934 98.9109 0
v 59.1938 98.9008 0
v 58.7116 99.7264 0
v 59.194 98.8908 0
v 58.7202 99.7211 0
v 59.1942 98.8807 0
v 58.7287 99.7158 0
v 58.7372 99.7104 0
v 58.7456 99.7049 0
v 58.754 99.6993 0
v 58.7623 99.6936 0
v 58.7706 99.6878 0
v 58.7788 99.682 0
v 58.7869 99.6761 0
v 58.795 99.6701 0
v 58.803 99.664 0
v 58.811 99.6578 0
v 58.8189 99.6516 0
v 58.8267 99.6452 0
v 58.8422 99.6323 0
v 58.8345 99.6388 0
v 58.8498 99.6258 0
v 58.8574 99.6191 0
v 58.8649 99.6124 0
v 58.8723 99.6056 0
v 58.887 99.5918 0
v 58.8797 99.5988 0
v 58.8942 99.5848 0
v 58.9013 99.5777 0
v 58.9084 99.5706 0
v 58.9154 99.5633 0
v 58.9224 99.556 0
v 58.9292 99.5487 0
v 58.936 99.5412 0
v 58.9428 99.5337 0
v 58.9494 99.5262 0
v 58.9624 99.5108 0
v 58.9752 99.4952 0
v 58.9814 99.4873 0
v 58.9876 99.4794 0
v 58.9937 99.4714 0
v 58.9997 99.4633 0
v 59.0172 99.4387 0
v 59.0115 99.4469 0
v 103.709 67.1569 15.7005
v 103.709 67.1311 15.6967
v 103.709 73.9299 12.521
v 103.709 73.9163 12.5433
v 103.709 73.9027 12.5655
v 103.709 67.2861 15.7183
v 103.709 67.2602 15.7149
v 103.709 61.4293 9.88404
v 103.709 61.4259 9.85818
v 103.709 61.4327 9.90988
v 103.709 63.3736 13.8076
v 103.709 63.3551 13.7892
v 103.709 63.3921 13.8259
v 103.709 67.3119 15.7216
v 103.709 63.3367 13.7707
v 103.709 63.3183 13.7521
v 103.709 61.4227 9.83231
v 103.709 63.4107 13.8441
v 103.709 67.3378 15.7247
v 103.709 73.9835 12.4315
v 103.709 73.9702 12.454
v 103.709 73.9569 12.4764
v 103.709 73.9435 12.4987
v 103.709 67.3637 15.7278
v 103.709 73.9966 12.409
v 103.709 61.4195 9.80642
v 103.709 61.4165 9.78053
v 103.709 74.0097 12.3864
v 103.709 74.0227 12.3638
v 103.709 61.4135 9.75462
v 103.709 63.3001 13.7335
v 103.709 63.2819 13.7148
v 103.709 63.2638 13.6961
v 103.709 74.0356 12.3412
v 103.709 63.4482 13.8805
v 103.709 63.4294 13.8623
v 103.709 63.467 13.8985
v 103.709 67.3896 15.7307
v 103.709 61.4107 9.7287
v 103.709 74.0484 12.3185
v 103.709 61.4079 9.70277
v 103.709 74.0612 12.2957
v 103.709 74.0738 12.2729
v 103.709 63.2457 13.6773
v 103.709 63.4859 13.9165
v 103.709 74.0864 12.2501
v 103.709 61.4052 9.67683
v 103.709 74.1112 12.2042
v 103.709 74.0989 12.2272
v 103.709 63.5239 13.9522
v 103.709 63.5048 13.9344
v 103.709 63.2278 13.6584
v 103.709 74.1357 12.1582
v 103.709 74.1235 12.1812
v 103.709 63.2099 13.6394
v 103.709 63.192 13.6204
v 103.709 67.5193 15.744
v 103.709 67.4934 15.7415
v 103.709 67.5453 15.7464
v 103.709 61.4027 9.65088
v 103.709 74.1599 12.1119
v 103.709 74.1478 12.1351
v 103.709 61.4002 9.62492
v 103.709 61.3979 9.59895
v 103.709 61.3956 9.57298
v 103.709 63.5621 13.9876
v 103.709 63.543 13.9699
v 103.709 63.5814 14.0052
v 103.709 74.2071 12.0189
v 103.709 74.2186 11.9956
v 103.709 67.6232 15.7528
v 103.709 67.5972 15.7508
v 103.709 67.5713 15.7486
v 103.709 63.1743 13.6013
v 103.709 63.1566 13.5821
v 103.709 63.139 13.5629
v 103.709 63.1215 13.5436
v 103.709 61.3935 9.54699
v 103.709 74.2301 11.9722
v 103.709 63.104 13.5242
v 103.709 74.2752 11.8781
v 103.709 74.2862 11.8545
v 103.709 63.6395 14.0576
v 103.709 63.62 14.0402
v 103.709 74.2972 11.8308
v 103.709 63.6007 14.0228
v 103.709 67.7273 15.76
v 103.709 67.7013 15.7584
v 103.709 67.6752 15.7566
v 103.709 67.6492 15.7548
v 103.709 63.0866 13.5048
v 103.709 63.0693 13.4852
v 103.709 74.308 11.8071
v 103.709 61.3858 9.44297
v 103.709 61.3842 9.41695
v 103.709 74.3188 11.7833
v 103.709 74.3295 11.7595
v 103.709 74.34 11.7357
v 103.709 74.3505 11.7118
v 103.709 63.7179 14.1264
v 103.709 67.7794 15.7631
v 103.709 67.7533 15.7616
v 103.709 67.8054 15.7644
v 103.709 74.3609 11.6879
v 103.709 74.3712 11.664
v 103.709 63.0521 13.4657
v 103.709 63.035 13.446
v 103.709 63.0179 13.4263
v 103.709 63.0009 13.4066
v 103.709 74.3814 11.64
v 103.709 74.3915 11.6159
v 103.709 74.4016 11.5919
v 103.709 63.7575 14.1603
v 103.709 63.7377 14.1434
v 103.709 63.7774 14.1771
v 103.709 74.4115 11.5678
v 103.709 74.4213 11.5436
v 103.709 62.9839 13.3867
v 103.709 62.9671 13.3668
v 103.709 61.3764 9.26069
v 103.709 74.4311 11.5194
v 103.709 63.7974 14.1939
v 103.709 74.4407 11.4952
v 103.709 74.4503 11.4709
v 103.709 74.4598 11.4466
v 103.709 67.9357 15.7697
v 103.709 67.9096 15.7688
v 103.709 67.9617 15.7704
v 103.709 62.9503 13.3469
v 103.709 62.9336 13.3268
v 103.709 74.4876 11.3735
v 103.709 74.4784 11.3979
v 103.709 74.4691 11.4223
v 103.709 67.9878 15.7711
v 103.709 68.0139 15.7716
v 103.709 74.4967 11.3491
v 103.709 61.3732 9.15644
v 103.709 61.3726 9.13037
v 103.709 62.917 13.3067
v 103.709 62.9005 13.2866
v 103.709 74.5057 11.3246
v 103.709 63.8779 14.2602
v 103.709 63.8576 14.2438
v 103.709 63.8375 14.2272
v 103.709 63.8174 14.2106
v 103.709 74.5146 11.3001
v 103.709 74.5234 11.2756
v 103.709 63.8981 14.2766
v 103.709 74.5407 11.2264
v 103.709 74.5321 11.251
v 103.709 74.5492 11.2017
v 103.709 62.884 13.2664
v 103.709 62.8676 13.2461
v 103.709 74.5577 11.1771
v 103.709 63.9185 14.2929
v 103.709 61.3714 9.02608
v 103.709 62.8513 13.2257
v 103.709 62.8351 13.2053
v 103.709 74.5904 11.0781
v 103.709 74.5824 11.1029
v 103.709 74.5743 11.1276
v 103.709 74.566 11.1524
v 103.709 68.1442 15.7729
v 103.709 68.1182 15.7728
v 103.709 68.1703 15.7728
v 103.709 74.5984 11.0532
v 103.709 62.8189 13.1849
v 103.709 64.0005 14.3574
v 103.709 63.9799 14.3414
v 103.709 63.9594 14.3253
v 103.709 63.9389 14.3092
v 103.709 74.6063 11.0284
v 103.709 74.614 11.0035
v 103.709 68.2225 15.7724
v 103.709 68.1964 15.7727
v 103.709 74.6367 10.9286
v 103.709 74.6292 10.9536
v 103.709 74.6217 10.9785
v 103.709 64.0212 14.3733
v 103.709 64.0419 14.3891
v 103.709 62.7551 13.1024
v 103.709 74.6514 10.8786
v 103.709 74.6441 10.9036
v 103.709 74.6586 10.8535
v 103.709 62.7394 13.0816
v 103.709 64.0627 14.4049
v 103.709 64.0835 14.4206
v 103.709 62.7237 13.0607
v 103.709 74.6795 10.7781
v 103.709 74.6726 10.8033
v 103.709 74.6657 10.8284
v 103.709 68.4049 15.7679
v 103.709 68.3789 15.7688
v 103.709 68.431 15.7668
v 103.709 62.7081 13.0398
v 103.709 68.457 15.7657
v 103.709 74.693 10.7278
v 103.709 74.6863 10.753
v 103.709 74.6996 10.7025
v 103.709 64.1464 14.4671
v 103.709 64.1254 14.4517
v 103.709 64.1044 14.4361
v 103.709 68.5091 15.7631
v 103.709 68.4831 15.7644
v 103.709 68.5351 15.7616
v 103.709 62.6771 12.9979
v 103.709 62.6618 12.9768
v 103.709 62.6926 13.0189
v 103.709 68.5612 15.76
v 103.709 68.5872 15.7584
v 103.709 74.7189 10.6267
v 103.709 74.7126 10.652
v 103.709 74.7251 10.6014
v 103.709 74.7061 10.6773
v 103.709 62.6465 12.9556
v 103.709 62.6313 12.9345
v 103.709 64.2098 14.5129
v 103.709 64.1886 14.4977
v 103.709 64.1674 14.4824
v 103.709 74.7431 10.5253
v 103.709 74.7372 10.5507
v 103.709 74.7312 10.576
v 103.709 68.7172 15.7486
v 103.709 68.6912 15.7508
v 103.709 68.6652 15.7528
v 103.709 68.6392 15.7548
v 103.709 68.6132 15.7566
v 103.709 64.231 14.528
v 103.709 64.2523 14.543
v 103.709 74.7547 10.4744
v 103.709 74.749 10.4998
v 103.709 62.6162 12.9132
v 103.709 62.6012 12.8919
v 103.709 68.7692 15.744
v 103.709 68.7432 15.7464
v 103.709 74.7658 10.4235
v 103.709 74.7603 10.4489
v 103.709 64.2737 14.558
v 103.709 68.7951 15.7415
v 103.709 74.7713 10.398
v 103.709 74.7766 10.3724
v 103.709 64.3166 14.5876
v 103.709 64.2951 14.5728
v 103.709 74.7818 10.3469
v 103.709 62.5863 12.8705
v 103.709 62.5714 12.8491
v 103.709 62.5566 12.8276
v 103.709 68.9248 15.7278
v 103.709 68.8989 15.7307
v 103.709 68.9507 15.7247
v 103.709 62.5419 12.8061
v 103.709 74.8065 10.2189
v 103.709 74.8018 10.2445
v 103.709 64.3598 14.6169
v 103.709 64.3382 14.6023
v 103.709 68.9765 15.7216
v 103.709 69.0024 15.7183
v 103.709 74.8157 10.1675
v 103.709 74.8112 10.1932
v 103.709 62.5273 12.7845
v 103.709 62.5128 12.7628
v 103.709 74.8202 10.1418
v 103.709 69.0541 15.7115
v 103.709 69.0283 15.7149
v 103.709 69.08 15.7079
v 103.709 74.8329 10.0647
v 103.709 74.8288 10.0904
v 103.709 74.8245 10.1161
v 103.709 64.4031 14.6459
v 103.709 64.3814 14.6314
v 103.709 64.4249 14.6603
v 103.709 69.1058 15.7043
v 103.709 69.1316 15.7005
v 103.709 74.8409 10.0131
v 103.709 74.837 10.0389
v 103.709 62.4983 12.7411
v 103.709 62.484 12.7193
v 103.709 62.4697 12.6975
v 103.709 74.8485 9.96154
v 103.709 74.8448 9.98734
v 103.709 64.4467 14.6745
v 103.709 64.4686 14.6887
v 103.709 74.8557 9.90988
v 103.709 74.8522 9.93572
v 103.709 64.4905 14.7028
v 103.709 62.4555 12.6756
v 103.709 62.4414 12.6537
v 103.709 64.5125 14.7169
v 103.709 74.8592 9.88404
v 103.709 74.8625 9.85818
v 103.709 64.5345 14.7308
v 103.709 74.8658 9.83231
v 103.709 74.8689 9.80642
v 103.709 69.3631 15.6623
v 103.709 69.3374 15.667
v 103.709 62.4274 12.6317
v 103.709 62.4134 12.6097
v 103.709 74.872 9.78053
v 103.709 69.4144 15.6527
v 103.709 69.3888 15.6576
v 103.709 74.8778 9.7287
v 103.709 74.8749 9.75462
v 103.709 62.3996 12.5876
v 103.709 62.3858 12.5655
v 103.709 74.8832 9.67683
v 103.709 74.8806 9.70277
v 103.709 69.4656 15.6427
v 103.709 69.44 15.6478
v 103.709 69.4911 15.6376
v 103.709 74.8858 9.65088
v 103.709 62.3721 12.5433
v 103.709 69.5167 15.6324
v 103.709 69.5422 15.627
v 103.709 64.6232 14.7857
v 103.709 74.8882 9.62492
v 103.709 74.8906 9.59895
v 103.709 69.5677 15.6216
v 103.709 74.8928 9.57298
v 103.709 69.6186 15.6105
v 103.709 69.5932 15.6161
v 103.709 64.6679 14.8126
v 103.709 64.6455 14.7992
v 103.709 69.6441 15.6047
v 103.709 69.6695 15.5989
v 103.709 74.9009 9.46898
v 103.709 74.899 9.49499
v 103.709 74.9026 9.44297
v 103.709 62.3585 12.521
v 103.709 62.345 12.4987
v 103.709 62.3316 12.4764
v 103.709 69.6949 15.593
v 103.709 74.8971 9.521
v 103.709 74.895 9.54699
v 103.709 74.9043 9.41695
v 103.709 64.7127 14.8392
v 103.709 64.6903 14.826
v 103.709 74.9073 9.36488
v 103.709 74.9058 9.39092
v 103.709 62.3182 12.454
v 103.709 62.305 12.4315
v 103.709 74.9099 9.31279
v 103.709 74.9086 9.33884
v 103.709 62.2918 12.409
v 103.709 64.7578 14.8655
v 103.709 64.7352 14.8524
v 103.709 69.872 15.5488
v 103.709 69.8468 15.5554
v 103.709 69.8215 15.5619
v 103.709 69.7962 15.5683
v 103.709 62.2787 12.3864
v 103.709 64.7804 14.8785
v 103.709 74.9121 9.26069
v 103.709 74.911 9.28675
v 103.709 69.9224 15.5353
v 103.709 69.8972 15.5421
v 103.709 64.8031 14.8914
v 103.709 62.2657 12.3638
v 103.709 62.2528 12.3412
v 103.709 69.9475 15.5284
v 103.709 74.9153 9.15644
v 103.709 69.9726 15.5214
v 103.709 69.9977 15.5143
v 103.709 64.8258 14.9042
v 103.709 62.24 12.3185
v 103.709 62.2273 12.2957
v 103.709 64.8485 14.9169
v 103.709 64.8713 14.9296
v 103.709 74.9169 9.05215
v 103.709 74.9167 9.07822
v 103.709 74.9163 9.1043
v 103.709 70.0728 15.4925
v 103.709 70.0478 15.4999
v 103.709 70.0228 15.5072
v 103.709 74.9159 9.13037
v 103.709 62.2146 12.2729
v 103.709 62.2021 12.2501
v 103.709 74.9171 9.02608
v 103.709 64.8942 14.9421
v 103.709 64.9171 14.9546
v 103.709 70.1228 15.4775
v 103.709 70.0978 15.485
v 103.709 64.94 14.967
v 103.709 62.1896 12.2272
v 103.709 62.1772 12.2042
v 103.709 70.2223 15.4462
v 103.709 70.2471 15.4382
v 103.709 62.1649 12.1812
v 103.709 62.1527 12.1582
v 103.709 70.2719 15.43
v 103.709 70.2966 15.4218
v 103.709 64.9861 14.9915
v 103.709 64.963 14.9793
v 103.709 65.0092 15.0036
v 103.709 70.3213 15.4135
v 103.709 70.346 15.405
v 103.709 70.3706 15.3965
v 103.709 65.0323 15.0156
v 103.709 65.0555 15.0276
v 103.709 70.4198 15.3792
v 103.709 70.3952 15.3879
v 103.709 70.4689 15.3615
v 103.709 70.4444 15.3704
v 103.709 70.4933 15.3525
v 103.709 65.0787 15.0394
v 103.709 65.102 15.0512
v 103.709 70.5178 15.3434
v 103.709 70.5422 15.3342
v 103.709 65.1253 15.0628
v 103.709 70.5665 15.3249
v 103.709 70.5909 15.3155
v 103.709 70.6152 15.3061
v 103.709 62.1406 12.1351
v 103.709 62.1286 12.1119
v 103.709 62.1167 12.0888
v 103.709 62.1048 12.0655
v 103.709 62.0931 12.0423
v 103.709 62.0814 12.0189
v 103.709 65.1487 15.0744
v 103.709 70.6637 15.2868
v 103.709 70.6394 15.2965
v 103.709 70.6878 15.2771
v 103.709 65.1955 15.0973
v 103.709 65.1721 15.0859
v 103.709 70.8322 15.2167
v 103.709 70.8082 15.227
v 103.709 70.7842 15.2372
v 103.709 62.0583 11.9722
v 103.709 62.0469 11.9487
v 103.709 62.0356 11.9252
v 103.709 62.0244 11.9017
v 103.709 70.8799 15.1958
v 103.709 70.8561 15.2063
v 103.709 70.9276 15.1745
v 103.709 70.9038 15.1852
v 103.709 70.9513 15.1638
v 103.709 65.3134 15.1529
v 103.709 65.2898 15.142
v 103.709 62.0698 11.9956
v 103.709 62.0133 11.8781
v 103.709 62.0022 11.8545
v 103.709 61.9913 11.8308
v 103.709 71.0223 15.131
v 103.709 70.9987 15.142
v 103.709 71.0459 15.1198
v 103.709 70.975 15.1529
v 103.709 61.9804 11.8071
v 103.709 61.9697 11.7833
v 103.709 71.1164 15.0859
v 103.709 71.0929 15.0973
v 103.709 71.0694 15.1086
v 103.709 61.959 11.7595
v 103.709 71.1632 15.0628
v 103.709 71.1398 15.0744
v 103.709 61.9484 11.7357
v 103.709 61.938 11.7118
v 103.709 71.2098 15.0394
v 103.709 71.1865 15.0512
v 103.709 71.233 15.0276
v 103.709 71.2562 15.0156
v 103.709 61.9276 11.6879
v 103.709 71.2793 15.0036
v 103.709 65.4563 15.2167
v 103.709 65.4324 15.2063
v 103.709 65.4803 15.227
v 103.709 65.4085 15.1958
v 103.709 71.3024 14.9915
v 103.709 71.3254 14.9793
v 103.709 71.3484 14.967
v 103.709 71.3943 14.9421
v 103.709 71.3714 14.9546
v 103.709 71.4171 14.9296
v 103.709 65.5043 15.2372
v 103.709 65.5283 15.2473
v 103.709 61.9173 11.664
v 103.709 61.907 11.64
v 103.709 61.8969 11.6159
v 103.709 71.44 14.9169
v 103.709 71.4627 14.9042
v 103.709 65.5524 15.2573
v 103.709 71.5307 14.8655
v 103.709 71.5081 14.8785
v 103.709 71.4854 14.8914
v 103.709 61.8869 11.5919
v 103.709 61.877 11.5678
v 103.709 65.5765 15.2673
v 103.709 65.6006 15.2771
v 103.709 71.6652 14.7857
v 103.709 61.8574 11.5194
v 103.709 61.8477 11.4952
v 103.709 61.8671 11.5436
v 103.709 71.7097 14.7584
v 103.709 71.6875 14.7721
v 103.709 65.6733 15.3061
v 103.709 65.649 15.2965
v 103.709 65.6248 15.2868
v 103.709 71.7539 14.7308
v 103.709 71.7318 14.7447
v 103.709 61.8382 11.4709
v 103.709 71.798 14.7028
v 103.709 71.776 14.7169
v 103.709 65.7219 15.3249
v 103.709 65.6976 15.3155
v 103.709 71.8418 14.6745
v 103.709 71.8199 14.6887
v 103.709 61.8287 11.4466
v 103.709 61.8193 11.4223
v 103.709 71.8853 14.6459
v 103.709 71.8636 14.6603
v 103.709 65.7463 15.3342
v 103.709 71.907 14.6314
v 103.709 61.8101 11.3979
v 103.709 71.9287 14.6169
v 103.709 71.9503 14.6023
v 103.709 61.8009 11.3735
v 103.709 65.7707 15.3434
v 103.709 65.7951 15.3525
v 103.709 71.9718 14.5876
v 103.709 71.9933 14.5728
v 103.709 61.7918 11.3491
v 103.709 72.0148 14.558
v 103.709 72.0361 14.543
v 103.709 61.7828 11.3246
v 103.709 65.8196 15.3615
v 103.709 65.8441 15.3704
v 103.709 72.0574 14.528
v 103.709 72.0787 14.5129
v 103.709 61.7739 11.3001
v 103.709 65.8687 15.3792
v 103.709 65.8932 15.3879
v 103.709 65.9178 15.3965
v 103.709 72.1841 14.4361
v 103.709 72.1631 14.4517
v 103.709 72.2258 14.4049
v 103.709 72.205 14.4206
v 103.709 65.9672 15.4135
v 103.709 65.9425 15.405
v 103.709 61.7392 11.2017
v 103.709 61.7308 11.1771
v 103.709 72.2466 14.3891
v 103.709 72.2673 14.3733
v 103.709 72.288 14.3574
v 103.709 66.0166 15.43
v 103.709 65.9919 15.4218
v 103.709 61.7224 11.1524
v 103.709 61.7142 11.1276
v 103.709 66.0662 15.4462
v 103.709 66.0414 15.4382
v 103.709 61.7061 11.1029
v 103.709 61.698 11.0781
v 103.709 72.4106 14.2602
v 103.709 72.3903 14.2766
v 103.709 72.37 14.2929
v 103.709 66.091 15.4542
v 103.709 72.451 14.2272
v 103.709 72.4308 14.2438
v 103.709 61.6901 11.0532
v 103.709 66.1159 15.462
v 103.709 72.4711 14.2106
v 103.709 72.4911 14.1939
v 103.709 72.5111 14.1771
v 103.709 61.6822 11.0284
v 103.709 61.6744 11.0035
v 103.709 61.6668 10.9785
v 103.709 72.531 14.1603
v 103.709 66.1657 15.4775
v 103.709 66.1408 15.4698
v 103.709 66.1906 15.485
v 103.709 72.5706 14.1264
v 103.709 72.5508 14.1434
v 103.709 72.5903 14.1093
v 103.709 66.2156 15.4925
v 103.709 72.6099 14.0921
v 103.709 61.6592 10.9536
v 103.709 61.6517 10.9286
v 103.709 72.6295 14.0749
v 103.709 72.649 14.0576
v 103.709 66.2657 15.5072
v 103.709 66.2406 15.4999
v 103.709 72.6878 14.0228
v 103.709 72.6684 14.0402
v 103.709 66.3158 15.5214
v 103.709 66.2907 15.5143
v 103.709 72.7263 13.9876
v 103.709 72.7071 14.0052
v 103.709 72.7455 13.9699
v 103.709 72.7646 13.9522
v 103.709 61.6444 10.9036
v 103.709 61.6371 10.8786
v 103.709 61.6299 10.8535
v 103.709 61.6228 10.8284
v 103.709 72.7836 13.9344
v 103.709 72.8026 13.9165
v 103.709 66.3661 15.5353
v 103.709 66.341 15.5284
v 103.709 72.8403 13.8805
v 103.709 72.8215 13.8985
v 103.709 72.8778 13.8441
v 103.709 72.8591 13.8623
v 103.709 61.6158 10.8033
v 103.709 61.6089 10.7781
v 103.709 61.6021 10.753
v 103.709 61.5954 10.7278
v 103.709 72.9149 13.8076
v 103.709 72.8964 13.8259
v 103.709 66.4165 15.5488
v 103.709 66.3913 15.5421
v 103.709 66.4417 15.5554
v 103.709 72.9518 13.7707
v 103.709 72.9334 13.7892
v 103.709 72.9701 13.7521
v 103.709 72.9884 13.7335
v 103.709 73.0066 13.7148
v 103.709 66.4922 15.5683
v 103.709 66.467 15.5619
v 103.709 61.5823 10.6773
v 103.709 61.5759 10.652
v 103.709 61.5696 10.6267
v 103.709 73.0607 13.6584
v 103.709 73.0427 13.6773
v 103.709 73.0247 13.6961
v 103.709 61.5888 10.7025
v 103.709 73.0964 13.6204
v 103.709 73.0786 13.6394
v 103.709 61.5634 10.6014
v 103.709 73.1319 13.5821
v 103.709 73.1142 13.6013
v 103.709 61.5573 10.576
v 103.709 73.1495 13.5629
v 103.709 61.5512 10.5507
v 103.709 61.5453 10.5253
v 103.709 66.619 15.5989
v 103.709 66.5936 15.593
v 103.709 66.6444 15.6047
v 103.709 73.2018 13.5048
v 103.709 73.1844 13.5242
v 103.709 73.2191 13.4852
v 103.709 73.167 13.5436
v 103.709 73.2364 13.4657
v 103.709 73.2535 13.446
v 103.709 61.5395 10.4998
v 103.709 66.6698 15.6105
v 103.709 66.6953 15.6161
v 103.709 73.2706 13.4263
v 103.709 73.2876 13.4066
v 103.709 66.7208 15.6216
v 103.709 66.7463 15.627
v 103.709 61.5172 10.398
v 103.709 73.3381 13.3469
v 103.709 73.3214 13.3668
v 103.709 73.3548 13.3268
v 103.709 73.3045 13.3867
v 103.709 73.3715 13.3067
v 103.709 66.7718 15.6324
v 103.709 66.7973 15.6376
v 103.709 73.4045 13.2664
v 103.709 73.388 13.2866
v 103.709 73.4209 13.2461
v 103.709 66.8229 15.6427
v 103.709 73.4372 13.2257
v 103.709 61.5119 10.3724
v 103.709 61.5066 10.3469
v 103.709 61.5015 10.3213
v 103.709 73.4534 13.2053
v 103.709 73.5016 13.1437
v 103.709 73.4856 13.1643
v 103.709 73.4695 13.1849
v 103.709 73.5175 13.1231
v 103.709 61.4964 10.2957
v 103.709 61.4915 10.2701
v 103.709 61.4867 10.2445
v 103.709 73.5804 13.0398
v 103.709 73.5648 13.0607
v 103.709 73.5491 13.0816
v 103.709 61.4819 10.2189
v 103.709 61.4773 10.1932
v 103.709 73.5334 13.1024
v 103.709 73.5959 13.0189
v 103.709 73.6419 12.9556
v 103.709 73.6267 12.9768
v 103.709 73.6113 12.9979
v 103.709 61.4727 10.1675
v 103.709 61.4683 10.1418
v 103.709 73.6571 12.9345
v 103.709 61.4639 10.1161
v 103.709 67.0538 15.6845
v 103.709 73.6722 12.9132
v 103.709 73.6873 12.8919
v 103.709 73.7022 12.8705
v 103.709 73.7171 12.8491
v 103.709 61.4597 10.0904
v 103.709 61.4556 10.0647
v 103.709 67.0796 15.6887
v 103.709 67.1053 15.6927
v 103.709 73.7318 12.8276
v 103.709 73.7465 12.8061
v 103.709 61.4515 10.0389
v 103.709 73.7612 12.7845
v 103.709 73.7757 12.7628
v 103.709 73.7901 12.7411
v 103.709 61.4476 10.0131
v 103.709 61.4437 9.98734
v 103.709 61.4399 9.96154
v 103.709 67.1827 15.7043
v 103.709 67.2085 15.7079
v 103.709 73.8188 12.6975
v 103.709 73.8045 12.7193
v 103.709 73.833 12.6756
v 103.709 73.8471 12.6537
v 103.709 73.8611 12.6317
v 103.709 73.875 12.6097
v 103.709 61.4363 9.93572
v 103.709 67.2344 15.7115
v 103.709 73.8889 12.5876
v 96.9366 68.1314 9.00067
v 96.9367 68.1015 9.00201
v 96.9368 68.0994 9.00293
v 96.9366 68.1378 9.0005
v 96.9366 68.1379 9.00095
v 96.9366 68.1188 9.00358
v 96.9366 68.1198 9.00794
v 96.9366 68.132 9.00397
v 96.9367 68.1097 9.01717
v 96.9366 68.1211 9.01126
v 96.9368 68.0989 9.02413
v 96.9366 68.1215 9.01206
v 96.9368 68.101 9.02778
v 96.9366 68.128 9.01036
v 96.9366 68.1553 9.02319
v 96.9368 68.1673 9.04831
v 96.9367 68.1658 9.03196
v 96.9366 68.1673 9.01126
v 96.9367 68.1788 9.01717
v 96.9366 68.1565 9.00397
v 96.9366 68.1687 9.00794
v 96.9367 68.1756 9.00701
v 96.9366 68.157 9.00112
v 96.9368 68.1954 9.00482
v 96.9367 68.1762 9.00263
v 96.9366 68.141 9.00018
v 96.9366 68.141 9.00021
v 96.9366 68.141 9.00024
v 96.9368 68.0984 9.02324
v 96.9366 68.1299 9.00723
v 96.9367 68.11 9.01777
v 96.9366 68.1271 9.0089
v 96.9366 68.1301 9.0076
v 96.9367 68.1136 9.02337
v 96.9366 68.1245 9.01652
v 96.9366 68.1368 9.00616
v 96.9368 68.1047 9.03279
v 96.9366 68.1352 9.00916
v 96.9368 68.1082 9.03664
v 96.9367 68.1238 9.02479
v 96.9366 68.134 9.01235
v 96.9366 68.1333 9.01588
v 96.9367 68.126 9.02647
v 96.9366 68.1335 9.01598
v 96.9367 68.1265 9.02679
v 96.9366 68.1322 9.01902
v 96.9367 68.127 9.02709
v 96.9367 68.1244 9.03304
v 96.9366 68.1326 9.01922
v 96.9368 68.1235 9.04588
v 96.9366 68.1336 9.02338
v 96.9366 68.1397 9.01542
v 96.9369 68.1277 9.05541
v 96.9367 68.1525 9.03766
v 96.9366 68.1482 9.01885
v 96.9368 68.1616 9.04146
v 96.9366 68.1541 9.02374
v 96.9366 68.1492 9.01183
v 96.9366 68.1525 9.01743
v 96.9368 68.1662 9.03927
v 96.9367 68.168 9.03038
v 96.9366 68.1599 9.01611
v 96.9366 68.1633 9.0172
v 96.9366 68.1585 9.01296
v 96.9369 68.1919 9.04309
v 96.9366 68.1665 9.01285
v 96.9366 68.1553 9.00647
v 96.9366 68.1474 9.00018
v 96.9366 68.1506 9.00039
v 96.9366 68.1324 9.00502
v 96.9366 68.1383 9.00248
v 96.9367 68.1088 9.01506
v 96.9366 68.1297 9.00685
v 96.9366 68.137 9.00341
v 96.9366 68.1356 9.00438
v 96.9366 68.1334 9.00695
v 96.9366 68.1397 9.00456
v 96.9368 68.1098 9.03819
v 96.9366 68.1282 9.01801
v 96.9366 68.1389 9.00598
v 96.9366 68.1375 9.00902
v 96.9366 68.1376 9.00908
v 96.9367 68.1221 9.03158
v 96.9366 68.1332 9.01579
v 96.9366 68.1365 9.01221
v 96.9366 68.1434 9.00138
v 96.9366 68.1364 9.01405
v 96.9367 68.1255 9.03371
v 96.9366 68.1368 9.01951
v 96.9367 68.1354 9.0292
v 96.9367 68.1364 9.04101
v 96.9366 68.1418 9.01262
v 96.9366 68.1422 9.01432
v 96.9367 68.1392 9.03497
v 96.9366 68.1442 9.0257
v 96.9366 68.1442 9.02249
v 96.9366 68.1452 9.00958
v 96.9367 68.1479 9.03837
v 96.9367 68.1511 9.03792
v 96.9366 68.1473 9.01739
v 96.9367 68.151 9.03468
v 96.9366 68.1485 9.02208
v 96.9366 68.1455 9.0063
v 96.9366 68.147 9.01088
v 96.9366 68.1506 9.02491
v 96.9366 68.1522 9.02103
v 96.9366 68.1459 9.00453
v 96.9366 68.1561 9.02279
v 96.9366 68.1494 9.01
v 96.9366 68.1507 9.01111
v 96.9367 68.1635 9.03338
v 96.9368 68.171 9.04388
v 96.9366 68.1484 9.00687
v 96.9366 68.1556 9.01559
v 96.9367 68.1669 9.03118
v 96.9367 68.1653 9.02424
v 96.9366 68.16 9.01818
v 96.9366 68.1579 9.01579
v 96.9367 68.17 9.02865
v 96.9366 68.1549 9.01203
v 96.9368 68.1064 9.03476
v 96.9366 68.1283 9.01474
v 96.9366 68.1407 9.00325
v 96.9366 68.1422 9.00249
v 96.9366 68.1374 9.00896
v 96.9366 68.1418 9.00317
v 96.9367 68.1355 9.03671
v 96.9366 68.1416 9.01093
v 96.9366 68.139 9.0227
v 96.9367 68.137 9.0313
v 96.9367 68.1426 9.03851
v 96.9366 68.1435 9.01846
v 96.9366 68.144 9.00481
v 96.9366 68.1446 9.0032
v 96.9369 68.1529 9.05716
v 96.9366 68.1479 9.02463
v 96.9366 68.146 9.01111
v 96.9366 68.1516 9.01053
v 96.9366 68.1596 9.01638
v 96.9366 68.1536 9.00997
v 96.9366 68.1278 9.01007
v 96.9366 68.1384 9.00353
v 96.9366 68.1393 9.01099
v 96.9366 68.144 9.00159
v 96.9366 68.1471 9.01086
v 96.9367 68.151 9.02561
v 96.9366 68.1461 9.00307
v 96.9366 68.1573 9.0173
v 96.9366 68.1428 9.00218
v 96.9366 68.143 9.00319
v 96.9366 68.1443 9.00039
v 96.9366 68.145 9.02247
v 96.9366 68.1443 9.00311
v 34.5153 117.211 14
v 32.6365 115.342 14
v 32.6279 115.323 14
v 32.2379 113.601 14
v 36.2379 117.601 14
v 34.4434 117.176 14
v 32.238 113.621 14
v 36.2179 117.601 14
v 34.4077 117.158 14
v 32.6904 115.449 14
v 32.6812 115.431 14
v 32.2384 113.661 14
v 32.2381 113.641 14
v 32.2387 113.681 14
v 34.3545 117.13 14
v 34.3369 117.12 14
v 32.2404 113.741 14
v 32.2397 113.721 14
v 32.2392 113.701 14
v 34.3193 117.111 14
v 32.2411 113.761 14
v 34.2843 117.091 14
v 34.2669 117.081 14
v 34.3018 117.101 14
v 36.0779 117.598 14
v 36.0579 117.597 14
v 32.242 113.781 14
v 32.2429 113.801 14
v 36.0379 117.596 14
v 34.2495 117.072 14
v 34.2321 117.062 14
v 34.2149 117.052 14
v 34.1976 117.041 14
v 32.7974 115.641 14
v 32.7872 115.624 14
v 32.2451 113.841 14
v 32.244 113.821 14
v 32.2464 113.861 14
v 35.9979 117.594 14
v 32.8076 115.658 14
v 32.818 115.675 14
v 35.978 117.592 14
v 34.1804 117.031 14
v 32.2492 113.901 14
v 32.2477 113.881 14
v 32.8284 115.693 14
v 32.8389 115.71 14
v 32.2507 113.921 14
v 35.958 117.591 14
v 35.938 117.59 14
v 35.9181 117.588 14
v 34.1122 116.989 14
v 35.8982 117.586 14
v 34.0953 116.979 14
v 34.0784 116.968 14
v 34.0616 116.957 14
v 32.2541 113.961 14
v 32.2524 113.941 14
v 32.256 113.98 14
v 35.8782 117.585 14
v 35.8583 117.583 14
v 34.0448 116.946 14
v 34.0281 116.935 14
v 32.2579 114 14
v 32.26 114.02 14
v 32.9037 115.811 14
v 32.9148 115.827 14
v 32.2621 114.04 14
v 32.2644 114.06 14
v 32.926 115.844 14
v 32.9373 115.86 14
v 34.0115 116.924 14
v 33.9949 116.913 14
v 32.2667 114.08 14
v 32.2692 114.1 14
v 32.9486 115.877 14
v 32.96 115.893 14
v 32.9715 115.91 14
v 32.9831 115.926 14
v 32.2743 114.139 14
v 32.2717 114.12 14
v 35.7191 117.567 14
v 32.2771 114.159 14
v 32.9948 115.942 14
v 33.0066 115.958 14
v 33.8965 116.844 14
v 33.0303 115.991 14
v 33.0184 115.975 14
v 35.6399 117.556 14
v 33.8321 116.796 14
v 33.0544 116.023 14
v 33.0423 116.007 14
v 33.0665 116.039 14
v 33.0788 116.054 14
v 33.8161 116.784 14
v 32.2956 114.278 14
v 33.8002 116.772 14
v 33.7844 116.76 14
v 33.7686 116.748 14
v 33.0911 116.07 14
v 33.7529 116.735 14
v 32.2991 114.298 14
v 32.3026 114.317 14
v 35.5411 117.54 14
v 35.5214 117.536 14
v 33.1159 116.102 14
v 33.7373 116.723 14
v 33.7217 116.71 14
v 35.5018 117.533 14
v 35.4821 117.529 14
v 32.3062 114.337 14
v 33.7061 116.698 14
v 33.6907 116.685 14
v 33.6753 116.672 14
v 35.4625 117.525 14
v 35.4428 117.521 14
v 33.66 116.659 14
v 33.1924 116.194 14
v 33.2054 116.209 14
v 32.3259 114.435 14
v 32.3218 114.416 14
v 33.6447 116.646 14
v 33.6295 116.633 14
v 35.4232 117.517 14
v 35.4037 117.513 14
v 33.2185 116.224 14
v 33.2317 116.239 14
v 33.6143 116.62 14
v 32.3301 114.455 14
v 32.3344 114.474 14
v 33.2449 116.254 14
v 33.2582 116.269 14
v 33.2716 116.284 14
v 35.3256 117.495 14
v 33.2851 116.299 14
v 33.2986 116.314 14
v 35.3061 117.491 14
v 33.4956 116.513 14
v 33.4811 116.499 14
v 33.4666 116.485 14
v 33.4523 116.471 14
v 33.3813 116.401 14
v 33.4379 116.457 14
v 33.4237 116.443 14
v 33.4095 116.429 14
v 32.3938 114.707 14
v 32.3994 114.726 14
v 35.1127 117.439 14
v 32.4051 114.745 14
v 35.0935 117.434 14
v 32.4109 114.764 14
v 32.4167 114.784 14
v 32.4227 114.803 14
v 32.4349 114.841 14
v 32.4288 114.822 14
v 32.4412 114.86 14
v 32.4475 114.879 14
v 34.979 117.398 14
v 34.9411 117.385 14
v 32.4605 114.917 14
v 32.454 114.898 14
v 32.4671 114.935 14
v 32.4946 115.011 14
v 32.5017 115.029 14
v 34.8094 117.337 14
v 32.5089 115.048 14
v 32.5162 115.067 14
v 32.5235 115.085 14
v 34.7908 117.33 14
v 34.7721 117.323 14
v 34.7535 117.315 14
v 32.531 115.104 14
v 32.5386 115.122 14
v 34.735 117.308 14
v 34.7164 117.3 14
v 34.6979 117.293 14
v 34.6795 117.285 14
v 34.6611 117.277 14
v 32.5941 115.251 14
v 32.5859 115.233 14
v 32.6024 115.269 14
v 32.6193 115.305 14
v 32.6108 115.287 14
v 36.2379 117.601 0
v 33.8965 116.844 0
v 32.238 113.621 0
v 32.2379 113.601 0
v 32.2381 113.641 0
v 32.2384 113.661 0
v 32.2392 113.701 0
v 32.2387 113.681 0
v 33.9949 116.913 0
v 32.2397 113.721 0
v 34.0115 116.924 0
v 32.2404 113.741 0
v 34.0281 116.935 0
v 32.2411 113.761 0
v 34.0448 116.946 0
v 32.242 113.781 0
v 34.0616 116.957 0
v 34.0784 116.968 0
v 32.244 113.821 0
v 32.2429 113.801 0
v 34.0953 116.979 0
v 32.2451 113.841 0
v 34.1122 116.989 0
v 32.2464 113.861 0
v 32.2477 113.881 0
v 32.2492 113.901 0
v 32.2507 113.921 0
v 34.1804 117.031 0
v 32.2524 113.941 0
v 34.1976 117.041 0
v 32.2541 113.961 0
v 34.2149 117.052 0
v 32.256 113.98 0
v 34.2321 117.062 0
v 32.2579 114 0
v 34.2495 117.072 0
v 32.26 114.02 0
v 34.2669 117.081 0
v 32.2621 114.04 0
v 34.2843 117.091 0
v 32.2644 114.06 0
v 34.3018 117.101 0
v 32.2667 114.08 0
v 34.3193 117.111 0
v 32.2692 114.1 0
v 34.3369 117.12 0
v 32.2717 114.12 0
v 34.3545 117.13 0
v 32.2743 114.139 0
v 32.2771 114.159 0
v 34.4077 117.158 0
v 32.2829 114.199 0
v 34.4434 117.176 0
v 32.2956 114.278 0
v 32.2991 114.298 0
v 34.5153 117.211 0
v 32.3026 114.317 0
v 32.3062 114.337 0
v 34.6061 117.253 0
v 32.3218 114.416 0
v 32.3259 114.435 0
v 32.3301 114.455 0
v 34.6611 117.277 0
v 32.3344 114.474 0
v 34.6795 117.285 0
v 34.6979 117.293 0
v 34.7164 117.3 0
v 34.735 117.308 0
v 34.7535 117.315 0
v 34.7721 117.323 0
v 34.7908 117.33 0
v 34.8094 117.337 0
v 32.3938 114.707 0
v 34.9411 117.385 0
v 32.3994 114.726 0
v 32.4051 114.745 0
v 34.979 117.398 0
v 32.4109 114.764 0
v 32.4167 114.784 0
v 32.4227 114.803 0
v 35.0553 117.422 0
v 32.4288 114.822 0
v 32.4349 114.841 0
v 35.0935 117.434 0
v 32.4412 114.86 0
v 35.1127 117.439 0
v 32.4475 114.879 0
v 32.454 114.898 0
v 32.4605 114.917 0
v 32.4671 114.935 0
v 32.4807 114.973 0
v 32.4946 115.011 0
v 32.5017 115.029 0
v 35.3061 117.491 0
v 32.5089 115.048 0
v 35.3256 117.495 0
v 32.5162 115.067 0
v 32.5235 115.085 0
v 32.531 115.104 0
v 32.5386 115.122 0
v 35.4037 117.513 0
v 35.4232 117.517 0
v 35.4428 117.521 0
v 35.4625 117.525 0
v 35.4821 117.529 0
v 32.5698 115.196 0
v 35.5018 117.533 0
v 35.5214 117.536 0
v 32.5859 115.233 0
v 35.5411 117.54 0
v 32.5941 115.251 0
v 32.6024 115.269 0
v 32.6108 115.287 0
v 32.6193 115.305 0
v 32.6279 115.323 0
v 32.6365 115.342 0
v 35.7191 117.567 0
v 32.6812 115.431 0
v 32.6904 115.449 0
v 35.8583 117.583 0
v 35.8782 117.585 0
v 35.8982 117.586 0
v 35.9181 117.588 0
v 35.938 117.59 0
v 35.958 117.591 0
v 35.978 117.592 0
v 35.9979 117.594 0
v 32.7872 115.624 0
v 36.0379 117.596 0
v 32.7974 115.641 0
v 36.0579 117.597 0
v 32.8076 115.658 0
v 36.0779 117.598 0
v 32.818 115.675 0
v 32.8284 115.693 0
v 32.8389 115.71 0
v 36.2179 117.601 0
v 32.8818 115.777 0
v 32.9037 115.811 0
v 32.9148 115.827 0
v 32.926 115.844 0
v 32.9373 115.86 0
v 32.9486 115.877 0
v 32.96 115.893 0
v 32.9715 115.91 0
v 32.9831 115.926 0
v 32.9948 115.942 0
v 33.0066 115.958 0
v 33.0184 115.975 0
v 33.0303 115.991 0
v 33.0423 116.007 0
v 33.0544 116.023 0
v 33.0665 116.039 0
v 33.0788 116.054 0
v 33.0911 116.07 0
v 33.1159 116.102 0
v 33.1924 116.194 0
v 33.2054 116.209 0
v 33.2185 116.224 0
v 33.2317 116.239 0
v 33.2449 116.254 0
v 33.2582 116.269 0
v 33.2716 116.284 0
v 33.2851 116.299 0
v 33.2986 116.314 0
v 33.3813 116.401 0
v 33.4095 116.429 0
v 33.4237 116.443 0
v 33.4379 116.457 0
v 33.4523 116.471 0
v 33.4666 116.485 0
v 33.4811 116.499 0
v 33.4956 116.513 0
v 33.6143 116.62 0
v 33.6295 116.633 0
v 33.6447 116.646 0
v 33.66 116.659 0
v 33.6753 116.672 0
v 33.6907 116.685 0
v 33.7061 116.698 0
v 33.7217 116.71 0
v 33.7373 116.723 0
v 33.7529 116.735 0
v 33.7686 116.748 0
v 33.7844 116.76 0
v 33.8002 116.772 0
v 33.8161 116.784 0
v 33.8321 116.796 0
v 90.2709 82.9902 0
v 90.2604 82.9807 0
v 90.2499 82.9712 0
v 83.4796 83.049 0
v 83.4697 83.059 0
v 83.4598 83.0691 0
v 84.7383 105.754 0
v 84.7524 105.755 0
v 90.2393 82.9618 0
v 90.2813 82.9998 0
v 83.4897 83.039 0
v 83.4499 83.0793 0
v 83.51 83.0193 0
v 83.4998 83.0291 0
v 83.4402 83.0895 0
v 90.3322 83.049 0
v 90.3221 83.039 0
v 83.5305 82.9998 0
v 83.5202 83.0095 0
v 90.3421 83.059 0
v 84.8655 105.76 0
v 90.352 83.0691 0
v 90.3716 83.0895 0
v 90.3619 83.0793 0
v 84.8938 105.76 0
v 90.3909 83.1103 0
v 90.3813 83.0999 0
v 90.918 103.76 0
v 90.9179 103.774 0
v 83.4019 83.1312 0
v 83.3925 83.1418 0
v 90.4286 83.1525 0
v 90.4193 83.1418 0
v 90.4099 83.1312 0
v 83.3832 83.1525 0
v 90.4004 83.1207 0
v 90.447 83.174 0
v 90.4378 83.1632 0
v 90.9178 103.788 0
v 90.9171 103.817 0
v 90.9175 103.802 0
v 83.3739 83.1632 0
v 83.3648 83.174 0
v 90.4651 83.1958 0
v 90.4561 83.1848 0
v 83.5725 82.9618 0
v 83.5831 82.9525 0
v 83.6047 82.9341 0
v 83.5939 82.9433 0
v 90.4829 83.2178 0
v 90.474 83.2067 0
v 88.9887 105.759 0
v 83.3557 83.1848 0
v 83.3467 83.1958 0
v 90.5003 83.24 0
v 90.4916 83.2289 0
v 83.6155 82.925 0
v 90.509 83.2513 0
v 90.5259 83.2739 0
v 90.5175 83.2626 0
v 83.3378 83.2067 0
v 83.3289 83.2178 0
v 89.0311 105.757 0
v 89.0452 105.756 0
v 90.5426 83.2968 0
v 90.5343 83.2853 0
v 90.9129 103.901 0
v 90.9139 103.887 0
v 90.9147 103.873 0
v 90.5508 83.3083 0
v 90.559 83.3199 0
v 90.9119 103.915 0
v 83.3201 83.2289 0
v 83.3115 83.24 0
v 83.6595 82.8895 0
v 83.6707 82.8808 0
v 90.567 83.3315 0
v 89.0593 105.755 0
v 89.0735 105.754 0
v 89.0876 105.753 0
v 83.6819 82.8722 0
v 90.575 83.3432 0
v 90.606 83.3906 0
v 83.7046 82.8552 0
v 83.6932 82.8636 0
v 90.9107 103.93 0
v 90.9095 103.944 0
v 90.9067 103.972 0
v 90.9081 103.958 0
v 90.621 83.4146 0
v 90.6135 83.4025 0
v 90.6284 83.4266 0
v 90.9051 103.986 0
v 83.2775 83.2853 0
v 83.2692 83.2968 0
v 90.9035 104 0
v 83.7274 82.8385 0
v 83.716 82.8468 0
v 90.6429 83.4509 0
v 90.6357 83.4388 0
v 90.657 83.4755 0
v 90.65 83.4632 0
v 83.7506 82.8222 0
v 83.739 82.8303 0
v 90.9018 104.014 0
v 90.8999 104.028 0
v 83.261 83.3083 0
v 83.2528 83.3199 0
v 83.2448 83.3315 0
v 89.172 105.744 0
v 89.186 105.742 0
v 89.2 105.74 0
v 90.6843 83.5251 0
v 90.6974 83.5502 0
v 90.6909 83.5376 0
v 83.7739 82.8062 0
v 83.7622 82.8141 0
v 90.7038 83.5628 0
v 83.2368 83.3432 0
v 83.2289 83.355 0
v 90.7164 83.5881 0
v 90.7101 83.5754 0
v 83.7856 82.7983 0
v 89.228 105.736 0
v 89.242 105.734 0
v 89.256 105.731 0
v 89.214 105.738 0
v 83.2211 83.3668 0
v 83.2134 83.3786 0
v 90.8867 104.112 0
v 90.7225 83.6009 0
v 90.7286 83.6137 0
v 90.7404 83.6394 0
v 90.7345 83.6265 0
v 83.2058 83.3906 0
v 83.7975 82.7905 0
v 89.2699 105.729 0
v 89.2838 105.726 0
v 83.8212 82.7751 0
v 83.8093 82.7828 0
v 90.7519 83.6652 0
v 90.7462 83.6523 0
v 90.8816 104.14 0
v 90.8842 104.126 0
v 90.7575 83.6782 0
v 83.8332 82.7676 0
v 83.1982 83.4025 0
v 83.1908 83.4146 0
v 83.8452 82.7601 0
v 89.2977 105.724 0
v 89.3116 105.721 0
v 90.876 104.167 0
v 90.8788 104.154 0
v 90.7684 83.7044 0
v 90.763 83.6913 0
v 90.779 83.7306 0
v 90.7737 83.7175 0
v 83.8573 82.7527 0
v 83.1834 83.4266 0
v 83.1761 83.4388 0
v 90.87 104.195 0
v 90.8731 104.181 0
v 90.7841 83.7438 0
v 90.7891 83.757 0
v 83.1689 83.4509 0
v 83.1618 83.4632 0
v 90.8084 83.8103 0
v 90.8637 104.223 0
v 90.8669 104.209 0
v 90.8604 104.236 0
v 90.8174 83.8371 0
v 90.8129 83.8236 0
v 83.8694 82.7454 0
v 83.8816 82.7382 0
v 83.9061 82.7241 0
v 83.8938 82.7311 0
v 90.8569 104.25 0
v 90.8218 83.8505 0
v 83.1548 83.4755 0
v 90.8534 104.264 0
v 90.8303 83.8775 0
v 90.8261 83.864 0
v 90.8461 104.291 0
v 90.8498 104.278 0
v 90.8344 83.8911 0
v 90.8423 83.9182 0
v 90.8384 83.9046 0
v 83.9185 82.7171 0
v 83.9433 82.7035 0
v 83.9308 82.7103 0
v 90.8423 104.305 0
v 90.8461 83.9319 0
v 90.8498 83.9455 0
v 90.8534 83.9592 0
v 90.8384 104.318 0
v 90.8569 83.9729 0
v 90.8344 104.332 0
v 83.1275 83.5251 0
v 83.1209 83.5376 0
v 83.1144 83.5502 0
v 90.8637 84.0004 0
v 90.8604 83.9867 0
v 89.4765 105.68 0
v 83.9557 82.6968 0
v 83.9808 82.6837 0
v 83.9682 82.6902 0
v 83.108 83.5628 0
v 90.8731 84.0418 0
v 90.87 84.028 0
v 90.8669 84.0142 0
v 83.1017 83.5754 0
v 90.876 84.0557 0
v 89.5171 105.668 0
v 90.8816 84.0834 0
v 90.8788 84.0695 0
v 83.9934 82.6773 0
v 84.0188 82.6648 0
v 84.0061 82.671 0
v 90.8867 84.1112 0
v 90.8842 84.0973 0
v 90.8892 84.1252 0
v 83.0954 83.5881 0
v 83.0893 83.6009 0
v 90.8938 84.1531 0
v 90.8915 84.1391 0
v 84.0443 82.6526 0
v 84.0315 82.6586 0
v 90.8959 84.1671 0
v 90.8999 84.1951 0
v 90.898 84.1811 0
v 89.5842 105.646 0
v 84.07 82.6407 0
v 84.0572 82.6466 0
v 90.9035 84.2232 0
v 90.9018 84.2091 0
v 83.0773 83.6265 0
v 83.0714 83.6394 0
v 83.0656 83.6523 0
v 83.0832 83.6137 0
v 90.7891 104.466 0
v 90.7941 104.453 0
v 90.9051 84.2372 0
v 90.9067 84.2513 0
v 84.083 82.6349 0
v 90.7841 104.479 0
v 90.9095 84.2795 0
v 90.9081 84.2654 0
v 83.0599 83.6652 0
v 83.0543 83.6782 0
v 90.9107 84.2936 0
v 89.6373 105.626 0
v 89.6505 105.621 0
v 90.7737 104.506 0
v 90.779 104.493 0
v 84.1089 82.6236 0
v 84.0959 82.6292 0
v 89.6637 105.616 0
v 83.0488 83.6913 0
v 90.9155 84.3642 0
v 90.9147 84.35 0
v 90.7684 104.519 0
v 90.7575 104.545 0
v 90.763 104.532 0
v 84.135 82.6127 0
v 84.1219 82.6181 0
v 90.9161 84.3783 0
v 90.7462 104.571 0
v 90.7519 104.558 0
v 90.9171 84.4066 0
v 90.9167 84.3924 0
v 89.7159 105.594 0
v 90.7404 104.584 0
v 90.9178 84.4349 0
v 90.9175 84.4207 0
v 89.7418 105.582 0
v 84.1613 82.6022 0
v 84.1481 82.6074 0
v 90.7286 104.609 0
v 90.7345 104.597 0
v 90.9179 84.449 0
v 90.918 84.4632 0
v 83.0277 83.7438 0
v 83.0227 83.757 0
v 89.7546 105.577 0
v 89.7675 105.571 0
v 83.0177 83.7703 0
v 83.0129 83.7836 0
v 84.1745 82.597 0
v 84.1877 82.592 0
v 84.2142 82.5822 0
v 84.2009 82.587 0
v 83.0081 83.7969 0
v 90.7225 104.622 0
v 90.7164 104.635 0
v 84.2409 82.5728 0
v 84.2276 82.5774 0
v 83.0034 83.8103 0
v 82.9988 83.8236 0
v 82.9944 83.8371 0
v 82.8951 103.831 0
v 82.8956 103.845 0
v 84.2677 82.5637 0
v 84.2543 82.5682 0
v 82.99 83.8505 0
v 82.8963 103.859 0
v 89.8685 105.52 0
v 89.881 105.513 0
v 82.897 103.873 0
v 82.8979 103.887 0
v 89.9057 105.499 0
v 82.9857 83.864 0
v 82.9815 83.8775 0
v 84.2812 82.5593 0
v 84.3082 82.5508 0
v 84.2947 82.555 0
v 89.918 105.492 0
v 89.9302 105.485 0
v 82.8999 103.915 0
v 82.901 103.93 0
v 82.9023 103.944 0
v 82.8988 103.901 0
v 90.65 104.76 0
v 90.6429 104.772 0
v 89.9424 105.478 0
v 82.9774 83.8911 0
v 82.9734 83.9046 0
v 89.9545 105.47 0
v 84.3353 82.5427 0
v 84.3217 82.5467 0
v 82.9036 103.958 0
v 82.9051 103.972 0
v 82.9066 103.986 0
v 82.9083 104 0
v 89.9666 105.463 0
v 89.9786 105.456 0
v 84.3625 82.535 0
v 84.3489 82.5388 0
v 90.6135 104.821 0
v 82.9695 83.9182 0
v 82.9657 83.9319 0
v 82.962 83.9455 0
v 82.91 104.014 0
v 82.9119 104.028 0
v 82.9138 104.042 0
v 82.9159 104.056 0
v 84.3899 82.5277 0
v 84.3762 82.5313 0
v 90.0261 105.425 0
v 90.575 104.88 0
v 90.5829 104.868 0
v 82.9584 83.9592 0
v 82.9549 83.9729 0
v 82.918 104.07 0
v 82.9203 104.084 0
v 90.0379 105.417 0
v 82.9514 83.9867 0
v 84.4173 82.5208 0
v 84.4036 82.5242 0
v 90.0496 105.409 0
v 90.0612 105.401 0
v 90.0728 105.393 0
v 82.925 104.112 0
v 82.9276 104.126 0
v 82.9302 104.14 0
v 82.9226 104.098 0
v 82.8939 103.774 0
v 90.5508 104.915 0
v 82.933 104.154 0
v 82.9358 104.167 0
v 82.9481 84.0004 0
v 82.9449 84.0142 0
v 82.9418 84.028 0
v 82.9387 104.181 0
v 82.9418 104.195 0
v 84.4587 82.5111 0
v 84.4449 82.5142 0
v 84.4311 82.5174 0
v 82.9449 104.209 0
v 84.4725 82.5081 0
v 90.5003 104.983 0
v 90.509 104.972 0
v 82.9387 84.0418 0
v 82.9358 84.0557 0
v 90.1299 105.351 0
v 90.1411 105.342 0
v 82.9549 104.25 0
v 82.933 84.0695 0
v 90.1522 105.334 0
v 90.4829 105.005 0
v 90.4916 104.994 0
v 90.474 105.016 0
v 84.5002 82.5023 0
v 84.4863 82.5051 0
v 90.1634 105.325 0
v 90.1744 105.316 0
v 84.5141 82.4996 0
v 82.9734 104.318 0
v 90.4561 105.038 0
v 90.4651 105.027 0
v 82.9302 84.0834 0
v 82.9276 84.0973 0
v 82.9774 104.332 0
v 90.4378 105.06 0
v 90.447 105.049 0
v 82.925 84.1112 0
v 84.5419 82.4944 0
v 84.528 82.4969 0
v 90.1854 105.307 0
v 90.4286 105.071 0
v 90.2286 105.271 0
v 90.4193 105.081 0
v 90.2393 105.261 0
v 82.9226 84.1252 0
v 82.9203 84.1391 0
v 90.4004 105.102 0
v 90.4099 105.092 0
v 83.0034 104.413 0
v 83.0081 104.426 0
v 84.5838 82.4874 0
v 84.5698 82.4896 0
v 84.5558 82.4919 0
v 83.0129 104.44 0
v 82.918 84.1531 0
v 82.9159 84.1671 0
v 90.3909 105.113 0
v 90.3813 105.123 0
v 90.3619 105.144 0
v 90.3716 105.134 0
v 82.8938 84.4632 0
v 82.8938 103.76 0
v 84.6118 82.4832 0
v 84.5978 82.4852 0
v 90.352 105.154 0
v 90.3221 105.184 0
v 90.3421 105.164 0
v 90.3322 105.174 0
v 83.0381 104.506 0
v 83.0434 104.519 0
v 83.0488 104.532 0
v 84.6398 82.4794 0
v 84.6258 82.4812 0
v 84.6539 82.4776 0
v 83.0599 104.558 0
v 83.0656 104.571 0
v 83.0714 104.584 0
v 83.0543 104.545 0
v 84.696 82.473 0
v 84.682 82.4744 0
v 84.6679 82.476 0
v 83.0893 104.622 0
v 83.0954 104.635 0
v 82.9051 84.2513 0
v 83.1209 104.686 0
v 83.1275 104.698 0
v 83.1342 104.711 0
v 83.141 104.723 0
v 83.1478 104.735 0
v 83.1548 104.748 0
v 84.7524 82.4682 0
v 83.1618 104.76 0
v 83.1689 104.772 0
v 83.1761 104.784 0
v 83.1834 104.796 0
v 84.7807 82.4664 0
v 84.7666 82.4672 0
v 83.1908 104.809 0
v 83.1982 104.821 0
v 84.7948 82.4656 0
v 83.2058 104.833 0
v 83.2134 104.844 0
v 83.2211 104.856 0
v 83.2289 104.868 0
v 83.2368 104.88 0
v 82.8951 84.3924 0
v 82.8946 84.4066 0
v 84.809 82.465 0
v 83.2448 104.892 0
v 83.2528 104.903 0
v 84.8372 82.464 0
v 84.8231 82.4644 0
v 83.261 104.915 0
v 82.8943 84.4207 0
v 82.894 84.4349 0
v 83.2775 104.938 0
v 84.8655 82.4634 0
v 84.8514 82.4636 0
v 84.8938 82.4632 0
v 84.8797 82.4632 0
v 83.3028 104.972 0
v 83.3115 104.983 0
v 82.8939 84.449 0
v 88.918 82.4632 0
v 83.3201 104.994 0
v 83.3289 105.005 0
v 88.9745 82.464 0
v 83.3467 105.027 0
v 83.3557 105.038 0
v 83.3648 105.049 0
v 83.3378 105.016 0
v 83.3739 105.06 0
v 89.0311 82.4664 0
v 89.0593 82.4682 0
v 89.0452 82.4672 0
v 89.0876 82.4704 0
v 89.0735 82.4692 0
v 89.1017 82.4716 0
v 83.4402 105.134 0
v 89.1157 82.473 0
v 89.1298 82.4744 0
v 89.1579 82.4776 0
v 89.1439 82.476 0
v 89.172 82.4794 0
v 89.186 82.4812 0
v 89.2 82.4832 0
v 89.228 82.4874 0
v 89.214 82.4852 0
v 89.242 82.4896 0
v 89.2699 82.4944 0
v 89.256 82.4919 0
v 89.2838 82.4969 0
v 89.2977 82.4996 0
v 83.5831 105.271 0
v 89.3255 82.5051 0
v 89.3116 82.5023 0
v 83.6047 105.289 0
v 83.6155 105.298 0
v 89.3393 82.5081 0
v 89.3531 82.5111 0
v 89.3807 82.5174 0
v 89.3669 82.5142 0
v 83.6595 105.334 0
v 89.3945 82.5208 0
v 89.4219 82.5277 0
v 89.4082 82.5242 0
v 89.4356 82.5313 0
v 89.4492 82.535 0
v 89.4765 82.5427 0
v 89.4629 82.5388 0
v 89.5036 82.5508 0
v 89.49 82.5467 0
v 89.5171 82.555 0
v 89.5306 82.5593 0
v 83.7739 105.417 0
v 83.7856 105.425 0
v 89.5441 82.5637 0
v 89.5575 82.5682 0
v 89.5842 82.5774 0
v 89.5709 82.5728 0
v 83.8332 105.456 0
v 83.8452 105.463 0
v 83.8573 105.47 0
v 89.5976 82.5822 0
v 89.6241 82.592 0
v 89.6108 82.587 0
v 83.8694 105.478 0
v 83.8816 105.485 0
v 89.6505 82.6022 0
v 89.6373 82.597 0
v 83.8938 105.492 0
v 89.6637 82.6074 0
v 89.6768 82.6127 0
v 89.6899 82.6181 0
v 83.9433 105.52 0
v 89.7159 82.6292 0
v 89.7029 82.6236 0
v 89.7418 82.6407 0
v 89.7288 82.6349 0
v 89.7546 82.6466 0
v 89.7802 82.6586 0
v 89.7675 82.6526 0
v 84.0315 105.565 0
v 89.8057 82.671 0
v 89.793 82.6648 0
v 89.831 82.6837 0
v 89.8184 82.6773 0
v 84.0959 105.594 0
v 89.8561 82.6968 0
v 89.8435 82.6902 0
v 89.8685 82.7035 0
v 89.8933 82.7171 0
v 89.881 82.7103 0
v 84.1613 105.621 0
v 89.918 82.7311 0
v 89.9057 82.7241 0
v 84.1745 105.626 0
v 84.1877 105.631 0
v 84.2009 105.636 0
v 84.2142 105.641 0
v 89.9545 82.7527 0
v 89.9424 82.7454 0
v 89.9302 82.7382 0
v 89.9786 82.7676 0
v 89.9666 82.7601 0
v 84.2947 105.668 0
v 84.3082 105.672 0
v 89.9906 82.7751 0
v 90.0143 82.7905 0
v 90.0025 82.7828 0
v 90.0261 82.7983 0
v 84.3353 105.68 0
v 90.0379 82.8062 0
v 84.3762 105.692 0
v 90.0612 82.8222 0
v 90.0496 82.8141 0
v 84.4036 105.699 0
v 90.0843 82.8385 0
v 90.0728 82.8303 0
v 84.4311 105.706 0
v 84.4449 105.709 0
v 84.4587 105.712 0
v 90.1072 82.8552 0
v 90.0958 82.8468 0
v 84.4725 105.715 0
v 90.1299 82.8722 0
v 90.1186 82.8636 0
v 90.1854 82.916 0
v 90.1744 82.9071 0
v 90.2071 82.9341 0
v 90.1963 82.925 0
v 90.2179 82.9433 0
v 90.2286 82.9525 0
v 84.6398 105.744 0
v 90.918 103.76 30
v 90.2179 82.9433 30
v 90.2286 82.9525 30
v 90.2393 82.9618 30
v 90.2499 82.9712 30
v 90.2604 82.9807 30
v 90.2709 82.9902 30
v 83.4697 83.059 30
v 83.4796 83.049 30
v 83.4598 83.0691 30
v 84.7524 105.755 30
v 84.7383 105.754 30
v 83.4897 83.039 30
v 83.4499 83.0793 30
v 90.2813 82.9998 30
v 83.4998 83.0291 30
v 83.51 83.0193 30
v 83.4402 83.0895 30
v 90.3221 83.039 30
v 90.3322 83.049 30
v 83.5202 83.0095 30
v 83.5305 82.9998 30
v 90.3421 83.059 30
v 84.8655 105.76 30
v 90.352 83.0691 30
v 90.3619 83.0793 30
v 90.3716 83.0895 30
v 84.8938 105.76 30
v 90.3813 83.0999 30
v 90.3909 83.1103 30
v 90.9179 103.774 30
v 83.3925 83.1418 30
v 83.4019 83.1312 30
v 83.3832 83.1525 30
v 90.4193 83.1418 30
v 90.4286 83.1525 30
v 90.4099 83.1312 30
v 90.9178 103.788 30
v 90.4004 83.1207 30
v 90.9175 103.802 30
v 90.9171 103.817 30
v 90.4378 83.1632 30
v 90.447 83.174 30
v 83.3648 83.174 30
v 83.3739 83.1632 30
v 90.4561 83.1848 30
v 90.4651 83.1958 30
v 83.5725 82.9618 30
v 83.5831 82.9525 30
v 83.5939 82.9433 30
v 83.6047 82.9341 30
v 90.474 83.2067 30
v 90.4829 83.2178 30
v 88.9887 105.759 30
v 83.3557 83.1848 30
v 83.3467 83.1958 30
v 90.4916 83.2289 30
v 90.5003 83.24 30
v 83.6155 82.925 30
v 90.509 83.2513 30
v 83.3378 83.2067 30
v 83.3289 83.2178 30
v 90.5175 83.2626 30
v 90.5259 83.2739 30
v 89.0311 105.757 30
v 89.0452 105.756 30
v 90.9139 103.887 30
v 90.9129 103.901 30
v 90.9147 103.873 30
v 90.5343 83.2853 30
v 90.5426 83.2968 30
v 90.5508 83.3083 30
v 83.3115 83.24 30
v 83.3201 83.2289 30
v 90.9119 103.915 30
v 90.559 83.3199 30
v 90.567 83.3315 30
v 83.6595 82.8895 30
v 83.6707 82.8808 30
v 89.0735 105.754 30
v 89.0593 105.755 30
v 89.0876 105.753 30
v 90.575 83.3432 30
v 83.6819 82.8722 30
v 90.606 83.3906 30
v 90.9107 103.93 30
v 90.9095 103.944 30
v 90.9081 103.958 30
v 90.9067 103.972 30
v 83.6932 82.8636 30
v 83.7046 82.8552 30
v 90.6135 83.4025 30
v 90.621 83.4146 30
v 90.6284 83.4266 30
v 90.9051 103.986 30
v 83.2775 83.2853 30
v 83.2692 83.2968 30
v 90.6357 83.4388 30
v 90.6429 83.4509 30
v 90.9035 104 30
v 83.716 82.8468 30
v 83.7274 82.8385 30
v 90.65 83.4632 30
v 90.657 83.4755 30
v 83.739 82.8303 30
v 83.7506 82.8222 30
v 90.9018 104.014 30
v 90.8999 104.028 30
v 83.2528 83.3199 30
v 83.261 83.3083 30
v 83.2448 83.3315 30
v 89.186 105.742 30
v 89.172 105.744 30
v 89.2 105.74 30
v 90.6843 83.5251 30
v 90.6909 83.5376 30
v 90.6974 83.5502 30
v 83.7622 82.8141 30
v 83.7739 82.8062 30
v 90.7038 83.5628 30
v 83.2368 83.3432 30
v 83.2289 83.355 30
v 90.7101 83.5754 30
v 90.7164 83.5881 30
v 83.7856 82.7983 30
v 89.256 105.731 30
v 89.242 105.734 30
v 89.228 105.736 30
v 89.214 105.738 30
v 83.2134 83.3786 30
v 83.2211 83.3668 30
v 90.8867 104.112 30
v 90.7225 83.6009 30
v 90.7286 83.6137 30
v 90.7345 83.6265 30
v 90.7404 83.6394 30
v 83.2058 83.3906 30
v 90.7462 83.6523 30
v 90.7519 83.6652 30
v 83.7975 82.7905 30
v 83.8093 82.7828 30
v 83.8212 82.7751 30
v 89.2699 105.729 30
v 89.2838 105.726 30
v 90.8842 104.126 30
v 90.8816 104.14 30
v 90.7575 83.6782 30
v 83.8332 82.7676 30
v 83.1982 83.4025 30
v 83.1908 83.4146 30
v 83.8452 82.7601 30
v 89.3116 105.721 30
v 89.2977 105.724 30
v 90.8788 104.154 30
v 90.876 104.167 30
v 90.763 83.6913 30
v 90.7684 83.7044 30
v 90.7737 83.7175 30
v 90.779 83.7306 30
v 83.8573 82.7527 30
v 83.1834 83.4266 30
v 83.1761 83.4388 30
v 90.8731 104.181 30
v 90.87 104.195 30
v 90.7841 83.7438 30
v 90.7891 83.757 30
v 83.1689 83.4509 30
v 83.1618 83.4632 30
v 90.8669 104.209 30
v 90.8637 104.223 30
v 90.8084 83.8103 30
v 90.8129 83.8236 30
v 90.8174 83.8371 30
v 90.8604 104.236 30
v 83.8694 82.7454 30
v 83.8816 82.7382 30
v 83.8938 82.7311 30
v 83.9061 82.7241 30
v 83.1548 83.4755 30
v 90.8218 83.8505 30
v 90.8569 104.25 30
v 90.8261 83.864 30
v 90.8303 83.8775 30
v 90.8534 104.264 30
v 90.8498 104.278 30
v 90.8461 104.291 30
v 90.8344 83.8911 30
v 90.8384 83.9046 30
v 90.8423 83.9182 30
v 83.9185 82.7171 30
v 90.8461 83.9319 30
v 90.8423 104.305 30
v 83.9308 82.7103 30
v 83.9433 82.7035 30
v 90.8498 83.9455 30
v 90.8534 83.9592 30
v 90.8384 104.318 30
v 90.8569 83.9729 30
v 90.8344 104.332 30
v 83.1209 83.5376 30
v 83.1275 83.5251 30
v 83.1144 83.5502 30
v 90.8604 83.9867 30
v 90.8637 84.0004 30
v 89.4765 105.68 30
v 83.9557 82.6968 30
v 83.9682 82.6902 30
v 83.9808 82.6837 30
v 83.108 83.5628 30
v 90.8669 84.0142 30
v 90.87 84.028 30
v 90.8731 84.0418 30
v 90.876 84.0557 30
v 83.1017 83.5754 30
v 89.5171 105.668 30
v 90.8788 84.0695 30
v 90.8816 84.0834 30
v 83.9934 82.6773 30
v 84.0061 82.671 30
v 84.0188 82.6648 30
v 90.8842 84.0973 30
v 90.8867 84.1112 30
v 83.0954 83.5881 30
v 83.0893 83.6009 30
v 90.8892 84.1252 30
v 90.8915 84.1391 30
v 90.8938 84.1531 30
v 84.0315 82.6586 30
v 84.0443 82.6526 30
v 90.8959 84.1671 30
v 90.898 84.1811 30
v 90.8999 84.1951 30
v 89.5842 105.646 30
v 84.0572 82.6466 30
v 84.07 82.6407 30
v 90.9018 84.2091 30
v 90.9035 84.2232 30
v 83.0714 83.6394 30
v 83.0773 83.6265 30
v 83.0656 83.6523 30
v 83.0832 83.6137 30
v 90.9051 84.2372 30
v 90.7941 104.453 30
v 90.7891 104.466 30
v 90.9067 84.2513 30
v 90.7841 104.479 30
v 84.083 82.6349 30
v 90.9081 84.2654 30
v 90.9095 84.2795 30
v 83.0543 83.6782 30
v 83.0599 83.6652 30
v 84.0959 82.6292 30
v 84.1089 82.6236 30
v 90.9107 84.2936 30
v 89.6373 105.626 30
v 89.6505 105.621 30
v 90.779 104.493 30
v 90.7737 104.506 30
v 83.0488 83.6913 30
v 89.6637 105.616 30
v 90.9147 84.35 30
v 90.9155 84.3642 30
v 90.7684 104.519 30
v 84.1219 82.6181 30
v 84.135 82.6127 30
v 90.763 104.532 30
v 90.7575 104.545 30
v 90.9161 84.3783 30
v 90.7519 104.558 30
v 90.7462 104.571 30
v 90.9167 84.3924 30
v 90.9171 84.4066 30
v 89.7159 105.594 30
v 84.1481 82.6074 30
v 84.1613 82.6022 30
v 90.7404 104.584 30
v 89.7418 105.582 30
v 90.9175 84.4207 30
v 90.9178 84.4349 30
v 90.7345 104.597 30
v 90.7286 104.609 30
v 90.9179 84.449 30
v 90.918 84.4632 30
v 83.0227 83.757 30
v 83.0277 83.7438 30
v 89.7675 105.571 30
v 89.7546 105.577 30
v 83.0177 83.7703 30
v 83.0129 83.7836 30
v 84.1745 82.597 30
v 84.1877 82.592 30
v 84.2009 82.587 30
v 84.2142 82.5822 30
v 90.7225 104.622 30
v 83.0081 83.7969 30
v 90.7164 104.635 30
v 84.2276 82.5774 30
v 84.2409 82.5728 30
v 83.0034 83.8103 30
v 82.9988 83.8236 30
v 82.9944 83.8371 30
v 82.8951 103.831 30
v 82.8956 103.845 30
v 84.2543 82.5682 30
v 84.2677 82.5637 30
v 82.8963 103.859 30
v 82.99 83.8505 30
v 89.881 105.513 30
v 89.8685 105.52 30
v 82.897 103.873 30
v 82.8979 103.887 30
v 89.9057 105.499 30
v 82.9815 83.8775 30
v 82.9857 83.864 30
v 84.2812 82.5593 30
v 84.2947 82.555 30
v 84.3082 82.5508 30
v 89.918 105.492 30
v 89.9302 105.485 30
v 82.9023 103.944 30
v 82.901 103.93 30
v 82.8999 103.915 30
v 82.8988 103.901 30
v 90.65 104.76 30
v 90.6429 104.772 30
v 89.9424 105.478 30
v 82.9774 83.8911 30
v 82.9734 83.9046 30
v 84.3217 82.5467 30
v 84.3353 82.5427 30
v 89.9545 105.47 30
v 82.9036 103.958 30
v 82.9051 103.972 30
v 82.9066 103.986 30
v 82.9083 104 30
v 89.9786 105.456 30
v 89.9666 105.463 30
v 84.3489 82.5388 30
v 84.3625 82.535 30
v 90.6135 104.821 30
v 82.9119 104.028 30
v 82.91 104.014 30
v 82.9657 83.9319 30
v 82.9695 83.9182 30
v 82.962 83.9455 30
v 82.9138 104.042 30
v 82.9159 104.056 30
v 84.3762 82.5313 30
v 84.3899 82.5277 30
v 90.0261 105.425 30
v 82.9584 83.9592 30
v 82.9549 83.9729 30
v 82.918 104.07 30
v 82.9203 104.084 30
v 90.5829 104.868 30
v 90.575 104.88 30
v 90.0379 105.417 30
v 82.9514 83.9867 30
v 84.4036 82.5242 30
v 84.4173 82.5208 30
v 90.0496 105.409 30
v 90.0612 105.401 30
v 82.9276 104.126 30
v 82.925 104.112 30
v 82.9302 104.14 30
v 90.0728 105.393 30
v 82.9226 104.098 30
v 82.8939 103.774 30
v 90.5508 104.915 30
v 82.933 104.154 30
v 82.9358 104.167 30
v 82.9449 84.0142 30
v 82.9481 84.0004 30
v 82.9418 84.028 30
v 82.9418 104.195 30
v 82.9387 104.181 30
v 84.4449 82.5142 30
v 84.4587 82.5111 30
v 84.4311 82.5174 30
v 82.9449 104.209 30
v 84.4725 82.5081 30
v 90.1299 105.351 30
v 82.9358 84.0557 30
v 82.9387 84.0418 30
v 90.509 104.972 30
v 90.5003 104.983 30
v 90.1411 105.342 30
v 82.9549 104.25 30
v 90.1522 105.334 30
v 82.933 84.0695 30
v 90.4916 104.994 30
v 90.4829 105.005 30
v 90.474 105.016 30
v 84.4863 82.5051 30
v 84.5002 82.5023 30
v 90.1744 105.316 30
v 90.1634 105.325 30
v 84.5141 82.4996 30
v 90.4651 105.027 30
v 90.4561 105.038 30
v 82.9734 104.318 30
v 82.9302 84.0834 30
v 82.9276 84.0973 30
v 90.447 105.049 30
v 90.4378 105.06 30
v 82.9774 104.332 30
v 82.925 84.1112 30
v 90.1854 105.307 30
v 84.528 82.4969 30
v 84.5419 82.4944 30
v 90.4286 105.071 30
v 90.2286 105.271 30
v 90.4193 105.081 30
v 90.2393 105.261 30
v 82.9226 84.1252 30
v 82.9203 84.1391 30
v 90.4099 105.092 30
v 90.4004 105.102 30
v 83.0034 104.413 30
v 83.0081 104.426 30
v 84.5558 82.4919 30
v 84.5698 82.4896 30
v 84.5838 82.4874 30
v 90.3909 105.113 30
v 90.3813 105.123 30
v 82.918 84.1531 30
v 82.9159 84.1671 30
v 83.0129 104.44 30
v 90.3716 105.134 30
v 90.3619 105.144 30
v 82.8938 103.76 30
v 82.8938 84.4632 30
v 90.352 105.154 30
v 84.5978 82.4852 30
v 84.6118 82.4832 30
v 90.3221 105.184 30
v 90.3421 105.164 30
v 90.3322 105.174 30
v 84.6258 82.4812 30
v 84.6398 82.4794 30
v 83.0434 104.519 30
v 83.0381 104.506 30
v 83.0488 104.532 30
v 84.6539 82.4776 30
v 83.0714 104.584 30
v 83.0656 104.571 30
v 83.0599 104.558 30
v 83.0543 104.545 30
v 84.682 82.4744 30
v 84.696 82.473 30
v 84.6679 82.476 30
v 83.0954 104.635 30
v 83.0893 104.622 30
v 82.9051 84.2513 30
v 83.1275 104.698 30
v 83.1209 104.686 30
v 83.1342 104.711 30
v 83.141 104.723 30
v 83.1478 104.735 30
v 83.1548 104.748 30
v 84.7524 82.4682 30
v 83.1689 104.772 30
v 83.1618 104.76 30
v 83.1761 104.784 30
v 83.1834 104.796 30
v 84.7666 82.4672 30
v 84.7807 82.4664 30
v 83.1908 104.809 30
v 83.1982 104.821 30
v 84.7948 82.4656 30
v 83.2058 104.833 30
v 83.2134 104.844 30
v 83.2289 104.868 30
v 83.2211 104.856 30
v 83.2368 104.88 30
v 82.8946 84.4066 30
v 82.8951 84.3924 30
v 84.809 82.465 30
v 83.2528 104.903 30
v 83.2448 104.892 30
v 84.8231 82.4644 30
v 84.8372 82.464 30
v 83.261 104.915 30
v 82.8943 84.4207 30
v 82.894 84.4349 30
v 83.2775 104.938 30
v 84.8514 82.4636 30
v 84.8655 82.4634 30
v 83.3028 104.972 30
v 83.3115 104.983 30
v 84.8797 82.4632 30
v 84.8938 82.4632 30
v 82.8939 84.449 30
v 88.918 82.4632 30
v 83.3289 105.005 30
v 83.3201 104.994 30
v 88.9745 82.464 30
v 83.3557 105.038 30
v 83.3467 105.027 30
v 83.3648 105.049 30
v 83.3378 105.016 30
v 83.3739 105.06 30
v 89.0311 82.4664 30
v 89.0452 82.4672 30
v 89.0593 82.4682 30
v 89.0735 82.4692 30
v 89.0876 82.4704 30
v 89.1017 82.4716 30
v 83.4402 105.134 30
v 89.1157 82.473 30
v 89.1298 82.4744 30
v 89.1439 82.476 30
v 89.1579 82.4776 30
v 89.172 82.4794 30
v 89.186 82.4812 30
v 89.2 82.4832 30
v 89.214 82.4852 30
v 89.228 82.4874 30
v 89.242 82.4896 30
v 89.256 82.4919 30
v 89.2699 82.4944 30
v 83.5831 105.271 30
v 89.2838 82.4969 30
v 89.2977 82.4996 30
v 83.6047 105.289 30
v 83.6155 105.298 30
v 89.3116 82.5023 30
v 89.3255 82.5051 30
v 89.3393 82.5081 30
v 89.3531 82.5111 30
v 89.3669 82.5142 30
v 89.3807 82.5174 30
v 83.6595 105.334 30
v 89.3945 82.5208 30
v 89.4082 82.5242 30
v 89.4219 82.5277 30
v 89.4356 82.5313 30
v 89.4492 82.535 30
v 89.4629 82.5388 30
v 89.4765 82.5427 30
v 89.49 82.5467 30
v 89.5036 82.5508 30
v 89.5171 82.555 30
v 89.5306 82.5593 30
v 83.7856 105.425 30
v 83.7739 105.417 30
v 89.5441 82.5637 30
v 89.5575 82.5682 30
v 89.5709 82.5728 30
v 89.5842 82.5774 30
v 83.8332 105.456 30
v 83.8452 105.463 30
v 89.5976 82.5822 30
v 89.6108 82.587 30
v 89.6241 82.592 30
v 83.8573 105.47 30
v 89.6373 82.597 30
v 89.6505 82.6022 30
v 83.8694 105.478 30
v 83.8816 105.485 30
v 89.6637 82.6074 30
v 83.8938 105.492 30
v 89.6768 82.6127 30
v 89.6899 82.6181 30
v 83.9433 105.52 30
v 89.7029 82.6236 30
v 89.7159 82.6292 30
v 89.7288 82.6349 30
v 89.7418 82.6407 30
v 89.7546 82.6466 30
v 89.7675 82.6526 30
v 89.7802 82.6586 30
v 84.0315 105.565 30
v 89.793 82.6648 30
v 89.8057 82.671 30
v 89.8184 82.6773 30
v 89.831 82.6837 30
v 89.8435 82.6902 30
v 89.8561 82.6968 30
v 84.0959 105.594 30
v 89.8685 82.7035 30
v 89.881 82.7103 30
v 89.8933 82.7171 30
v 84.1613 105.621 30
v 89.9057 82.7241 30
v 89.918 82.7311 30
v 84.1745 105.626 30
v 84.1877 105.631 30
v 84.2142 105.641 30
v 84.2009 105.636 30
v 89.9424 82.7454 30
v 89.9545 82.7527 30
v 89.9302 82.7382 30
v 89.9666 82.7601 30
v 89.9786 82.7676 30
v 84.2947 105.668 30
v 84.3082 105.672 30
v 89.9906 82.7751 30
v 90.0025 82.7828 30
v 90.0143 82.7905 30
v 90.0261 82.7983 30
v 84.3353 105.68 30
v 90.0379 82.8062 30
v 90.0496 82.8141 30
v 90.0612 82.8222 30
v 84.3762 105.692 30
v 84.4036 105.699 30
v 90.0728 82.8303 30
v 90.0843 82.8385 30
v 84.4311 105.706 30
v 84.4449 105.709 30
v 90.0958 82.8468 30
v 90.1072 82.8552 30
v 84.4587 105.712 30
v 84.4725 105.715 30
v 90.1186 82.8636 30
v 90.1299 82.8722 30
v 90.1744 82.9071 30
v 90.1854 82.916 30
v 90.1963 82.925 30
v 90.2071 82.9341 30
v 84.6398 105.744 30
v 121.407 131.536 36
v 121.392 131.559 36
v 121.414 131.527 36
v 121.429 131.505 36
v 121.436 131.495 36
v 121.452 131.473 36
v 121.458 131.464 36
v 121.518 131.384 36
v 121.502 131.404 36
v 121.524 131.375 36
v 121.539 131.355 36
v 121.546 131.347 36
v 121.568 131.319 36
v 121.561 131.328 36
v 121.583 131.3 36
v 121.604 131.274 36
v 121.589 131.292 36
v 121.611 131.266 36
v 121.626 131.248 36
v 121.632 131.24 36
v 121.69 131.173 36
v 121.675 131.19 36
v 121.697 131.166 36
v 121.711 131.149 36
v 121.739 131.119 36
v 121.733 131.126 36
v 121.754 131.104 36
v 121.796 131.06 36
v 121.781 131.075 36
v 121.802 131.054 36
v 121.817 131.039 36
v 121.884 130.974 36
v 121.878 130.98 36
v 121.899 130.961 36
v 124.894 133.383 35.5532
v 124.964 133.701 36
v 124.942 133.636 36
v 124.966 133.707 36
v 125.159 134.202 35.6091
v 125.145 134.171 35.6649
v 125.058 133.988 36
v 125.038 133.927 36
v 125.06 133.995 36
v 125.081 134.064 36
v 125.153 134.304 36
v 125.151 134.297 36
v 125.174 134.377 36
v 125.29 134.796 36
v 125.288 134.789 36
v 125.31 134.874 36
v 122.004 130.853 35.8325
v 122.004 130.859 35.8883
v 121.984 130.888 36
v 121.98 130.891 36
v 122 130.875 36
v 122.004 130.872 36
v 122.02 130.86 36
v 122.043 130.842 36
v 122.039 130.845 36
v 122.058 130.83 36
v 122.062 130.828 36
v 122.078 130.816 36
v 122.081 130.814 36
v 122.097 130.803 36
v 122.116 130.79 36
v 122.101 130.8 36
v 122.12 130.788 36
v 122.135 130.778 36
v 122.174 130.753 36
v 122.157 130.763 36
v 122.178 130.751 36
v 122.215 130.729 36
v 122.198 130.739 36
v 122.218 130.727 36
v 122.235 130.718 36
v 122.294 130.688 36
v 122.278 130.696 36
v 122.298 130.686 36
v 122.337 130.669 36
v 122.333 130.671 36
v 122.392 130.648 36
v 122.389 130.649 36
v 122.407 130.642 36
v 122.411 130.641 36
v 122.426 130.636 36
v 122.429 130.635 36
v 122.444 130.631 36
v 122.448 130.63 36
v 122.484 130.62 36
v 122.503 130.616 36
v 122.521 130.612 36
v 122.537 130.609 36
v 122.55 130.607 36
v 122.553 130.606 36
v 124.94 133.63 36
v 124.918 133.565 36
v 125.176 134.383 36
v 125.197 134.457 36
v 119.692 136.496 36
v 119.702 136.442 36
v 119.708 136.406 36
v 119.72 136.344 36
v 119.725 136.317 36
v 119.737 136.255 36
v 119.742 136.228 36
v 119.754 136.167 36
v 122.714 130.591 35.9255
v 120.244 134.159 36
v 120.237 134.181 36
v 120.258 134.111 36
v 120.265 134.09 36
v 120.28 134.042 36
v 120.286 134.021 36
v 120.368 133.766 36
v 120.353 133.812 36
v 120.507 133.368 36
v 120.5 133.386 36
v 120.522 133.325 36
v 120.529 133.307 36
v 122.882 130.616 35.9255
v 122.869 130.616 35.9628
v 122.867 130.614 35.9442
v 122.969 130.629 35.7766
v 122.954 130.634 35.8883
v 122.905 130.629 36
v 122.907 130.63 36
v 122.922 130.634 36
v 122.924 130.635 36
v 122.939 130.64 36
v 122.973 130.652 36
v 122.957 130.646 36
v 122.974 130.652 36
v 123.028 130.658 35.8387
v 123.009 130.666 36
v 122.993 130.659 36
v 123.011 130.666 36
v 123.026 130.673 36
v 123.095 130.689 35.8325
v 123.087 130.69 35.8883
v 123.111 130.692 35.7766
v 123.028 130.674 36
v 123.061 130.689 36
v 123.063 130.69 36
v 123.101 130.699 35.9007
v 123.097 130.706 36
v 123.099 130.707 36
v 123.115 130.716 36
v 123.117 130.717 36
v 123.157 130.725 35.8635
v 123.153 130.737 36
v 123.151 130.736 36
v 123.17 130.747 36
v 123.17 130.739 35.9255
v 123.228 130.783 36
v 123.208 130.771 36
v 123.229 130.784 36
v 123.27 130.812 36
v 123.25 130.798 36
v 123.271 130.813 36
v 123.291 130.827 36
v 123.293 130.828 36
v 123.313 130.843 36
v 123.314 130.844 36
v 123.403 130.896 35.8325
v 123.398 130.898 35.8883
v 123.356 130.877 36
v 123.336 130.861 36
v 123.358 130.878 36
v 123.378 130.894 36
v 123.42 130.93 36
v 123.399 130.912 36
v 123.421 130.931 36
v 123.442 130.949 36
v 123.444 130.951 36
v 123.464 130.969 36
v 123.52 131.001 35.8325
v 123.521 131.009 35.8883
v 123.466 130.971 36
v 123.487 130.99 36
v 123.489 130.992 36
v 123.509 131.012 36
v 123.589 131.078 35.8883
v 123.59 131.071 35.8325
v 123.557 131.059 36
v 123.555 131.057 36
v 123.625 131.115 35.8883
v 123.579 131.081 36
v 123.58 131.083 36
v 123.602 131.105 36
v 123.649 131.156 36
v 123.627 131.132 36
v 123.651 131.158 36
v 123.684 131.181 35.8883
v 123.68 131.182 35.9255
v 123.672 131.183 36
v 123.696 131.21 36
v 123.674 131.185 36
v 123.698 131.212 36
v 123.794 131.329 36
v 123.792 131.326 36
v 123.816 131.357 36
v 123.973 131.526 35.6897
v 123.818 131.36 36
v 123.84 131.389 36
v 123.842 131.391 36
v 123.864 131.421 36
v 123.915 131.491 36
v 123.913 131.488 36
v 123.938 131.523 36
v 124.122 131.741 35.6091
v 124.117 131.742 35.6649
v 124.129 131.762 35.6649
v 124.123 131.751 35.6649
v 123.94 131.526 36
v 123.963 131.559 36
v 123.965 131.562 36
v 123.989 131.599 36
v 123.987 131.596 36
v 124.012 131.633 36
v 124.014 131.636 36
v 124.037 131.671 36
v 124.039 131.674 36
v 124.23 131.923 35.6091
v 124.22 131.915 35.6649
v 124.233 131.928 35.6091
v 124.226 131.926 35.6649
v 124.064 131.714 36
v 124.062 131.71 36
v 124.275 132.012 35.6649
v 124.278 132.025 35.7021
v 124.348 132.156 35.7021
v 124.361 132.172 35.6649
v 124.291 132.103 36
v 124.289 132.099 36
v 124.314 132.146 36
v 124.39 132.294 36
v 124.367 132.248 36
v 124.392 132.298 36
v 124.415 132.345 36
v 124.417 132.35 36
v 124.441 132.397 36
v 125.662 136.496 36
v 125.65 136.43 36
v 125.689 136.641 36
v 125.502 135.69 36
v 125.501 135.682 36
v 125.521 135.776 36
v 125.523 135.784 36
v 125.562 135.974 36
v 125.56 135.966 36
v 125.541 135.871 36
v 125.542 135.879 36
v 119.941 135.295 36
v 119.935 135.319 36
v 119.954 135.238 36
v 119.96 135.214 36
v 119.973 135.158 36
v 119.979 135.134 36
v 119.993 135.078 36
v 119.999 135.054 36
v 120.612 133.09 36
v 120.596 133.13 36
v 120.619 133.073 36
v 120.732 132.797 36
v 120.725 132.814 36
v 120.748 132.761 36
v 120.907 132.41 36
v 120.892 132.443 36
v 120.914 132.395 36
v 120.93 132.362 36
v 120.937 132.348 36
v 120.953 132.316 36
v 120.96 132.302 36
v 120.976 132.27 36
v 120.983 132.256 36
v 121.166 131.919 36
v 121.159 131.931 36
v 121.143 131.959 36
v 121.136 131.971 36
v 121.181 131.892 36
v 121.188 131.88 36
v 121.234 131.804 36
v 121.227 131.815 36
v 121.249 131.778 36
v 121.385 131.569 36
v 121.718 131.142 36
v 119.759 136.14 36
v 119.771 136.079 36
v 121.823 131.033 36
v 121.837 131.019 36
v 119.776 136.053 36
v 119.788 135.992 36
v 119.794 135.966 36
v 119.806 135.906 36
v 119.829 135.794 36
v 119.824 135.82 36
v 119.811 135.88 36
v 119.842 135.735 36
v 122.002 130.848 35.7766
v 122.138 130.775 36
v 122.153 130.766 36
v 122.238 130.716 36
v 122.255 130.708 36
v 122.317 130.678 36
v 120.113 134.616 36
v 120.098 134.668 36
v 120.119 134.593 36
v 120.133 134.541 36
v 120.139 134.519 36
v 120.154 134.468 36
v 120.16 134.445 36
v 120.174 134.395 36
v 120.181 134.373 36
v 120.195 134.323 36
v 122.635 130.597 36
v 120.301 133.974 36
v 120.307 133.953 36
v 122.674 130.596 36
v 120.325 133.899 36
v 120.331 133.879 36
v 120.346 133.832 36
v 122.735 130.595 35.9628
v 120.39 133.701 36
v 120.375 133.746 36
v 120.396 133.681 36
v 122.771 130.6 35.9814
v 122.803 130.606 36
v 120.412 133.637 36
v 120.418 133.617 36
v 122.832 130.608 35.9628
v 122.836 130.607 35.9442
v 120.478 133.448 36
v 120.462 133.491 36
v 120.456 133.51 36
v 120.44 133.554 36
v 122.956 130.645 36
v 122.958 130.639 35.9255
v 122.99 130.658 36
v 120.544 133.265 36
v 120.551 133.247 36
v 120.589 133.148 36
v 120.567 133.206 36
v 120.574 133.188 36
v 120.634 133.033 36
v 120.641 133.016 36
v 123.19 130.759 36
v 123.188 130.758 36
v 123.207 130.77 36
v 120.657 132.977 36
v 123.249 130.797 36
v 123.402 130.889 35.7766
v 120.68 132.922 36
v 120.664 132.96 36
v 120.686 132.905 36
v 120.702 132.867 36
v 123.334 130.859 36
v 120.777 132.692 36
v 120.77 132.708 36
v 120.793 132.657 36
v 123.524 130.999 35.7766
v 120.8 132.641 36
v 120.816 132.606 36
v 120.823 132.59 36
v 123.559 131.033 35.7766
v 123.594 131.069 35.7766
v 123.66 131.146 35.8325
v 123.651 131.14 35.8604
v 123.695 131.187 35.8325
v 123.72 131.238 36
v 123.722 131.24 36
v 123.744 131.267 36
v 123.746 131.269 36
v 123.768 131.296 36
v 123.77 131.299 36
v 124.127 131.74 35.5532
v 121.068 132.095 36
v 121.052 132.124 36
v 121.075 132.082 36
v 121.091 132.053 36
v 121.097 132.04 36
v 124.235 131.922 35.5532
v 124.114 131.794 36
v 124.112 131.791 36
v 124.138 131.833 36
v 124.367 132.174 35.6091
v 124.386 132.201 35.5532
v 124.213 131.962 36
v 124.19 131.922 36
v 124.215 131.966 36
v 124.365 132.244 36
v 124.341 132.199 36
v 124.443 132.402 36
v 124.466 132.45 36
v 124.517 132.559 36
v 124.493 132.509 36
v 124.519 132.563 36
v 124.542 132.615 36
v 124.544 132.619 36
v 124.567 132.671 36
v 124.569 132.676 36
v 121.347 131.626 36
v 121.34 131.636 36
v 121.362 131.602 36
v 121.369 131.592 36
v 125.397 135.225 36
v 125.377 135.143 36
v 125.399 135.232 36
v 125.418 135.314 36
v 125.42 135.322 36
v 125.439 135.405 36
v 125.441 135.413 36
v 125.46 135.497 36
v 121.474 131.443 36
v 121.48 131.434 36
v 121.496 131.413 36
v 121.647 131.222 36
v 121.654 131.215 36
v 121.669 131.197 36
v 119.922 135.376 36
v 119.916 135.401 36
v 120.012 134.999 36
v 120.018 134.975 36
v 120.032 134.921 36
v 121.76 131.097 36
v 121.775 131.082 36
v 121.864 130.993 36
v 121.858 130.999 36
v 121.905 130.956 36
v 121.919 130.943 36
v 121.925 130.938 36
v 121.939 130.926 36
v 120.754 132.745 36
v 121.945 130.921 36
v 121.958 130.909 36
v 121.965 130.904 36
v 122.024 130.857 36
v 121.256 131.767 36
v 121.272 131.742 36
v 122.194 130.741 36
v 121.844 131.013 36
v 122.258 130.706 36
v 122.638 130.597 36
v 122.805 130.607 36
v 122.837 130.603 35.8883
v 122.807 130.602 35.9442
v 123.171 130.748 36
v 123.665 131.145 35.7766
v 123.7 131.185 35.7766
v 123.808 131.315 35.7766
v 123.803 131.316 35.8325
v 123.788 131.303 35.8655
v 124.14 131.836 36
v 124.163 131.875 36
v 124.165 131.878 36
v 124.188 131.918 36
v 124.519 132.47 35.5532
v 124.316 132.15 36
v 124.339 132.195 36
v 124.468 132.455 36
v 124.491 132.504 36
v 124.643 132.846 36
v 124.62 132.792 36
v 124.645 132.851 36
v 124.668 132.906 36
v 124.67 132.911 36
v 124.693 132.967 36
v 124.695 132.972 36
v 125.312 134.881 36
v 125.332 134.961 36
v 125.334 134.968 36
v 125.375 135.136 36
v 125.356 135.055 36
v 125.354 135.048 36
v 125.462 135.504 36
v 125.48 135.589 36
v 125.687 136.467 35.6649
v 125.676 136.392 35.637
v 122.94 130.64 36
v 123.084 130.693 35.9255
v 123.133 130.726 36
v 123.135 130.727 36
v 123.38 130.896 36
v 123.398 130.911 36
v 123.517 131.01 35.9255
v 123.511 131.014 36
v 123.532 131.034 36
v 123.534 131.036 36
v 123.604 131.107 36
v 123.625 131.13 36
v 122.352 130.663 36
v 122.356 130.661 36
v 122.37 130.656 36
v 123.962 131.52 35.7518
v 123.866 131.424 36
v 123.889 131.454 36
v 123.891 131.457 36
v 124.123 131.759 35.7021
v 124.213 131.91 35.7021
v 124.087 131.75 36
v 124.089 131.754 36
v 124.627 132.721 35.6091
v 124.621 132.719 35.6649
v 124.238 132.007 36
v 124.24 132.01 36
v 124.263 132.052 36
v 124.265 132.056 36
v 124.593 132.728 36
v 124.595 132.733 36
v 124.618 132.787 36
v 124.768 133.156 36
v 124.745 133.097 36
v 124.77 133.161 36
v 124.793 133.221 36
v 124.795 133.226 36
v 124.817 133.287 36
v 124.82 133.292 36
v 125.199 134.464 36
v 125.22 134.539 36
v 125.222 134.546 36
v 125.243 134.621 36
v 125.245 134.628 36
v 125.265 134.705 36
v 125.361 134.969 35.7021
v 125.58 136.063 36
v 125.581 136.071 36
v 125.482 135.596 36
v 125.599 136.16 36
v 125.601 136.168 36
v 125.618 136.258 36
v 125.619 136.266 36
v 125.638 136.364 36
v 125.637 136.356 36
v 122.373 130.655 36
v 119.847 135.709 36
v 119.86 135.651 36
v 119.866 135.625 36
v 124.795 133.155 35.7021
v 124.79 133.131 35.6649
v 124.718 133.029 36
v 124.72 133.034 36
v 124.743 133.092 36
v 119.878 135.567 36
v 119.884 135.541 36
v 119.897 135.484 36
v 119.903 135.458 36
v 124.891 133.49 36
v 124.869 133.427 36
v 124.893 133.495 36
v 124.916 133.559 36
v 125.083 134.07 36
v 125.105 134.141 36
v 125.107 134.147 36
v 125.128 134.218 36
v 125.13 134.225 36
v 125.304 134.716 35.6091
v 125.309 134.754 35.6649
v 125.373 134.977 35.5904
v 120.038 134.897 36
v 120.052 134.844 36
v 120.058 134.82 36
v 120.072 134.767 36
v 120.092 134.691 36
v 120.078 134.744 36
v 120.202 134.301 36
v 120.216 134.251 36
v 120.223 134.23 36
v 120.434 133.573 36
v 120.484 133.429 36
v 120.709 132.851 36
v 120.839 132.556 36
v 120.846 132.54 36
v 120.862 132.506 36
v 120.869 132.491 36
v 120.885 132.458 36
v 120.999 132.225 36
v 121.006 132.212 36
v 121.022 132.181 36
v 121.029 132.168 36
v 121.045 132.137 36
v 124.842 133.353 36
v 124.844 133.359 36
v 124.867 133.421 36
v 124.989 133.774 36
v 124.99 133.78 36
v 125.013 133.847 36
v 121.113 132.011 36
v 121.12 131.999 36
v 125.136 134.154 35.7021
v 125.014 133.853 36
v 125.036 133.921 36
v 125.267 134.712 36
v 121.204 131.853 36
v 121.211 131.842 36
v 121.279 131.731 36
v 121.295 131.706 36
v 121.302 131.695 36
v 121.317 131.671 36
v 121.324 131.66 36
v 122.925 154.169 36
v 122.91 154.174 36
v 122.928 154.168 36
v 122.43 154.169 36
v 122.415 154.164 36
v 120.203 150.507 36
v 120.201 150.501 36
v 125.159 150.482 36
v 125.152 150.504 36
v 119.853 149.122 36
v 119.852 149.114 36
v 125.512 149.069 36
v 125.507 149.095 36
v 124.166 152.924 36
v 124.15 152.951 36
v 124.485 152.313 36
v 124.469 152.347 36
v 120.561 151.583 36
v 120.559 151.578 36
v 124.803 151.557 36
v 124.787 151.598 36
v 121.214 152.968 36
v 121.191 152.929 36
v 124.143 152.963 36
v 120.888 152.354 36
v 120.886 152.35 36
v 120.224 150.579 36
v 125.138 150.553 36
v 119.872 149.208 36
v 125.494 149.154 36
v 121.216 152.972 36
v 122.943 154.163 36
v 122.414 154.164 36
v 120.584 151.643 36
v 124.78 151.616 36
v 122.398 154.159 36
v 124.765 151.656 36
v 122.947 154.162 36
v 124.127 152.989 36
v 125.488 149.179 36
v 120.226 150.586 36
v 125.131 150.575 36
v 124.462 152.361 36
v 121.24 153.01 36
v 122.962 154.156 36
v 122.397 154.158 36
v 120.586 151.648 36
v 124.12 153 36
v 119.874 149.215 36
v 125.476 149.237 36
v 120.247 150.657 36
v 125.117 150.624 36
v 121.242 153.013 36
v 122.381 154.153 36
v 122.966 154.155 36
v 124.105 153.026 36
v 120.609 151.707 36
v 124.758 151.674 36
v 119.892 149.3 36
v 125.47 149.263 36
v 122.38 154.152 36
v 122.364 154.146 36
v 120.249 150.663 36
v 125.11 150.645 36
v 122.981 154.15 36
v 120.911 152.403 36
v 124.447 152.395 36
v 124.44 152.409 36
v 120.611 151.712 36
v 124.742 151.714 36
v 122.984 154.148 36
v 119.894 149.308 36
v 125.457 149.321 36
v 120.913 152.407 36
v 120.271 150.734 36
v 125.096 150.693 36
v 121.265 153.051 36
v 124.098 153.037 36
v 122.998 154.143 36
v 122.361 154.145 36
v 124.735 151.731 36
v 122.345 154.138 36
v 119.913 149.392 36
v 125.451 149.346 36
v 123.002 154.141 36
v 124.082 153.063 36
v 120.273 150.74 36
v 125.089 150.714 36
v 120.634 151.77 36
v 124.424 152.442 36
v 121.267 153.054 36
v 124.075 153.074 36
v 121.29 153.091 36
v 122.343 154.138 36
v 122.328 154.131 36
v 119.915 149.399 36
v 120.937 152.455 36
v 125.438 149.403 36
v 122.664 154.208 36
v 123.017 154.135 36
v 122.326 154.13 36
v 125.075 150.762 36
v 124.417 152.456 36
v 123.021 154.134 36
v 124.059 153.098 36
v 120.636 151.775 36
v 124.72 151.771 36
v 124.713 151.788 36
v 119.934 149.482 36
v 125.432 149.428 36
v 121.292 153.094 36
v 124.052 153.109 36
v 120.939 152.459 36
v 121.315 153.13 36
v 120.294 150.81 36
v 125.068 150.783 36
v 123.037 154.127 36
v 120.659 151.832 36
v 122.68 154.208 36
v 119.936 149.49 36
v 125.419 149.485 36
v 124.037 153.134 36
v 124.401 152.488 36
v 120.296 150.816 36
v 125.053 150.83 36
v 121.317 153.133 36
v 123.056 154.118 36
v 124.03 153.144 36
v 119.955 149.572 36
v 125.413 149.51 36
v 120.962 152.506 36
v 120.661 151.837 36
v 124.697 151.827 36
v 121.34 153.168 36
v 120.316 150.877 36
v 125.047 150.851 36
v 124.394 152.502 36
v 124.014 153.168 36
v 125.029 150.905 36
v 121.342 153.171 36
v 122.275 154.107 36
v 124.69 151.844 36
v 119.957 149.58 36
v 125.4 149.566 36
v 120.964 152.51 36
v 123.076 154.108 36
v 124.007 153.179 36
v 121.365 153.205 36
v 122.273 154.106 36
v 120.318 150.883 36
v 123.079 154.107 36
v 123.992 153.202 36
v 125.394 149.591 36
v 124.674 151.882 36
v 121.367 153.208 36
v 122.257 154.098 36
v 124.378 152.534 36
v 123.096 154.098 36
v 120.34 150.951 36
v 122.255 154.097 36
v 122.239 154.088 36
v 125.023 150.926 36
v 120.684 151.893 36
v 125.008 150.972 36
v 120.987 152.556 36
v 124.371 152.548 36
v 123.099 154.097 36
v 119.977 149.661 36
v 123.985 153.212 36
v 125.381 149.646 36
v 122.237 154.087 36
v 120.989 152.56 36
v 123.116 154.088 36
v 123.969 153.235 36
v 120.341 150.957 36
v 120.686 151.898 36
v 124.668 151.899 36
v 121.389 153.242 36
v 123.119 154.086 36
v 122.221 154.078 36
v 119.979 149.668 36
v 125.375 149.671 36
v 123.962 153.245 36
v 121.391 153.245 36
v 124.355 152.579 36
v 120.364 151.025 36
v 125.001 150.992 36
v 123.136 154.077 36
v 123.139 154.075 36
v 122.203 154.068 36
v 119.999 149.749 36
v 125.361 149.726 36
v 124.986 151.038 36
v 123.947 153.268 36
v 121.013 152.606 36
v 122.719 154.207 36
v 121.414 153.278 36
v 120.709 151.953 36
v 123.94 153.278 36
v 124.652 151.937 36
v 121.416 153.281 36
v 122.201 154.067 36
v 124.348 152.593 36
v 120.365 151.031 36
v 123.156 154.065 36
v 120 149.756 36
v 125.355 149.75 36
v 122.184 154.057 36
v 120.711 151.958 36
v 124.645 151.953 36
v 123.16 154.063 36
v 123.925 153.3 36
v 121.015 152.609 36
v 122.698 154.208 36
v 121.439 153.313 36
v 123.918 153.309 36
v 121.441 153.316 36
v 122.183 154.056 36
v 120.02 149.837 36
v 120.388 151.097 36
v 125.342 149.805 36
v 124.98 151.058 36
v 124.332 152.623 36
v 123.177 154.053 36
v 122.166 154.046 36
v 124.964 151.103 36
v 123.18 154.051 36
v 123.903 153.331 36
v 119.665 148.163 36
v 121.463 153.347 36
v 123.896 153.34 36
v 120.734 152.013 36
v 124.629 151.991 36
v 121.465 153.35 36
v 122.164 154.045 36
v 122.147 154.035 36
v 120.022 149.844 36
v 125.336 149.829 36
v 120.39 151.103 36
v 123.197 154.041 36
v 122.146 154.034 36
v 125.662 148.309 36
v 123.201 154.038 36
v 123.88 153.361 36
v 121.488 153.38 36
v 123.874 153.37 36
v 119.692 148.309 36
v 124.325 152.637 36
v 124.622 152.007 36
v 120.042 149.923 36
v 125.322 149.883 36
v 123.216 154.029 36
v 123.219 154.026 36
v 122.126 154.021 36
v 120.412 151.169 36
v 124.958 151.123 36
v 121.038 152.654 36
v 120.736 152.017 36
v 125.652 148.363 36
v 123.858 153.391 36
v 121.49 153.383 36
v 122.125 154.02 36
v 119.704 148.374 36
v 123.235 154.017 36
v 123.852 153.4 36
v 122.772 154.202 36
v 120.044 149.93 36
v 125.316 149.907 36
v 121.512 153.413 36
v 122.105 154.007 36
v 123.238 154.014 36
v 120.414 151.174 36
v 124.942 151.168 36
v 123.836 153.42 36
v 125.646 148.398 36
v 124.309 152.667 36
v 124.936 151.187 36
v 121.514 153.415 36
v 122.104 154.006 36
v 119.716 148.44 36
v 123.253 154.004 36
v 122.084 153.992 36
v 120.759 152.071 36
v 124.606 152.044 36
v 123.257 154.001 36
v 121.04 152.658 36
v 123.83 153.429 36
v 120.064 150.008 36
v 125.302 149.961 36
v 124.302 152.68 36
v 121.536 153.445 36
v 122.083 153.991 36
v 125.634 148.46 36
v 120.436 151.239 36
v 123.273 153.99 36
v 123.815 153.449 36
v 121.063 152.701 36
v 121.538 153.447 36
v 120.761 152.076 36
v 123.276 153.988 36
v 124.6 152.06 36
v 119.718 148.448 36
v 122.063 153.977 36
v 123.808 153.457 36
v 121.56 153.475 36
v 125.296 149.984 36
v 122.061 153.976 36
v 122.788 154.2 36
v 123.292 153.977 36
v 122.041 153.961 36
v 125.629 148.488 36
v 123.296 153.974 36
v 123.793 153.477 36
v 121.562 153.478 36
v 119.735 148.539 36
v 123.786 153.485 36
v 124.921 151.231 36
v 124.286 152.71 36
v 121.584 153.506 36
v 124.584 152.096 36
v 123.311 153.962 36
v 123.315 153.959 36
v 122.04 153.96 36
v 120.066 150.015 36
v 125.282 150.037 36
v 123.771 153.504 36
v 121.065 152.705 36
v 120.785 152.128 36
v 121.586 153.508 36
v 123.765 153.512 36
v 125.617 148.549 36
v 122.02 153.945 36
v 120.438 151.245 36
v 124.914 151.251 36
v 119.736 148.547 36
v 123.33 153.948 36
v 122.018 153.943 36
v 123.334 153.945 36
v 123.75 153.53 36
v 124.898 151.294 36
v 121.608 153.535 36
v 120.087 150.093 36
v 123.743 153.538 36
v 125.276 150.061 36
v 121.61 153.537 36
v 121.998 153.928 36
v 123.35 153.932 36
v 124.279 152.722 36
v 121.996 153.926 36
v 125.612 148.576 36
v 123.354 153.929 36
v 123.728 153.556 36
v 119.753 148.636 36
v 121.632 153.564 36
v 123.722 153.564 36
v 121.634 153.566 36
v 121.976 153.91 36
v 121.089 152.748 36
v 120.461 151.309 36
v 123.37 153.917 36
v 124.577 152.112 36
v 121.974 153.908 36
v 120.089 150.1 36
v 123.374 153.913 36
v 125.262 150.113 36
v 123.707 153.582 36
v 121.656 153.592 36
v 123.7 153.59 36
v 121.658 153.594 36
v 121.956 153.893 36
v 122.531 154.194 36
v 125.6 148.637 36
v 123.389 153.9 36
v 121.955 153.892 36
v 119.755 148.644 36
v 123.396 153.895 36
v 123.685 153.607 36
v 120.463 151.314 36
v 121.68 153.619 36
v 124.892 151.313 36
v 121.934 153.875 36
v 123.409 153.884 36
v 123.679 153.614 36
v 124.264 152.752 36
v 121.682 153.621 36
v 123.415 153.878 36
v 121.933 153.873 36
v 120.109 150.176 36
v 125.256 150.136 36
v 123.664 153.631 36
v 124.876 151.357 36
v 121.703 153.646 36
v 121.912 153.855 36
v 123.429 153.866 36
v 124.561 152.148 36
v 123.657 153.638 36
v 121.091 152.752 36
v 124.257 152.764 36
v 125.595 148.664 36
v 123.435 153.861 36
v 123.643 153.655 36
v 119.773 148.734 36
v 121.705 153.648 36
v 120.787 152.133 36
v 123.449 153.848 36
v 121.91 153.854 36
v 123.636 153.662 36
v 121.727 153.672 36
v 121.89 153.835 36
v 121.114 152.794 36
v 123.456 153.843 36
v 122.833 154.192 36
v 123.621 153.678 36
v 121.729 153.674 36
v 120.485 151.378 36
v 121.888 153.833 36
v 123.47 153.83 36
v 123.615 153.685 36
v 120.111 150.183 36
v 125.241 150.188 36
v 121.75 153.697 36
v 121.867 153.814 36
v 123.476 153.824 36
v 123.6 153.701 36
v 120.81 152.185 36
v 124.554 152.163 36
v 121.752 153.699 36
v 121.865 153.812 36
v 123.49 153.811 36
v 123.594 153.707 36
v 121.774 153.721 36
v 124.87 151.375 36
v 121.845 153.792 36
v 125.583 148.725 36
v 119.774 148.742 36
v 123.496 153.805 36
v 123.579 153.723 36
v 121.775 153.723 36
v 121.843 153.791 36
v 123.51 153.791 36
v 123.573 153.729 36
v 121.797 153.745 36
v 123.517 153.785 36
v 121.822 153.77 36
v 123.558 153.744 36
v 121.799 153.747 36
v 123.531 153.771 36
v 121.82 153.768 36
v 123.552 153.751 36
v 123.538 153.765 36
v 124.241 152.793 36
v 120.132 150.259 36
v 125.235 150.211 36
v 120.487 151.383 36
v 121.116 152.797 36
v 124.234 152.805 36
v 125.578 148.752 36
v 124.854 151.418 36
v 121.139 152.839 36
v 122.851 154.189 36
v 120.812 152.19 36
v 124.538 152.198 36
v 120.134 150.265 36
v 125.221 150.263 36
v 119.792 148.83 36
v 125.566 148.812 36
v 120.51 151.445 36
v 124.847 151.437 36
v 120.835 152.241 36
v 124.531 152.214 36
v 122.855 154.188 36
v 124.218 152.833 36
v 120.155 150.34 36
v 125.215 150.286 36
v 120.512 151.451 36
v 119.794 148.838 36
v 125.56 148.838 36
v 122.48 154.183 36
v 124.515 152.249 36
v 120.157 150.347 36
v 125.2 150.337 36
v 120.837 152.245 36
v 119.812 148.926 36
v 125.548 148.898 36
v 124.211 152.846 36
v 120.535 151.512 36
v 124.832 151.479 36
v 124.825 151.497 36
v 121.141 152.842 36
v 122.888 154.18 36
v 120.178 150.421 36
v 125.194 150.359 36
v 124.195 152.873 36
v 119.813 148.933 36
v 125.543 148.925 36
v 120.537 151.518 36
v 121.164 152.883 36
v 122.449 154.175 36
v 120.861 152.296 36
v 124.508 152.264 36
v 125.18 150.41 36
v 124.188 152.885 36
v 119.831 149.02 36
v 125.53 148.984 36
v 121.166 152.886 36
v 122.447 154.174 36
v 124.81 151.539 36
v 120.18 150.428 36
v 125.173 150.432 36
v 122.906 154.175 36
v 122.432 154.17 36
v 119.833 149.028 36
v 125.525 149.01 36
v 124.173 152.912 36
v 120.863 152.3 36
v 124.492 152.298 36
v 121.189 152.926 36
v 122.947 154.165 35.9628
v 120.191 150.607 35.5532
v 122.64 154.214 35.9255
v 122.603 154.208 35.9628
v 122.604 154.21 35.9442
v 122.472 154.188 35.9255
v 122.401 154.175 35.8325
v 122.409 154.173 35.8883
v 122.385 154.175 35.7766
v 122.329 154.143 35.8883
v 122.326 154.146 35.8387
v 122.258 154.109 35.8883
v 122.197 154.079 35.8635
v 122.184 154.065 35.9255
v 122.071 154.001 35.8387
v 122.075 153.998 35.8883
v 122.071 153.991 35.9255
v 121.929 153.875 35.9628
v 121.931 153.875 35.9752
v 121.834 153.796 35.8883
v 121.834 153.803 35.8325
v 121.822 153.785 35.8883
v 121.815 153.787 35.8138
v 121.799 153.762 35.8883
v 121.729 153.689 35.8883
v 121.67 153.624 35.8883
v 121.674 153.622 35.9255
v 121.381 153.278 35.6897
v 121.232 153.063 35.6091
v 121.237 153.062 35.6649
v 121.14 152.9 35.6649
v 121.128 152.878 35.6649
v 121.079 152.792 35.6649
v 121.076 152.779 35.7021
v 120.993 152.632 35.6649
v 121.006 152.649 35.7021
v 122.949 154.17 35.9069
v 122.609 154.215 35.8883
v 121.926 153.875 35.9379
v 121.83 153.805 35.7766
v 121.725 153.698 35.7766
v 121.694 153.658 35.8325
v 121.703 153.664 35.8604
v 121.659 153.618 35.8325
v 121.227 153.064 35.5532
v 121.119 152.883 35.5532
v 121.006 152.656 35.6649
v 120.99 152.636 35.6091
v 122.547 154.202 35.9442
v 121.689 153.66 35.7766
v 121.551 153.488 35.8325
v 121.546 153.489 35.7766
v 121.566 153.502 35.8655
v 119.679 148.412 35.637
v 119.667 148.337 35.6649
v 122.328 154.139 35.9255
v 121.822 153.779 35.9255
v 121.814 153.772 35.9255
v 121.392 153.284 35.7518
v 120.733 152.085 35.6649
v 120.708 152.051 35.5532
v 121.145 152.901 35.7021
v 119.993 149.835 35.7021
v 120.583 151.748 35.5532
v 120.608 151.784 35.6649
v 119.981 149.827 35.5904
v 154.385 97.379 0
v 149.951 89.9208 0
v 149.925 89.9056 0
v 154.021 95.1284 0
v 153.179 93.171 0
v 153.164 93.145 0
v 154.387 97.4391 0
v 154.386 97.409 0
v 151.818 91.3799 0
v 151.797 91.3584 0
v 153.194 93.1971 0
v 145.661 88.6838 0
v 145.631 88.6829 0
v 145.601 88.6822 0
v 145.691 88.6847 0
v 145.721 88.6858 0
v 145.571 88.6815 0
v 153.224 93.2494 0
v 153.209 93.2232 0
v 154.038 95.1861 0
v 154.054 95.244 0
v 154.046 95.215 0
v 149.873 89.8755 0
v 149.847 89.8605 0
v 151.839 91.4014 0
v 149.899 89.8905 0
v 153.239 93.2756 0
v 151.625 91.1894 0
v 145.541 88.681 0
v 145.51 88.6805 0
v 145.48 88.6802 0
v 147.826 89.0156 0
v 147.797 89.0075 0
v 151.901 91.4664 0
v 151.604 91.1686 0
v 151.582 91.1479 0
v 154.389 97.5594 0
v 153.268 93.3281 0
v 153.254 93.3018 0
v 147.768 88.9995 0
v 147.739 88.9916 0
v 151.963 91.532 0
v 151.943 91.51 0
v 151.984 91.554 0
v 154.094 95.3891 0
v 154.086 95.36 0
v 153.283 93.3545 0
v 147.71 88.9838 0
v 147.681 88.9761 0
v 154.101 95.4182 0
v 151.494 91.0657 0
v 151.472 91.0454 0
v 147.652 88.9685 0
v 152.004 91.576 0
v 154.116 95.4765 0
v 154.109 95.4473 0
v 152.045 91.6204 0
v 152.025 91.5982 0
v 153.34 93.4604 0
v 153.326 93.4338 0
v 154.131 95.5349 0
v 154.124 95.5057 0
v 147.564 88.9462 0
v 147.535 88.939 0
v 149.61 89.7301 0
v 154.138 95.5641 0
v 152.065 91.6427 0
v 152.085 91.665 0
v 153.382 93.5403 0
v 153.368 93.5136 0
v 151.36 90.9447 0
v 147.477 88.9249 0
v 147.447 88.918 0
v 154.159 95.6519 0
v 153.396 93.567 0
v 152.165 91.755 0
v 147.418 88.9111 0
v 147.389 88.9044 0
v 151.292 90.8851 0
v 151.269 90.8655 0
v 154.172 95.7106 0
v 153.423 93.6206 0
v 147.359 88.8978 0
v 147.33 88.8912 0
v 147.301 88.8848 0
v 147.271 88.8785 0
v 154.198 95.8281 0
v 147.242 88.8722 0
v 151.178 90.7875 0
v 151.155 90.7682 0
v 154.204 95.8576 0
v 147.212 88.8661 0
v 149.369 89.6068 0
v 153.528 93.8368 0
v 147.183 88.8601 0
v 147.153 88.8541 0
v 149.233 89.5414 0
v 149.206 89.5286 0
v 151.085 90.7107 0
v 153.554 93.8913 0
v 153.541 93.864 0
v 147.124 88.8483 0
v 147.094 88.8425 0
v 149.179 89.5159 0
v 149.151 89.5033 0
v 147.065 88.8369 0
v 152.378 92.008 0
v 147.035 88.8313 0
v 147.006 88.8259 0
v 152.397 92.0314 0
v 152.416 92.0549 0
v 152.453 92.102 0
v 152.435 92.0784 0
v 150.992 90.6352 0
v 150.968 90.6165 0
v 149.124 89.4908 0
v 149.097 89.4783 0
v 149.069 89.466 0
v 153.604 94.0008 0
v 150.944 90.5979 0
v 152.472 92.1256 0
v 146.976 88.8205 0
v 146.946 88.8153 0
v 152.491 92.1493 0
v 146.917 88.8101 0
v 153.628 94.0558 0
v 153.616 94.0282 0
v 149.042 89.4537 0
v 149.014 89.4416 0
v 154.265 96.1828 0
v 154.26 96.1531 0
v 146.887 88.8051 0
v 146.857 88.8001 0
v 150.849 90.5243 0
v 148.987 89.4295 0
v 150.825 90.5061 0
v 152.564 92.2447 0
v 154.27 96.2124 0
v 154.275 96.2421 0
v 153.676 94.1662 0
v 150.801 90.488 0
v 146.798 88.7905 0
v 148.876 89.3822 0
v 150.777 90.4699 0
v 150.753 90.452 0
v 150.729 90.4341 0
v 146.709 88.7769 0
v 146.679 88.7725 0
v 152.654 92.3653 0
v 148.793 89.3476 0
v 150.705 90.4163 0
v 150.68 90.3986 0
v 154.306 96.4503 0
v 153.734 94.3052 0
v 148.737 89.3251 0
v 146.649 88.7682 0
v 146.62 88.7641 0
v 146.59 88.76 0
v 150.656 90.3809 0
v 150.631 90.3634 0
v 148.709 89.3139 0
v 153.756 94.361 0
v 146.56 88.7561 0
v 152.689 92.414 0
v 152.707 92.4384 0
v 146.53 88.7522 0
v 148.681 89.3029 0
v 148.653 89.2919 0
v 148.625 89.2811 0
v 152.776 92.5367 0
v 152.759 92.5121 0
v 153.778 94.417 0
v 153.789 94.445 0
v 152.793 92.5614 0
v 153.8 94.4731 0
v 146.411 88.7378 0
v 148.597 89.2703 0
v 146.381 88.7344 0
v 154.339 96.719 0
v 150.484 90.2597 0
v 146.351 88.7311 0
v 146.321 88.728 0
v 150.434 90.2259 0
v 154.345 96.7789 0
v 154.342 96.7489 0
v 153.852 94.6141 0
v 154.348 96.8088 0
v 146.291 88.7249 0
v 146.261 88.722 0
v 150.409 90.209 0
v 148.484 89.2282 0
v 148.456 89.2179 0
v 152.827 92.611 0
v 154.351 96.8387 0
v 152.844 92.6359 0
v 152.861 92.6608 0
v 146.231 88.7191 0
v 150.384 90.1923 0
v 150.359 90.1757 0
v 146.201 88.7163 0
v 146.171 88.7137 0
v 150.334 90.1591 0
v 146.141 88.7111 0
v 152.927 92.7612 0
v 154.361 96.9586 0
v 152.944 92.7864 0
v 150.309 90.1426 0
v 154.366 97.0186 0
v 154.364 96.9886 0
v 153.862 94.6424 0
v 152.96 92.8116 0
v 145.961 88.6979 0
v 150.208 90.0775 0
v 150.182 90.0615 0
v 153.024 92.9133 0
v 148.171 89.1202 0
v 153.959 94.9272 0
v 153.95 94.8986 0
v 153.04 92.9388 0
v 145.931 88.696 0
v 145.901 88.6942 0
v 145.871 88.6926 0
v 153.968 94.9558 0
v 148.143 89.111 0
v 148.114 89.1018 0
v 154.374 97.1386 0
v 153.072 92.9901 0
v 148.085 89.0928 0
v 154.38 97.2588 0
v 145.811 88.6896 0
v 145.781 88.6882 0
v 145.751 88.687 0
v 148.057 89.0838 0
v 145.841 88.691 0
v 153.986 95.0132 0
v 153.995 95.042 0
v 150.003 89.9515 0
v 153.134 93.0932 0
v 149.556 89.702 40
v 149.583 89.716 40
v 147.124 88.8483 40
v 147.094 88.8425 40
v 153.368 93.5136 40
v 153.382 93.5403 40
v 153.354 93.487 40
v 149.53 89.6881 40
v 149.503 89.6744 40
v 151.797 91.3584 40
v 151.818 91.3799 40
v 154.239 96.0347 40
v 151.69 91.2523 40
v 147.035 88.8313 40
v 147.065 88.8369 40
v 149.476 89.6607 40
v 154.244 96.0642 40
v 151.839 91.4014 40
v 151.86 91.423 40
v 147.006 88.8259 40
v 153.436 93.6475 40
v 154.249 96.0938 40
v 149.422 89.6335 40
v 149.449 89.647 40
v 146.976 88.8205 40
v 151.88 91.4446 40
v 146.946 88.8153 40
v 154.255 96.1235 40
v 153.45 93.6744 40
v 151.901 91.4664 40
v 149.369 89.6068 40
v 149.396 89.6201 40
v 151.922 91.4882 40
v 151.582 91.1479 40
v 149.342 89.5935 40
v 151.56 91.1272 40
v 146.917 88.8101 40
v 146.887 88.8051 40
v 146.857 88.8001 40
v 146.828 88.7953 40
v 151.538 91.1067 40
v 151.516 91.0861 40
v 154.275 96.2421 40
v 153.528 93.8368 40
v 146.768 88.7859 40
v 146.798 88.7905 40
v 151.494 91.0657 40
v 151.472 91.0454 40
v 154.284 96.3015 40
v 151.45 91.0251 40
v 151.427 91.0048 40
v 154.289 96.3312 40
v 149.179 89.5159 40
v 149.206 89.5286 40
v 149.151 89.5033 40
v 149.233 89.5414 40
v 153.541 93.864 40
v 153.554 93.8913 40
v 153.567 93.9186 40
v 153.579 93.946 40
v 154.306 96.4503 40
v 152.105 91.6874 40
v 152.125 91.7099 40
v 146.649 88.7682 40
v 146.62 88.7641 40
v 153.592 93.9733 40
v 153.604 94.0008 40
v 151.36 90.9447 40
v 154.31 96.4801 40
v 154.314 96.51 40
v 153.616 94.0282 40
v 149.124 89.4908 40
v 151.315 90.9049 40
v 151.292 90.8851 40
v 149.014 89.4416 40
v 153.628 94.0558 40
v 152.145 91.7324 40
v 152.165 91.755 40
v 152.185 91.7777 40
v 152.204 91.8004 40
v 151.269 90.8655 40
v 148.959 89.4175 40
v 148.987 89.4295 40
v 152.224 91.8233 40
v 152.244 91.8461 40
v 152.263 91.8691 40
v 153.676 94.1662 40
v 148.931 89.4057 40
v 152.282 91.8921 40
v 148.904 89.3939 40
v 148.876 89.3822 40
v 146.381 88.7344 40
v 146.411 88.7378 40
v 148.848 89.3706 40
v 148.82 89.3591 40
v 151.108 90.7298 40
v 151.132 90.7489 40
v 146.351 88.7311 40
v 146.321 88.728 40
v 152.359 91.9847 40
v 148.793 89.3476 40
v 148.765 89.3363 40
v 153.745 94.3331 40
v 151.085 90.7107 40
v 153.756 94.361 40
v 152.378 92.008 40
v 152.397 92.0314 40
v 146.261 88.722 40
v 146.291 88.7249 40
v 146.231 88.7191 40
v 148.681 89.3029 40
v 148.709 89.3139 40
v 148.737 89.3251 40
v 152.416 92.0549 40
v 152.435 92.0784 40
v 154.354 96.8687 40
v 154.356 96.8986 40
v 150.992 90.6352 40
v 146.201 88.7163 40
v 146.171 88.7137 40
v 152.453 92.102 40
v 148.625 89.2811 40
v 148.653 89.2919 40
v 150.968 90.6165 40
v 150.944 90.5979 40
v 148.597 89.2703 40
v 146.141 88.7111 40
v 153.8 94.4731 40
v 153.81 94.5013 40
v 152.472 92.1256 40
v 152.491 92.1493 40
v 153.821 94.5294 40
v 153.831 94.5576 40
v 154.364 96.9886 40
v 150.849 90.5243 40
v 153.842 94.5858 40
v 152.546 92.2208 40
v 152.564 92.2447 40
v 148.456 89.2179 40
v 148.428 89.2077 40
v 145.961 88.6979 40
v 148.399 89.1976 40
v 150.753 90.452 40
v 150.729 90.4341 40
v 145.901 88.6942 40
v 145.931 88.696 40
v 145.871 88.6926 40
v 152.636 92.3411 40
v 152.654 92.3653 40
v 154.374 97.1386 40
v 154.379 97.2287 40
v 153.902 94.7559 40
v 153.912 94.7844 40
v 153.931 94.8414 40
v 152.724 92.4629 40
v 145.781 88.6882 40
v 145.811 88.6896 40
v 145.751 88.687 40
v 145.841 88.691 40
v 152.741 92.4875 40
v 145.721 88.6858 40
v 154.385 97.379 40
v 152.759 92.5121 40
v 152.776 92.5367 40
v 153.959 94.9272 40
v 153.968 94.9558 40
v 148.143 89.111 40
v 148.114 89.1018 40
v 145.601 88.6822 40
v 145.631 88.6829 40
v 145.661 88.6838 40
v 145.691 88.6847 40
v 153.977 94.9845 40
v 153.986 95.0132 40
v 150.484 90.2597 40
v 153.995 95.042 40
v 154.388 97.4692 40
v 152.844 92.6359 40
v 150.434 90.2259 40
v 150.409 90.209 40
v 154.004 95.0708 40
v 154.012 95.0996 40
v 152.861 92.6608 40
v 152.878 92.6858 40
v 145.541 88.681 40
v 145.571 88.6815 40
v 154.386 97.409 40
v 152.894 92.7109 40
v 145.51 88.6805 40
v 145.48 88.6802 40
v 150.384 90.1923 40
v 150.359 90.1757 40
v 150.334 90.1591 40
v 152.911 92.736 40
v 150.309 90.1426 40
v 152.927 92.7612 40
v 154.046 95.215 40
v 154.054 95.244 40
v 154.062 95.273 40
v 147.797 89.0075 40
v 147.826 89.0156 40
v 152.944 92.7864 40
v 154.07 95.302 40
v 150.182 90.0615 40
v 147.739 88.9916 40
v 147.768 88.9995 40
v 153.008 92.8878 40
v 153.024 92.9133 40
v 147.71 88.9838 40
v 153.04 92.9388 40
v 154.086 95.36 40
v 154.078 95.331 40
v 150.157 90.0455 40
v 150.131 90.0296 40
v 153.056 92.9644 40
v 147.681 88.9761 40
v 150.106 90.0138 40
v 147.623 88.961 40
v 147.652 88.9685 40
v 153.118 93.0673 40
v 150.003 89.9515 40
v 153.134 93.0932 40
v 153.149 93.1191 40
v 153.164 93.145 40
v 149.977 89.9361 40
v 149.951 89.9208 40
v 149.925 89.9056 40
v 147.506 88.9319 40
v 147.535 88.939 40
v 147.564 88.9462 40
v 147.593 88.9536 40
v 149.899 89.8905 40
v 153.179 93.171 40
v 153.194 93.1971 40
v 147.477 88.9249 40
v 147.447 88.918 40
v 149.847 89.8605 40
v 149.873 89.8755 40
v 147.418 88.9111 40
v 147.389 88.9044 40
v 154.166 95.6812 40
v 154.172 95.7106 40
v 154.179 95.7399 40
v 147.359 88.8978 40
v 153.254 93.3018 40
v 153.268 93.3281 40
v 147.301 88.8848 40
v 147.33 88.8912 40
v 153.283 93.3545 40
v 147.271 88.8785 40
v 153.326 93.4338 40
v 149.636 89.7442 40
v 147.183 88.8601 40
v 149.61 89.7301 40
v 204.649 88.8785 0
v 204.767 88.8541 0
v 200.166 91.3158 0
v 198.552 93.5136 0
v 200.208 91.2734 0
v 204.796 88.8483 0
v 204.855 88.8369 0
v 204.826 88.8425 0
v 202.417 89.6744 0
v 197.687 96.0051 0
v 197.681 96.0347 0
v 200.273 91.2103 0
v 198.538 93.5403 0
v 198.524 93.567 0
v 198.511 93.5938 0
v 202.444 89.6607 0
v 200.295 91.1894 0
v 204.914 88.8259 0
v 204.885 88.8313 0
v 197.676 96.0642 0
v 200.316 91.1686 0
v 202.498 89.6335 0
v 202.471 89.647 0
v 200.019 91.4664 0
v 204.944 88.8205 0
v 197.665 96.1235 0
v 204.973 88.8153 0
v 199.998 91.4882 0
v 199.977 91.51 0
v 202.551 89.6068 0
v 202.524 89.6201 0
v 200.338 91.1479 0
v 200.382 91.1067 0
v 200.36 91.1272 0
v 205.003 88.8101 0
v 199.957 91.532 0
v 200.404 91.0861 0
v 202.578 89.5935 0
v 202.633 89.5673 0
v 202.605 89.5803 0
v 199.936 91.554 0
v 199.916 91.576 0
v 202.66 89.5543 0
v 198.391 93.8368 0
v 199.895 91.5982 0
v 199.875 91.6204 0
v 200.448 91.0454 0
v 205.033 88.8051 0
v 200.47 91.0251 0
v 205.062 88.8001 0
v 205.092 88.7953 0
v 205.152 88.7859 0
v 205.122 88.7905 0
v 199.855 91.6427 0
v 197.631 96.3312 0
v 197.627 96.361 0
v 205.211 88.7769 0
v 205.181 88.7813 0
v 198.379 93.864 0
v 198.366 93.8913 0
v 202.687 89.5414 0
v 199.835 91.665 0
v 199.815 91.6874 0
v 202.714 89.5286 0
v 202.769 89.5033 0
v 202.741 89.5159 0
v 197.623 96.3908 0
v 198.353 93.9186 0
v 198.341 93.946 0
v 200.537 90.9646 0
v 199.795 91.7099 0
v 202.823 89.4783 0
v 205.241 88.7725 0
v 205.271 88.7682 0
v 199.775 91.7324 0
v 205.3 88.7641 0
v 197.614 96.4503 0
v 197.618 96.4205 0
v 199.755 91.755 0
v 199.735 91.7777 0
v 198.292 94.0558 0
v 199.715 91.8004 0
v 200.65 90.8655 0
v 199.696 91.8233 0
v 198.28 94.0833 0
v 198.268 94.1109 0
v 198.256 94.1385 0
v 205.45 88.7448 0
v 205.42 88.7484 0
v 199.676 91.8461 0
v 199.657 91.8691 0
v 198.244 94.1662 0
v 200.742 90.7875 0
v 199.637 91.8921 0
v 200.765 90.7682 0
v 205.509 88.7378 0
v 205.479 88.7412 0
v 200.788 90.7489 0
v 199.618 91.9151 0
v 199.599 91.9383 0
v 197.584 96.6891 0
v 205.569 88.7311 0
v 205.539 88.7344 0
v 199.58 91.9615 0
v 199.561 91.9847 0
v 199.542 92.008 0
v 200.811 90.7298 0
v 205.629 88.7249 0
v 205.599 88.728 0
v 203.155 89.3363 0
v 203.127 89.3476 0
v 200.881 90.6728 0
v 200.858 90.6917 0
v 205.689 88.7191 0
v 205.659 88.722 0
v 203.183 89.3251 0
v 199.523 92.0314 0
v 199.504 92.0549 0
v 203.239 89.3029 0
v 203.211 89.3139 0
v 205.719 88.7163 0
v 197.566 96.8687 0
v 198.153 94.389 0
v 205.749 88.7137 0
v 200.952 90.6165 0
v 199.429 92.1493 0
v 198.12 94.4731 0
v 205.779 88.7111 0
v 203.267 89.2919 0
v 203.295 89.2811 0
v 203.351 89.2597 0
v 203.323 89.2703 0
v 199.411 92.1731 0
v 203.379 89.2491 0
v 198.099 94.5294 0
v 201.071 90.5243 0
v 203.408 89.2386 0
v 205.899 88.7019 0
v 201.095 90.5061 0
v 199.393 92.1969 0
v 197.554 97.0186 0
v 197.552 97.0486 0
v 197.55 97.0786 0
v 198.068 94.6141 0
v 199.374 92.2208 0
v 199.356 92.2447 0
v 199.338 92.2687 0
v 203.464 89.2179 0
v 203.436 89.2282 0
v 201.119 90.488 0
v 199.32 92.2928 0
v 198.058 94.6424 0
v 199.302 92.3169 0
v 199.284 92.3411 0
v 197.546 97.1386 0
v 197.544 97.1686 0
v 197.543 97.1987 0
v 197.548 97.1086 0
v 201.24 90.3986 0
v 201.215 90.4163 0
v 206.109 88.6896 0
v 206.079 88.691 0
v 206.049 88.6926 0
v 201.264 90.3809 0
v 198.018 94.7559 0
v 198.008 94.7844 0
v 197.999 94.8129 0
v 197.538 97.2888 0
v 197.537 97.3189 0
v 199.213 92.4384 0
v 199.196 92.4629 0
v 203.663 89.1485 0
v 203.634 89.1581 0
v 201.288 90.3634 0
v 199.179 92.4875 0
v 197.989 94.8414 0
v 197.98 94.87 0
v 203.691 89.139 0
v 201.337 90.3285 0
v 201.362 90.3112 0
v 197.97 94.8986 0
v 197.961 94.9272 0
v 199.161 92.5121 0
v 199.144 92.5367 0
v 197.533 97.4391 0
v 203.777 89.111 0
v 201.436 90.2597 0
v 206.349 88.6815 0
v 206.319 88.6822 0
v 206.289 88.6829 0
v 197.952 94.9558 0
v 197.943 94.9845 0
v 203.835 89.0928 0
v 206.379 88.681 0
v 201.461 90.2428 0
v 197.531 97.5293 0
v 197.531 97.5594 0
v 197.934 95.0132 0
v 199.076 92.6359 0
v 201.486 90.2259 0
v 201.511 90.209 0
v 203.892 89.0749 0
v 203.863 89.0838 0
v 199.059 92.6608 0
v 199.042 92.6858 0
v 199.026 92.7109 0
v 197.916 95.0708 0
v 201.561 90.1757 0
v 201.536 90.1923 0
v 206.5 88.6798 0
v 201.586 90.1591 0
v 199.009 92.736 0
v 198.993 92.7612 0
v 201.611 90.1426 0
v 206.019 88.6942 0
v 198.976 92.7864 0
v 206.229 88.6847 0
v 206.259 88.6838 0
v 204.007 89.0404 0
v 198.96 92.8116 0
v 197.89 95.1572 0
v 197.882 95.1861 0
v 201.636 90.1262 0
v 201.662 90.1099 0
v 206.53 88.6797 0
v 198.944 92.837 0
v 201.687 90.0937 0
v 197.874 95.215 0
v 197.866 95.244 0
v 198.928 92.8624 0
v 204.094 89.0156 0
v 204.065 89.0238 0
v 204.036 89.0321 0
v 198.912 92.8878 0
v 198.896 92.9133 0
v 204.123 89.0075 0
v 197.858 95.273 0
v 201.789 90.0296 0
v 198.88 92.9388 0
v 201.814 90.0138 0
v 204.152 88.9995 0
v 204.21 88.9838 0
v 204.181 88.9916 0
v 201.84 89.9981 0
v 204.239 88.9761 0
v 197.826 95.3891 0
v 197.818 95.4182 0
v 204.268 88.9685 0
v 197.811 95.4473 0
v 197.804 95.4765 0
v 204.326 88.9536 0
v 204.297 88.961 0
v 197.796 95.5057 0
v 198.756 93.145 0
v 201.995 89.9056 0
v 201.969 89.9208 0
v 201.943 89.9361 0
v 197.789 95.5349 0
v 197.782 95.5641 0
v 202.021 89.8905 0
v 204.414 88.9319 0
v 204.385 88.939 0
v 204.356 88.9462 0
v 198.741 93.171 0
v 198.726 93.1971 0
v 202.047 89.8755 0
v 197.775 95.5933 0
v 197.768 95.6226 0
v 202.073 89.8605 0
v 198.696 93.2494 0
v 197.761 95.6519 0
v 202.178 89.8017 0
v 197.735 95.7693 0
v 204.619 88.8848 0
v 198.623 93.3809 0
v 197.728 95.7987 0
v 198.608 93.4073 0
v 197.728 95.7987 40
v 200.952 90.6165 40
v 206.53 88.6797 40
v 206.5 88.6798 40
v 197.704 95.9165 40
v 200.881 90.6728 40
v 200.858 90.6917 40
v 197.687 96.0051 40
v 206.379 88.681 40
v 200.811 90.7298 40
v 197.681 96.0347 40
v 206.349 88.6815 40
v 200.788 90.7489 40
v 197.676 96.0642 40
v 200.765 90.7682 40
v 197.665 96.1235 40
v 200.742 90.7875 40
v 206.289 88.6829 40
v 206.259 88.6838 40
v 206.229 88.6847 40
v 200.65 90.8655 40
v 206.109 88.6896 40
v 197.631 96.3312 40
v 206.079 88.691 40
v 197.627 96.361 40
v 206.049 88.6926 40
v 197.623 96.3908 40
v 206.019 88.6942 40
v 197.618 96.4205 40
v 200.537 90.9646 40
v 197.614 96.4503 40
v 205.959 88.6979 40
v 200.47 91.0251 40
v 205.899 88.7019 40
v 200.448 91.0454 40
v 205.839 88.7063 40
v 200.404 91.0861 40
v 200.382 91.1067 40
v 205.779 88.7111 40
v 197.584 96.6891 40
v 200.36 91.1272 40
v 205.749 88.7137 40
v 200.338 91.1479 40
v 205.719 88.7163 40
v 200.316 91.1686 40
v 205.689 88.7191 40
v 200.295 91.1894 40
v 205.659 88.722 40
v 200.273 91.2103 40
v 205.629 88.7249 40
v 205.599 88.728 40
v 197.566 96.8687 40
v 205.569 88.7311 40
v 205.539 88.7344 40
v 205.509 88.7378 40
v 200.166 91.3158 40
v 205.479 88.7412 40
v 197.554 97.0186 40
v 205.45 88.7448 40
v 205.42 88.7484 40
v 200.102 91.3799 40
v 197.55 97.0786 40
v 197.548 97.1086 40
v 205.36 88.7561 40
v 197.546 97.1386 40
v 197.544 97.1686 40
v 200.019 91.4664 40
v 205.3 88.7641 40
v 197.543 97.1987 40
v 199.998 91.4882 40
v 205.271 88.7682 40
v 199.977 91.51 40
v 205.241 88.7725 40
v 199.957 91.532 40
v 197.538 97.2888 40
v 205.211 88.7769 40
v 199.936 91.554 40
v 197.537 97.3189 40
v 205.181 88.7813 40
v 199.916 91.576 40
v 205.152 88.7859 40
v 199.895 91.5982 40
v 205.122 88.7905 40
v 199.875 91.6204 40
v 205.092 88.7953 40
v 199.855 91.6427 40
v 205.062 88.8001 40
v 199.835 91.665 40
v 205.033 88.8051 40
v 199.815 91.6874 40
v 197.531 97.5293 40
v 205.003 88.8101 40
v 199.795 91.7099 40
v 197.531 97.5594 40
v 204.973 88.8153 40
v 199.775 91.7324 40
v 204.944 88.8205 40
v 199.755 91.755 40
v 204.914 88.8259 40
v 199.735 91.7777 40
v 204.885 88.8313 40
v 199.715 91.8004 40
v 204.855 88.8369 40
v 199.696 91.8233 40
v 204.826 88.8425 40
v 199.676 91.8461 40
v 204.796 88.8483 40
v 199.657 91.8691 40
v 204.767 88.8541 40
v 199.637 91.8921 40
v 199.618 91.9151 40
v 199.599 91.9383 40
v 199.58 91.9615 40
v 204.649 88.8785 40
v 199.561 91.9847 40
v 204.619 88.8848 40
v 199.542 92.008 40
v 199.523 92.0314 40
v 199.504 92.0549 40
v 199.429 92.1493 40
v 204.414 88.9319 40
v 199.411 92.1731 40
v 204.385 88.939 40
v 199.393 92.1969 40
v 204.356 88.9462 40
v 199.374 92.2208 40
v 204.326 88.9536 40
v 199.356 92.2447 40
v 204.297 88.961 40
v 199.338 92.2687 40
v 204.268 88.9685 40
v 199.32 92.2928 40
v 204.239 88.9761 40
v 199.302 92.3169 40
v 204.21 88.9838 40
v 199.284 92.3411 40
v 204.181 88.9916 40
v 204.152 88.9995 40
v 204.123 89.0075 40
v 204.094 89.0156 40
v 199.213 92.4384 40
v 204.065 89.0238 40
v 199.196 92.4629 40
v 204.036 89.0321 40
v 199.179 92.4875 40
v 204.007 89.0404 40
v 199.161 92.5121 40
v 199.144 92.5367 40
v 203.892 89.0749 40
v 203.863 89.0838 40
v 199.076 92.6359 40
v 203.835 89.0928 40
v 199.059 92.6608 40
v 199.042 92.6858 40
v 203.777 89.111 40
v 199.026 92.7109 40
v 199.009 92.736 40
v 198.993 92.7612 40
v 203.691 89.139 40
v 198.976 92.7864 40
v 203.663 89.1485 40
v 198.96 92.8116 40
v 203.634 89.1581 40
v 198.944 92.837 40
v 198.928 92.8624 40
v 198.912 92.8878 40
v 198.896 92.9133 40
v 198.88 92.9388 40
v 203.464 89.2179 40
v 203.436 89.2282 40
v 203.408 89.2386 40
v 203.379 89.2491 40
v 203.351 89.2597 40
v 198.786 93.0932 40
v 203.323 89.2703 40
v 203.295 89.2811 40
v 203.267 89.2919 40
v 198.756 93.145 40
v 198.741 93.171 40
v 203.239 89.3029 40
v 198.726 93.1971 40
v 203.211 89.3139 40
v 203.183 89.3251 40
v 203.155 89.3363 40
v 203.127 89.3476 40
v 198.623 93.3809 40
v 198.608 93.4073 40
v 198.552 93.5136 40
v 198.538 93.5403 40
v 198.524 93.567 40
v 202.823 89.4783 40
v 198.511 93.5938 40
v 202.769 89.5033 40
v 202.741 89.5159 40
v 202.714 89.5286 40
v 202.687 89.5414 40
v 202.66 89.5543 40
v 202.633 89.5673 40
v 202.605 89.5803 40
v 202.578 89.5935 40
v 198.391 93.8368 40
v 202.551 89.6068 40
v 198.379 93.864 40
v 202.524 89.6201 40
v 198.366 93.8913 40
v 202.498 89.6335 40
v 198.353 93.9186 40
v 202.471 89.647 40
v 198.341 93.946 40
v 202.444 89.6607 40
v 202.417 89.6744 40
v 198.292 94.0558 40
v 198.28 94.0833 40
v 198.268 94.1109 40
v 198.256 94.1385 40
v 198.244 94.1662 40
v 202.178 89.8017 40
v 202.073 89.8605 40
v 202.047 89.8755 40
v 202.021 89.8905 40
v 198.12 94.4731 40
v 201.995 89.9056 40
v 201.969 89.9208 40
v 198.099 94.5294 40
v 201.943 89.9361 40
v 198.068 94.6141 40
v 198.058 94.6424 40
v 201.84 89.9981 40
v 201.814 90.0138 40
v 201.789 90.0296 40
v 198.018 94.7559 40
v 198.008 94.7844 40
v 197.999 94.8129 40
v 197.989 94.8414 40
v 201.687 90.0937 40
v 197.98 94.87 40
v 201.662 90.1099 40
v 197.97 94.8986 40
v 201.636 90.1262 40
v 197.961 94.9272 40
v 197.952 94.9558 40
v 201.611 90.1426 40
v 197.943 94.9845 40
v 201.586 90.1591 40
v 197.934 95.0132 40
v 201.561 90.1757 40
v 201.536 90.1923 40
v 197.916 95.0708 40
v 201.511 90.209 40
v 201.486 90.2259 40
v 197.89 95.1572 40
v 201.461 90.2428 40
v 197.882 95.1861 40
v 201.436 90.2597 40
v 197.874 95.215 40
v 197.866 95.244 40
v 201.362 90.3112 40
v 201.337 90.3285 40
v 197.842 95.331 40
v 201.288 90.3634 40
v 197.826 95.3891 40
v 201.264 90.3809 40
v 197.818 95.4182 40
v 201.24 90.3986 40
v 197.811 95.4473 40
v 201.215 90.4163 40
v 197.804 95.4765 40
v 197.796 95.5057 40
v 197.789 95.5349 40
v 197.782 95.5641 40
v 197.775 95.5933 40
v 201.119 90.488 40
v 197.768 95.6226 40
v 201.095 90.5061 40
v 201.071 90.5243 40
v 197.761 95.6519 40
v 197.735 95.7693 40
v 28.7004 53.9767 19.0133
v 28.7004 70.609 19.0133
v 37.8643 53.9767 43.9868
v 37.8301 53.9767 43.9838
v 37.796 53.9767 43.9803
v 37.7618 53.9767 43.9766
v 37.7276 53.9767 43.9725
v 37.6934 53.9767 43.9681
v 37.6592 53.9767 43.9634
v 37.625 53.9767 43.9583
v 37.5907 53.9767 43.953
v 37.5565 53.9767 43.9472
v 37.5222 53.9767 43.9412
v 37.4879 53.9767 43.9348
v 37.4536 53.9767 43.9281
v 37.4193 53.9767 43.9211
v 37.385 53.9767 43.9137
v 37.3506 53.9767 43.906
v 37.3163 53.9767 43.8979
v 37.2819 53.9767 43.8895
v 37.2475 53.9767 43.8808
v 37.213 53.9767 43.8717
v 37.1786 53.9767 43.8623
v 37.1441 53.9767 43.8525
v 28.7006 53.9767 19.1627
v 37.1096 53.9767 43.8424
v 37.0751 53.9767 43.832
v 37.0405 53.9767 43.8212
v 37.006 53.9767 43.81
v 36.9714 53.9767 43.7986
v 28.7011 53.9767 19.3125
v 36.9329 53.9767 43.7854
v 36.8944 53.9767 43.7718
v 36.8558 53.9767 43.7577
v 36.8173 53.9767 43.7432
v 36.7787 53.9767 43.7283
v 28.702 53.9767 19.4746
v 36.74 53.9767 43.7129
v 36.7013 53.9767 43.6971
v 36.6626 53.9767 43.6808
v 36.6238 53.9767 43.6641
v 28.7033 53.9767 19.6367
v 36.585 53.9767 43.6469
v 36.5462 53.9767 43.6293
v 36.5073 53.9767 43.6112
v 36.4684 53.9767 43.5926
v 28.7051 53.9767 19.7988
v 36.4294 53.9767 43.5736
v 36.3904 53.9767 43.5541
v 36.3513 53.9767 43.5342
v 36.3122 53.9767 43.5138
v 28.7072 53.9767 19.9608
v 36.2731 53.9767 43.4929
v 36.2339 53.9767 43.4715
v 36.1947 53.9767 43.4496
v 36.1554 53.9767 43.4273
v 28.7097 53.9767 20.1228
v 36.1161 53.9767 43.4045
v 36.0768 53.9767 43.3812
v 36.0374 53.9767 43.3573
v 35.9979 53.9767 43.333
v 28.7127 53.9767 20.2847
v 35.9584 53.9767 43.3082
v 35.9189 53.9767 43.2829
v 35.8793 53.9767 43.2571
v 35.8397 53.9767 43.2308
v 28.716 53.9767 20.4465
v 35.8 53.9767 43.204
v 35.7603 53.9767 43.1766
v 35.7205 53.9767 43.1488
v 35.6807 53.9767 43.1204
v 28.7197 53.9767 20.6083
v 35.6408 53.9767 43.0915
v 35.6009 53.9767 43.062
v 35.561 53.9767 43.0321
v 35.521 53.9767 43.0016
v 28.7238 53.9767 20.7699
v 35.481 53.9767 42.9705
v 35.4409 53.9767 42.9389
v 35.4008 53.9767 42.9068
v 35.3606 53.9767 42.8741
v 28.7283 53.9767 20.9314
v 35.3204 53.9767 42.8409
v 35.2802 53.9767 42.8071
v 35.2399 53.9767 42.7728
v 35.1995 53.9767 42.7379
v 28.7332 53.9767 21.0929
v 35.1592 53.9767 42.7024
v 35.1187 53.9767 42.6664
v 35.0783 53.9767 42.6298
v 35.0378 53.9767 42.5926
v 28.7386 53.9767 21.2542
v 34.9973 53.9767 42.5548
v 34.9567 53.9767 42.5165
v 34.9161 53.9767 42.4775
v 34.8754 53.9767 42.438
v 28.7443 53.9767 21.4153
v 34.8347 53.9767 42.3979
v 34.794 53.9767 42.3572
v 34.7533 53.9767 42.3159
v 34.7125 53.9767 42.2739
v 34.6717 53.9767 42.2314
v 34.6308 53.9767 42.1882
v 34.59 53.9767 42.1445
v 34.5491 53.9767 42.1001
v 34.5081 53.9767 42.0551
v 34.4672 53.9767 42.0095
v 34.4262 53.9767 41.9632
v 34.3852 53.9767 41.9163
v 34.3441 53.9767 41.8688
v 34.3031 53.9767 41.8207
v 34.262 53.9767 41.7719
v 34.2209 53.9767 41.7224
v 34.1798 53.9767 41.6723
v 34.1386 53.9767 41.6216
v 34.0975 53.9767 41.5701
v 34.0563 53.9767 41.5181
v 34.0151 53.9767 41.4653
v 33.974 53.9767 41.4119
v 33.9328 53.9767 41.3579
v 33.8915 53.9767 41.3031
v 33.8503 53.9767 41.2477
v 33.8091 53.9767 41.1916
v 33.7679 53.9767 41.1348
v 33.7267 53.9767 41.0774
v 33.6854 53.9767 41.0192
v 33.6442 53.9767 40.9604
v 33.603 53.9767 40.9009
v 33.5618 53.9767 40.8406
v 33.5206 53.9767 40.7797
v 33.4794 53.9767 40.7181
v 33.4382 53.9767 40.6557
v 33.397 53.9767 40.5927
v 33.3558 53.9767 40.5289
v 33.3147 53.9767 40.4644
v 33.2735 53.9767 40.3993
v 33.2324 53.9767 40.3333
v 33.1913 53.9767 40.2667
v 33.1503 53.9767 40.1994
v 33.1092 53.9767 40.1313
v 33.0682 53.9767 40.0625
v 33.0272 53.9767 39.9929
v 32.9863 53.9767 39.9226
v 32.9454 53.9767 39.8516
v 32.9045 53.9767 39.7799
v 32.8637 53.9767 39.7074
v 32.8229 53.9767 39.6342
v 32.7821 53.9767 39.5602
v 32.7414 53.9767 39.4854
v 32.7008 53.9767 39.41
v 32.6602 53.9767 39.3337
v 32.6196 53.9767 39.2568
v 32.5791 53.9767 39.179
v 32.5387 53.9767 39.1005
v 32.4983 53.9767 39.0213
v 32.458 53.9767 38.9413
v 32.4177 53.9767 38.8605
v 32.3776 53.9767 38.779
v 32.3374 53.9767 38.6967
v 32.2974 53.9767 38.6137
v 32.2574 53.9767 38.5298
v 32.2176 53.9767 38.4452
v 32.1778 53.9767 38.3599
v 32.138 53.9767 38.2738
v 32.0984 53.9767 38.1869
v 32.0588 53.9767 38.0992
v 32.0194 53.9767 38.0108
v 31.98 53.9767 37.9216
v 31.9408 53.9767 37.8316
v 31.9016 53.9767 37.7408
v 31.8625 53.9767 37.6493
v 31.8236 53.9767 37.557
v 31.7847 53.9767 37.4639
v 31.746 53.9767 37.37
v 31.7074 53.9767 37.2754
v 31.6689 53.9767 37.18
v 31.6305 53.9767 37.0838
v 31.5922 53.9767 36.9869
v 31.5541 53.9767 36.8891
v 31.516 53.9767 36.7906
v 31.4782 53.9767 36.6914
v 31.4404 53.9767 36.5913
v 31.4028 53.9767 36.4905
v 31.3653 53.9767 36.3889
v 31.328 53.9767 36.2865
v 31.2908 53.9767 36.1834
v 31.2537 53.9767 36.0794
v 31.2168 53.9767 35.9748
v 31.1801 53.9767 35.8693
v 31.1435 53.9767 35.7631
v 31.1071 53.9767 35.6561
v 31.0708 53.9767 35.5484
v 31.0347 53.9767 35.4399
v 30.9988 53.9767 35.3306
v 30.9631 53.9767 35.2206
v 30.9275 53.9767 35.1098
v 30.8921 53.9767 34.9982
v 30.8569 53.9767 34.8859
v 30.8218 53.9767 34.7729
v 30.787 53.9767 34.6591
v 30.7523 53.9767 34.5445
v 30.7178 53.9767 34.4292
v 30.6836 53.9767 34.3132
v 30.6495 53.9767 34.1964
v 30.6156 53.9767 34.0789
v 30.582 53.9767 33.9606
v 30.5485 53.9767 33.8417
v 30.5152 53.9767 33.722
v 30.4822 53.9767 33.6015
v 30.4494 53.9767 33.4804
v 30.4168 53.9767 33.3585
v 30.3844 53.9767 33.2359
v 30.3523 53.9767 33.1126
v 30.3203 53.9767 32.9885
v 30.2886 53.9767 32.8638
v 30.2572 53.9767 32.7384
v 30.226 53.9767 32.6122
v 30.195 53.9767 32.4854
v 30.1642 53.9767 32.3579
v 30.1338 53.9767 32.2297
v 30.1035 53.9767 32.1008
v 30.0735 53.9767 31.9713
v 30.0438 53.9767 31.841
v 30.0143 53.9767 31.7101
v 29.9851 53.9767 31.5786
v 29.9561 53.9767 31.4463
v 29.9274 53.9767 31.3134
v 29.899 53.9767 31.1799
v 29.8709 53.9767 31.0457
v 29.843 53.9767 30.9109
v 29.8154 53.9767 30.7755
v 29.7881 53.9767 30.6394
v 29.761 53.9767 30.5027
v 29.7343 53.9767 30.3653
v 29.7078 53.9767 30.2274
v 29.6817 53.9767 30.0889
v 29.6558 53.9767 29.9497
v 29.6302 53.9767 29.81
v 29.6049 53.9767 29.6696
v 29.5799 53.9767 29.5287
v 29.5553 53.9767 29.3872
v 29.5309 53.9767 29.2452
v 29.5068 53.9767 29.1025
v 29.4831 53.9767 28.9593
v 29.4596 53.9767 28.8156
v 29.4365 53.9767 28.6713
v 29.4137 53.9767 28.5265
v 29.3912 53.9767 28.3812
v 29.3691 53.9767 28.2353
v 29.3472 53.9767 28.0889
v 29.3257 53.9767 27.942
v 29.3045 53.9767 27.7946
v 29.2837 53.9767 27.6467
v 29.2632 53.9767 27.4983
v 29.243 53.9767 27.3494
v 29.2232 53.9767 27.2
v 29.2037 53.9767 27.0502
v 29.1845 53.9767 26.8999
v 29.1657 53.9767 26.7492
v 29.1473 53.9767 26.598
v 29.1292 53.9767 26.4464
v 29.1114 53.9767 26.2944
v 29.094 53.9767 26.1419
v 29.077 53.9767 25.9891
v 29.0603 53.9767 25.8358
v 29.0439 53.9767 25.6821
v 29.028 53.9767 25.5281
v 29.0124 53.9767 25.3737
v 28.9971 53.9767 25.2189
v 28.9822 53.9767 25.0637
v 28.9677 53.9767 24.9082
v 28.9536 53.9767 24.7523
v 28.9398 53.9767 24.5961
v 28.9264 53.9767 24.4396
v 28.9134 53.9767 24.2827
v 28.9007 53.9767 24.1256
v 28.8885 53.9767 23.9681
v 28.8766 53.9767 23.8104
v 28.8651 53.9767 23.6524
v 28.8539 53.9767 23.4941
v 28.8432 53.9767 23.3355
v 28.8328 53.9767 23.1767
v 28.8228 53.9767 23.0176
v 28.8132 53.9767 22.8583
v 28.804 53.9767 22.6987
v 28.7951 53.9767 22.539
v 28.7867 53.9767 22.379
v 28.7787 53.9767 22.2188
v 28.771 53.9767 22.0585
v 28.7637 53.9767 21.898
v 28.7568 53.9767 21.7372
v 28.7503 53.9767 21.5764
v 38.1375 53.9767 43.9998
v 38.1033 53.9767 43.9994
v 38.0692 53.9767 43.9985
v 38.035 53.9767 43.9974
v 38.0009 53.9767 43.9959
v 37.9667 53.9767 43.9942
v 37.9326 53.9767 43.992
v 37.8984 53.9767 43.9896
v 35.6807 70.609 43.1204
v 35.6408 70.609 43.0915
v 36.9714 70.609 43.7986
v 36.9329 70.609 43.7854
v 34.794 70.609 42.3572
v 34.7533 70.609 42.3159
v 32.2974 70.609 38.6137
v 32.2574 70.609 38.5298
v 31.1435 70.609 35.7631
v 31.1071 70.609 35.6561
v 29.1845 70.609 26.8999
v 29.1657 70.609 26.7492
v 30.5485 70.609 33.8417
v 30.5152 70.609 33.722
v 30.4822 70.609 33.6015
v 32.8229 70.609 39.6342
v 32.7821 70.609 39.5602
v 33.8091 70.609 41.1916
v 33.7679 70.609 41.1348
v 29.8709 70.609 31.0457
v 29.843 70.609 30.9109
v 29.8154 70.609 30.7755
v 29.1473 70.609 26.598
v 36.1161 70.609 43.4045
v 36.0768 70.609 43.3812
v 36.5462 70.609 43.6293
v 36.5073 70.609 43.6112
v 31.746 70.609 37.37
v 31.7074 70.609 37.2754
v 31.6689 70.609 37.18
v 32.2176 70.609 38.4452
v 35.2399 70.609 42.7728
v 35.1995 70.609 42.7379
v 34.3031 70.609 41.8207
v 34.262 70.609 41.7719
v 33.3147 70.609 40.4644
v 33.2735 70.609 40.3993
v 29.1292 70.609 26.4464
v 30.4494 70.609 33.4804
v 37.6592 70.609 43.9634
v 37.625 70.609 43.9583
v 38.0009 70.609 43.9959
v 37.9667 70.609 43.9942
v 37.9326 70.609 43.992
v 37.5907 70.609 43.953
v 29.1114 70.609 26.2944
v 36.4684 70.609 43.5926
v 36.8944 70.609 43.7718
v 34.7125 70.609 42.2739
v 32.7414 70.609 39.4854
v 29.094 70.609 26.1419
v 29.7881 70.609 30.6394
v 29.761 70.609 30.5027
v 30.4168 70.609 33.3585
v 31.0708 70.609 35.5484
v 31.0347 70.609 35.4399
v 36.0374 70.609 43.3573
v 29.077 70.609 25.9891
v 36.8558 70.609 43.7577
v 34.2209 70.609 41.7224
v 33.2324 70.609 40.3333
v 35.1592 70.609 42.7024
v 37.2819 70.609 43.8895
v 37.2475 70.609 43.8808
v 35.6009 70.609 43.062
v 32.1778 70.609 38.3599
v 33.7267 70.609 41.0774
v 29.0603 70.609 25.8358
v 30.3844 70.609 33.2359
v 37.213 70.609 43.8717
v 34.6717 70.609 42.2314
v 31.6305 70.609 37.0838
v 29.0439 70.609 25.6821
v 37.8984 70.609 43.9896
v 35.561 70.609 43.0321
v 37.5565 70.609 43.9472
v 30.9988 70.609 35.3306
v 32.7008 70.609 39.41
v 36.4294 70.609 43.5736
v 29.7343 70.609 30.3653
v 33.6854 70.609 41.0192
v 34.1798 70.609 41.6723
v 29.028 70.609 25.5281
v 33.1913 70.609 40.2667
v 35.9979 70.609 43.333
v 29.0124 70.609 25.3737
v 35.1187 70.609 42.6664
v 29.7078 70.609 30.2274
v 36.8173 70.609 43.7432
v 32.6602 70.609 39.3337
v 31.5922 70.609 36.9869
v 31.5541 70.609 36.8891
v 28.9971 70.609 25.2189
v 30.3523 70.609 33.1126
v 30.3203 70.609 32.9885
v 32.138 70.609 38.2738
v 37.1786 70.609 43.8623
v 29.6817 70.609 30.0889
v 28.9822 70.609 25.0637
v 34.6308 70.609 42.1882
v 37.5222 70.609 43.9412
v 36.3904 70.609 43.5541
v 37.8643 70.609 43.9868
v 28.9677 70.609 24.9082
v 32.0984 70.609 38.1869
v 33.1503 70.609 40.1994
v 30.9631 70.609 35.2206
v 30.9275 70.609 35.1098
v 29.6558 70.609 29.9497
v 34.1386 70.609 41.6216
v 28.9536 70.609 24.7523
v 31.516 70.609 36.7906
v 33.6442 70.609 40.9604
v 35.9584 70.609 43.3082
v 35.0783 70.609 42.6298
v 36.7787 70.609 43.7283
v 28.9398 70.609 24.5961
v 35.521 70.609 43.0016
v 32.0588 70.609 38.0992
v 29.6302 70.609 29.81
v 29.6049 70.609 29.6696
v 34.59 70.609 42.1445
v 32.6196 70.609 39.2568
v 28.9264 70.609 24.4396
v 30.2886 70.609 32.8638
v 28.9134 70.609 24.2827
v 36.3513 70.609 43.5342
v 31.4782 70.609 36.6914
v 33.1092 70.609 40.1313
v 37.8301 70.609 43.9838
v 35.481 70.609 42.9705
v 28.9007 70.609 24.1256
v 34.0975 70.609 41.5701
v 33.603 70.609 40.9009
v 28.8885 70.609 23.9681
v 35.9189 70.609 43.2829
v 35.0378 70.609 42.5926
v 30.2572 70.609 32.7384
v 29.5799 70.609 29.5287
v 30.8921 70.609 34.9982
v 30.8569 70.609 34.8859
v 28.8766 70.609 23.8104
v 32.5791 70.609 39.179
v 37.1441 70.609 43.8525
v 35.8793 70.609 43.2571
v 28.8651 70.609 23.6524
v 32.5387 70.609 39.1005
v 29.5553 70.609 29.3872
v 34.5491 70.609 42.1001
v 28.8539 70.609 23.4941
v 30.226 70.609 32.6122
v 37.1096 70.609 43.8424
v 37.4879 70.609 43.9348
v 33.0682 70.609 40.0625
v 28.8432 70.609 23.3355
v 36.3122 70.609 43.5138
v 36.74 70.609 43.7129
v 34.0563 70.609 41.5181
v 37.796 70.609 43.9803
v 33.5618 70.609 40.8406
v 32.0194 70.609 38.0108
v 28.8328 70.609 23.1767
v 29.5309 70.609 29.2452
v 31.98 70.609 37.9216
v 34.9973 70.609 42.5548
v 28.8228 70.609 23.0176
v 30.195 70.609 32.4854
v 31.4404 70.609 36.5913
v 28.8132 70.609 22.8583
v 35.4409 70.609 42.9389
v 29.5068 70.609 29.1025
v 28.804 70.609 22.6987
v 30.8218 70.609 34.7729
v 30.787 70.609 34.6591
v 34.0151 70.609 41.4653
v 34.5081 70.609 42.0551
v 28.7951 70.609 22.539
v 33.0272 70.609 39.9929
v 30.1642 70.609 32.3579
v 28.7867 70.609 22.379
v 29.4831 70.609 28.9593
v 37.4536 70.609 43.9281
v 37.0751 70.609 43.832
v 33.5206 70.609 40.7797
v 28.7787 70.609 22.2188
v 31.4028 70.609 36.4905
v 31.3653 70.609 36.3889
v 36.7013 70.609 43.6971
v 31.9408 70.609 37.8316
v 28.771 70.609 22.0585
v 38.1375 70.609 43.9998
v 37.4193 70.609 43.9211
v 34.9567 70.609 42.5165
v 32.4983 70.609 39.0213
v 37.7618 70.609 43.9766
v 30.7523 70.609 34.5445
v 29.4596 70.609 28.8156
v 28.7637 70.609 21.898
v 35.8397 70.609 43.2308
v 30.1338 70.609 32.2297
v 30.1035 70.609 32.1008
v 28.7568 70.609 21.7372
v 35.4008 70.609 42.9068
v 36.2731 70.609 43.4929
v 28.7503 70.609 21.5764
v 34.4672 70.609 42.0095
v 28.7443 70.609 21.4153
v 29.4365 70.609 28.6713
v 32.9863 70.609 39.9226
v 28.7386 70.609 21.2542
v 31.9016 70.609 37.7408
v 31.328 70.609 36.2865
v 28.7332 70.609 21.0929
v 28.7283 70.609 20.9314
v 33.4794 70.609 40.7181
v 33.974 70.609 41.4119
v 35.3606 70.609 42.8741
v 28.7238 70.609 20.7699
v 29.4137 70.609 28.5265
v 37.0405 70.609 43.8212
v 28.7197 70.609 20.6083
v 32.458 70.609 38.9413
v 36.6626 70.609 43.6808
v 28.716 70.609 20.4465
v 34.9161 70.609 42.4775
v 28.7127 70.609 20.2847
v 38.1033 70.609 43.9994
v 28.7097 70.609 20.1228
v 33.4382 70.609 40.6557
v 28.7072 70.609 19.9608
v 37.7276 70.609 43.9725
v 35.8 70.609 43.204
v 29.3912 70.609 28.3812
v 30.0735 70.609 31.9713
v 30.0438 70.609 31.841
v 28.7051 70.609 19.7988
v 28.7033 70.609 19.6367
v 36.2339 70.609 43.4715
v 30.7178 70.609 34.4292
v 30.6836 70.609 34.3132
v 28.702 70.609 19.4746
v 31.2908 70.609 36.1834
v 28.7011 70.609 19.3125
v 28.7006 70.609 19.1627
v 32.9454 70.609 39.8516
v 31.8625 70.609 37.6493
v 34.4262 70.609 41.9632
v 36.6238 70.609 43.6641
v 29.3691 70.609 28.2353
v 33.9328 70.609 41.3579
v 32.4177 70.609 38.8605
v 29.3472 70.609 28.0889
v 30.6495 70.609 34.1964
v 37.006 70.609 43.81
v 36.1947 70.609 43.4496
v 32.3776 70.609 38.779
v 37.385 70.609 43.9137
v 34.8754 70.609 42.438
v 32.9045 70.609 39.7799
v 31.8236 70.609 37.557
v 35.3204 70.609 42.8409
v 30.0143 70.609 31.7101
v 38.0692 70.609 43.9985
v 29.3257 70.609 27.942
v 34.3852 70.609 41.9163
v 37.6934 70.609 43.9681
v 35.7603 70.609 43.1766
v 30.6156 70.609 34.0789
v 29.3045 70.609 27.7946
v 33.397 70.609 40.5927
v 33.8915 70.609 41.3031
v 29.9851 70.609 31.5786
v 31.2537 70.609 36.0794
v 31.2168 70.609 35.9748
v 29.2837 70.609 27.6467
v 31.7847 70.609 37.4639
v 34.8347 70.609 42.3979
v 37.3506 70.609 43.906
v 36.585 70.609 43.6469
v 32.3374 70.609 38.6967
v 29.9561 70.609 31.4463
v 29.9274 70.609 31.3134
v 35.7205 70.609 43.1488
v 32.8637 70.609 39.7074
v 29.2632 70.609 27.4983
v 35.2802 70.609 42.8071
v 37.3163 70.609 43.8979
v 38.035 70.609 43.9974
v 36.1554 70.609 43.4273
v 34.3441 70.609 41.8688
v 31.1801 70.609 35.8693
v 33.3558 70.609 40.5289
v 29.243 70.609 27.3494
v 33.8503 70.609 41.2477
v 30.582 70.609 33.9606
v 29.2232 70.609 27.2
v 29.899 70.609 31.1799
v 29.2037 70.609 27.0502
v 116.092 117.859 30
v 115.351 95.1027 30
v 116.172 117.886 30
v 116.159 117.882 30
v 121.173 94.8477 30
v 116.227 117.903 30
v 115.422 95.0334 30
v 116.267 117.914 30
v 116.281 117.918 30
v 121.219 94.8803 30
v 116.309 117.925 30
v 116.322 117.928 30
v 115.443 95.0142 30
v 121.242 94.8972 30
v 121.253 94.9057 30
v 121.309 94.9496 30
v 116.475 117.958 30
v 116.503 117.963 30
v 115.229 95.2403 30
v 116.573 117.971 30
v 121.394 95.0238 30
v 116.672 117.979 30
v 116.686 117.98 30
v 115.186 95.2961 30
v 115.596 94.8887 30
v 122.041 116.011 30
v 120.084 117.982 30
v 122.04 116.053 30
v 115.642 94.8557 30
v 121.561 95.1967 30
v 122.039 116.082 30
v 122.035 116.138 30
v 115.105 95.4122 30
v 122.033 116.166 30
v 122.03 116.195 30
v 121.706 95.3885 30
v 122.027 116.223 30
v 115.749 94.7863 30
v 121.722 95.4122 30
v 122.023 116.251 30
v 120.324 117.963 30
v 121.752 95.4602 30
v 115.785 94.7647 30
v 121.766 95.4845 30
v 115.046 95.509 30
v 122.017 116.293 30
v 122.015 116.307 30
v 115.81 94.7507 30
v 115.835 94.7371 30
v 115.86 94.7238 30
v 120.518 117.925 30
v 121.875 95.6988 30
v 114.987 95.6217 30
v 120.545 117.918 30
v 121.897 95.751 30
v 114.969 95.66 30
v 114.963 95.6729 30
v 121.932 95.8438 30
v 121.954 95.9111 30
v 120.694 117.873 30
v 116.066 94.6306 30
v 121.99 96.0477 30
v 120.8 117.833 30
v 121.997 96.0754 30
v 120.826 117.822 30
v 121.875 116.781 30
v 121.827 116.883 30
v 122.025 96.2427 30
v 116.186 94.5886 30
v 120.992 117.742 30
v 120.98 117.749 30
v 121.801 116.933 30
v 121.017 117.729 30
v 114.861 95.9518 30
v 122.039 96.3977 30
v 116.254 94.5686 30
v 121.759 117.007 30
v 121.078 117.693 30
v 114.843 96.0202 30
v 116.309 94.5543 30
v 121.722 117.067 30
v 121.714 117.079 30
v 121.706 117.091 30
v 114.786 116.039 30
v 121.674 117.138 30
v 114.79 116.124 30
v 121.658 117.16 30
v 114.794 116.166 30
v 121.641 117.183 30
v 114.807 116.279 30
v 114.805 116.265 30
v 121.298 117.539 30
v 121.58 117.261 30
v 114.805 96.2146 30
v 121.552 117.293 30
v 121.561 117.283 30
v 114.8 96.2567 30
v 121.384 117.465 30
v 114.83 116.404 30
v 121.524 117.325 30
v 121.495 117.356 30
v 114.843 116.459 30
v 114.85 116.487 30
v 114.794 96.313 30
v 114.795 96.2989 30
v 116.63 94.5028 30
v 114.873 116.568 30
v 116.658 94.5008 30
v 114.886 116.609 30
v 114.895 116.636 30
v 114.788 96.3977 30
v 114.904 116.662 30
v 114.786 96.4543 30
v 114.969 116.819 30
v 114.981 116.845 30
v 115.006 116.896 30
v 115.039 116.958 30
v 115.06 116.995 30
v 115.075 117.019 30
v 120.225 94.5052 30
v 115.105 117.067 30
v 115.12 117.091 30
v 115.144 117.126 30
v 115.136 117.114 30
v 115.203 117.206 30
v 120.407 94.5305 30
v 115.238 117.25 30
v 115.284 117.304 30
v 115.303 117.325 30
v 115.391 117.417 30
v 115.411 117.436 30
v 120.627 94.5844 30
v 115.464 117.484 30
v 120.694 94.6063 30
v 120.734 94.6206 30
v 115.584 117.582 30
v 120.761 94.6306 30
v 115.642 117.624 30
v 115.665 117.64 30
v 115.701 117.663 30
v 115.724 117.678 30
v 115.81 117.729 30
v 120.967 94.7238 30
v 115.936 117.793 30
v 121.017 94.7507 30
v 122.015 116.307 0
v 122.017 116.293 0
v 120.084 117.982 0
v 122.023 116.251 0
v 122.027 116.223 0
v 122.03 116.195 0
v 121.384 117.465 0
v 122.035 116.138 0
v 120.225 117.974 0
v 122.039 116.082 0
v 122.04 116.053 0
v 121.495 117.356 0
v 122.041 116.011 0
v 121.524 117.325 0
v 121.552 117.293 0
v 121.561 117.283 0
v 121.58 117.261 0
v 121.641 117.183 0
v 121.658 117.16 0
v 120.545 117.918 0
v 121.674 117.138 0
v 121.706 117.091 0
v 121.714 117.079 0
v 121.722 117.067 0
v 120.694 117.873 0
v 120.761 117.849 0
v 121.801 116.933 0
v 120.826 117.822 0
v 121.827 116.883 0
v 120.891 117.793 0
v 121.858 116.819 0
v 121.875 116.781 0
v 120.98 117.749 0
v 120.992 117.742 0
v 121.984 116.459 0
v 116.475 117.958 0
v 116.503 117.963 0
v 114.786 116.039 0
v 115.284 117.304 0
v 115.303 117.325 0
v 116.573 117.971 0
v 114.79 116.124 0
v 114.794 116.166 0
v 116.672 117.979 0
v 116.686 117.98 0
v 115.391 117.417 0
v 115.411 117.436 0
v 115.464 117.484 0
v 114.824 116.376 0
v 115.584 117.582 0
v 114.843 116.459 0
v 114.85 116.487 0
v 115.642 117.624 0
v 114.873 116.568 0
v 115.701 117.663 0
v 115.724 117.678 0
v 114.886 116.609 0
v 114.895 116.636 0
v 114.904 116.662 0
v 115.81 117.729 0
v 115.91 117.781 0
v 114.969 116.819 0
v 115.936 117.793 0
v 114.981 116.845 0
v 115.006 116.896 0
v 116.026 117.833 0
v 115.075 117.019 0
v 116.159 117.882 0
v 116.172 117.886 0
v 115.105 117.067 0
v 116.227 117.903 0
v 116.267 117.914 0
v 116.281 117.918 0
v 116.309 117.925 0
v 116.322 117.928 0
v 116.35 117.935 0
v 115.203 117.206 0
v 114.8 96.2567 0
v 115.443 95.0142 0
v 114.795 96.2989 0
v 115.422 95.0334 0
v 114.794 96.313 0
v 116.63 94.5028 0
v 114.788 96.3977 0
v 115.351 95.1027 0
v 114.786 96.4543 0
v 116.419 94.5305 0
v 115.186 95.2961 0
v 116.309 94.5543 0
v 116.254 94.5686 0
v 116.186 94.5886 0
v 115.105 95.4122 0
v 116.066 94.6306 0
v 114.969 95.66 0
v 114.963 95.6729 0
v 115.86 94.7238 0
v 115.835 94.7371 0
v 115.81 94.7507 0
v 115.785 94.7647 0
v 115.749 94.7863 0
v 114.877 95.8976 0
v 114.861 95.9518 0
v 115.642 94.8557 0
v 114.843 96.0202 0
v 115.596 94.8887 0
v 121.561 95.1967 0
v 121.543 95.1754 0
v 121.495 95.1231 0
v 120.197 94.5028 0
v 122.025 96.2427 0
v 121.394 95.0238 0
v 121.309 94.9496 0
v 121.997 96.0754 0
v 121.99 96.0477 0
v 121.253 94.9057 0
v 121.242 94.8972 0
v 121.219 94.8803 0
v 121.173 94.8477 0
v 121.897 95.751 0
v 120.967 94.7238 0
v 121.875 95.6988 0
v 120.761 94.6306 0
v 120.734 94.6206 0
v 121.781 95.509 0
v 121.766 95.4845 0
v 120.694 94.6063 0
v 121.752 95.4602 0
v 120.627 94.5844 0
v 121.706 95.3885 0
v 61.6995 54.5631 56.6419
v 61.7015 54.5631 56.7551
v 61.7119 54.5631 57.0098
v 61.7329 54.5631 57.2922
v 61.7873 54.5631 57.7419
v 61.8729 54.5631 58.2156
v 62.0177 54.5631 58.7922
v 62.2453 54.5631 59.4623
v 63.1528 54.5631 61.1554
v 63.4236 54.5631 61.5186
v 63.5666 73.0942 61.6943
v 63.3196 73.0942 61.3842
v 63.0252 73.0942 60.9682
v 62.8881 73.0942 60.7534
v 61.7959 73.0942 57.7979
v 61.7873 73.0942 57.7419
v 62.6347 73.0942 60.3112
v 61.7153 73.0942 57.0663
v 54.9333 84.9489 42
v 54.9483 84.9592 42
v 54.9633 84.9698 42
v 55.6076 93.2106 42
v 55.5907 93.2481 42
v 56.1964 90.5988 42
v 56.1905 90.6683 42
v 56.1841 90.7374 42
v 55.5737 93.2847 42
v 56.1774 90.8061 42
v 54.9783 84.9809 42
v 54.9933 84.9925 42
v 55.0084 85.0045 42
v 55.4012 93.608 42
v 55.3838 93.6361 42
v 55.3664 93.6635 42
v 55.349 93.6902 42
v 55.0236 85.0169 42
v 55.0387 85.0298 42
v 55.054 85.0431 42
v 55.0692 85.057 42
v 55.0845 85.0712 42
v 55.0998 85.086 42
v 55.1152 85.1013 42
v 55.7713 92.7914 42
v 55.7555 92.837 42
v 55.1306 85.1171 42
v 55.7234 92.9257 42
v 55.7072 92.9688 42
v 55.146 85.1333 42
v 55.1615 85.1501 42
v 55.177 85.1674 42
v 55.1925 85.1852 42
v 55.2081 85.2035 42
v 55.2236 85.2224 42
v 55.2392 85.2418 42
v 55.2548 85.2617 42
v 56.1014 91.4038 42
v 56.0913 91.4676 42
v 56.0809 91.5308 42
v 56.0702 91.5933 42
v 55.2704 85.2822 42
v 55.1412 93.9556 42
v 55.1241 93.9734 42
v 55.2861 85.3033 42
v 55.1071 93.9907 42
v 55.09 94.0073 42
v 55.073 94.0233 42
v 55.3017 85.3249 42
v 55.3174 85.3471 42
v 55.3331 85.3699 42
v 55.3488 85.3933 42
v 55.3644 85.4172 42
v 55.3801 85.4418 42
v 55.3958 85.4669 42
v 55.863 92.501 42
v 55.8481 92.5514 42
v 55.4114 85.4927 42
v 55.4271 85.519 42
v 55.4427 85.546 42
v 55.4583 85.5736 42
v 56.2305 90.0324 42
v 56.2276 90.104 42
v 56.2243 90.1755 42
v 54.939 94.1311 42
v 54.9224 94.1421 42
v 54.906 94.1527 42
v 56.2206 90.2467 42
v 56.2166 90.3177 42
v 56.2121 90.3884 42
v 55.4739 85.6018 42
v 54.8895 94.1627 42
v 54.8732 94.1722 42
v 56.2073 90.4588 42
v 56.202 90.529 42
v 55.6244 93.1723 42
v 54.8568 94.1813 42
v 55.4895 85.6306 42
v 55.505 85.6601 42
v 54.8406 94.1898 42
v 54.8244 94.1979 42
v 54.8082 94.2056 42
v 54.7921 94.2127 42
v 54.776 94.2195 42
v 54.7599 94.2257 42
v 55.5205 85.6902 42
v 54.7439 94.2315 42
v 54.728 94.2369 42
v 54.7121 94.2419 42
v 55.536 85.7209 42
v 55.5514 85.7523 42
v 54.6962 94.2464 42
v 54.6803 94.2505 42
v 54.6645 94.2542 42
v 54.6487 94.2575 42
v 54.6329 94.2604 42
v 54.6172 94.2629 42
v 54.6015 94.2649 42
v 54.5857 94.2666 42
v 54.57 94.2679 42
v 55.3316 93.7161 42
v 54.5544 94.2687 42
v 54.5412 94.2691 42
v 54.5281 94.2693 42
v 55.3142 93.7413 42
v 55.2968 93.7658 42
v 55.5668 85.7843 42
v 55.5821 85.817 42
v 55.5973 85.8503 42
v 55.6125 85.8843 42
v 55.6277 85.9189 42
v 55.7395 92.8817 42
v 55.6427 85.9542 42
v 55.6577 85.9902 42
v 55.6726 86.0268 42
v 55.6875 86.064 42
v 55.7022 86.1019 42
v 55.7168 86.1405 42
v 55.7314 86.1798 42
v 55.7458 86.2197 42
v 55.7602 86.2602 42
v 55.7744 86.3014 42
v 55.7885 86.3433 42
v 54.9722 94.1074 42
v 54.9555 94.1195 42
v 55.0561 94.0388 42
v 55.0392 94.0536 42
v 55.0224 94.0679 42
v 55.0056 94.0816 42
v 54.9889 94.0948 42
v 55.8024 86.3858 42
v 56.1298 91.2091 42
v 56.1207 91.2746 42
v 56.1112 91.3395 42
v 55.8163 86.429 42
v 55.83 86.4728 42
v 55.8436 86.5173 42
v 55.9612 92.1267 42
v 55.9479 92.1825 42
v 55.857 86.5624 42
v 55.9342 92.2375 42
v 55.8703 86.6082 42
v 55.8834 86.6545 42
v 55.5224 93.3899 42
v 55.5052 93.4234 42
v 55.8964 86.7016 42
v 55.9092 86.7492 42
v 55.4879 93.4561 42
v 55.9218 86.7975 42
v 55.8331 92.601 42
v 55.8179 92.6498 42
v 55.9342 86.8464 42
v 55.9465 86.8958 42
v 55.9586 86.9459 42
v 55.9705 86.9966 42
v 55.9822 87.0479 42
v 55.6578 93.0934 42
v 55.6412 93.1332 42
v 55.9937 87.0998 42
v 56.005 87.1522 42
v 56.016 87.2052 42
v 56.0269 87.2587 42
v 56.0375 87.3128 42
v 56.048 87.3675 42
v 55.2794 93.7896 42
v 56.0581 87.4226 42
v 55.262 93.8126 42
v 55.2447 93.8351 42
v 56.0681 87.4783 42
v 56.0778 87.5345 42
v 56.0872 87.5912 42
v 55.9999 91.9551 42
v 55.9873 92.013 42
v 55.9744 92.0702 42
v 56.0965 87.6484 42
v 56.1054 87.706 42
v 56.1141 87.7641 42
v 55.9204 92.2917 42
v 55.9064 92.3452 42
v 56.1226 87.8227 42
v 56.1307 87.8816 42
v 56.1386 87.9411 42
v 56.1463 88.0009 42
v 56.1536 88.0611 42
v 56.1607 88.1217 42
v 56.1675 88.1827 42
v 56.174 88.244 42
v 55.5396 93.3556 42
v 55.4706 93.488 42
v 55.4533 93.5191 42
v 56.1802 88.3057 42
v 56.1861 88.3677 42
v 56.1552 91.0097 42
v 56.147 91.0767 42
v 56.1386 91.1432 42
v 56.1917 88.43 42
v 56.1971 88.4926 42
v 56.2021 88.5554 42
v 56.2068 88.6186 42
v 56.2112 88.6819 42
v 56.2153 88.7455 42
v 56.2191 88.8094 42
v 56.2226 88.8734 42
v 56.2257 88.9376 42
v 56.2286 89.0019 42
v 55.8025 92.6978 42
v 56.2311 89.0664 42
v 56.2333 89.1311 42
v 56.2352 89.1958 42
v 56.2367 89.2607 42
v 55.6744 93.0527 42
v 56.238 89.3256 42
v 56.2389 89.3905 42
v 56.2395 89.4556 42
v 56.2398 89.5278 42
v 56.2396 89.6001 42
v 56.2391 89.6723 42
v 56.2382 89.7445 42
v 56.2369 89.8167 42
v 56.0363 91.7772 42
v 56.0245 91.8372 42
v 56.0123 91.8965 42
v 55.2274 93.8568 42
v 55.2101 93.8779 42
v 55.1928 93.8982 42
v 56.2352 89.8887 42
v 56.233 89.9606 42
v 55.8921 92.3979 42
v 55.5567 93.3206 42
v 56.1704 90.8744 42
v 56.1629 90.9423 42
v 55.436 93.5495 42
v 55.4186 93.5791 42
v 54.5281 84.8145 42
v 54.5424 84.8147 42
v 54.5567 84.8152 42
v 54.5709 84.816 42
v 54.5852 84.8172 42
v 54.5994 84.8186 42
v 55.787 92.745 42
v 54.6137 84.8204 42
v 54.6279 84.8226 42
v 55.6908 93.0112 42
v 54.6422 84.825 42
v 54.6565 84.8278 42
v 54.6708 84.831 42
v 54.6851 84.8345 42
v 54.6995 84.8383 42
v 54.7139 84.8424 42
v 54.7283 84.847 42
v 56.0592 91.6553 42
v 56.0479 91.7166 42
v 54.7427 84.8518 42
v 55.1756 93.918 42
v 55.1584 93.9371 42
v 54.7572 84.857 42
v 54.7716 84.8626 42
v 54.7862 84.8686 42
v 54.8007 84.8749 42
v 54.8153 84.8815 42
v 54.8299 84.8886 42
v 54.8446 84.896 42
v 55.8776 92.4499 42
v 54.8593 84.9038 42
v 54.874 84.9121 42
v 54.8888 84.9207 42
v 54.9036 84.9297 42
v 54.9185 84.9391 42
v 52.8933 88.1415 42
v 52.9011 88.0741 42
v 53.122 86.8463 42
v 53.1359 86.7921 42
v 53.1499 86.7386 42
v 53.1642 86.6859 42
v 53.7595 85.318 42
v 53.7769 85.2942 42
v 53.7942 85.2711 42
v 53.9492 85.0931 42
v 53.9662 85.0765 42
v 53.9832 85.0605 42
v 53.8462 85.2059 42
v 53.8634 85.1855 42
v 54.1338 84.9417 42
v 54.1503 84.9311 42
v 53.8807 85.1658 42
v 53.8979 85.1467 42
v 53.3008 86.2468 42
v 53.3168 86.2021 42
v 54.0674 84.989 42
v 54.0841 84.9764 42
v 54.1007 84.9643 42
v 54.1173 84.9527 42
v 54.1667 84.9211 42
v 54.1831 84.9116 42
v 54.1994 84.9025 42
v 54.2157 84.894 42
v 54.3442 84.8419 42
v 54.3601 84.8374 42
v 54.4233 84.8234 42
v 54.4391 84.8209 42
v 54.5019 84.8151 42
v 54.5151 84.8147 42
v 53.4656 85.8357 42
v 53.4825 85.7991 42
v 52.8701 90.7161 42
v 52.8645 90.6538 42
v 52.8592 90.5912 42
v 52.8542 90.5284 42
v 52.8495 90.4652 42
v 52.8451 90.4019 42
v 52.841 90.3382 42
v 52.8372 90.2744 42
v 53.6203 85.5343 42
v 53.6377 85.5046 42
v 53.655 85.4758 42
v 53.6899 85.4203 42
v 53.7073 85.3936 42
v 53.7702 93.7805 42
v 53.7545 93.7589 42
v 53.7388 93.7367 42
v 53.7232 93.7139 42
v 52.8183 89.7582 42
v 52.8174 89.6933 42
v 52.8168 89.6282 42
v 53.7075 93.6905 42
v 53.8116 85.2487 42
v 53.8289 85.227 42
v 53.6918 93.6666 42
v 53.6762 93.642 42
v 53.915 85.1282 42
v 53.9321 85.1104 42
v 54.017 85.0302 42
v 54.0339 85.0159 42
v 54.0507 85.0022 42
v 53.5512 93.4237 42
v 53.5358 93.3936 42
v 53.5203 93.3629 42
v 54.2481 84.8782 42
v 54.2642 84.8711 42
v 52.8257 89.0514 42
v 52.8286 88.9798 42
v 54.2803 84.8643 42
v 54.2963 84.8581 42
v 54.3123 84.8522 42
v 52.8319 88.9083 42
v 52.8356 88.8371 42
v 54.3283 84.8469 42
v 54.4548 84.8189 42
v 54.4705 84.8172 42
v 54.4862 84.8159 42
v 52.8397 88.7661 42
v 52.8442 88.6954 42
v 52.849 88.625 42
v 52.8658 88.4155 42
v 52.8721 88.3464 42
v 53.3836 93.057 42
v 53.3688 93.0198 42
v 53.3541 92.9819 42
v 53.3104 92.8641 42
v 53.2961 92.8236 42
v 53.2819 92.7824 42
v 53.2538 92.698 42
v 53.24 92.6548 42
v 52.9451 87.7443 42
v 52.9548 87.68 42
v 52.9649 87.6162 42
v 52.9753 87.553 42
v 53.2127 92.5665 42
v 53.1993 92.5214 42
v 53.186 92.4756 42
v 53.1729 92.4293 42
v 53.0977 92.1379 42
v 53.0858 92.0872 42
v 53.0741 92.0359 42
v 53.0294 91.8251 42
v 53.0187 91.771 42
v 52.9255 91.2022 42
v 52.9176 91.1427 42
v 53.0439 87.1873 42
v 53.0563 87.1287 42
v 53.069 87.0708 42
v 53.0819 87.0136 42
v 54.3759 84.8332 42
v 53.1084 86.9013 42
v 53.0513 91.9316 42
v 53.0402 91.8786 42
v 53.1786 86.6339 42
v 53.1933 86.5828 42
v 53.2082 86.5324 42
v 53.2232 86.4828 42
v 52.9421 91.3197 42
v 52.9337 91.2611 42
v 53.285 86.2924 42
v 53.3329 86.1581 42
v 52.9026 91.0227 42
v 52.8956 90.9621 42
v 52.8888 90.9011 42
v 53.3491 86.115 42
v 54.0478 94.0793 42
v 54.0327 94.0669 42
v 54.0175 94.054 42
v 54.0023 94.0407 42
v 53.987 94.0268 42
v 53.9718 94.0125 42
v 53.3984 85.9904 42
v 53.4151 85.9505 42
v 53.9564 93.9978 42
v 53.9411 93.9825 42
v 53.4318 85.9115 42
v 52.8337 90.2104 42
v 53.4487 85.8732 42
v 53.5167 85.7282 42
v 53.5339 85.6939 42
v 52.8165 89.556 42
v 52.8166 89.4837 42
v 53.8326 93.8614 42
v 53.8171 93.842 42
v 53.5683 85.6277 42
v 53.5856 85.5958 42
v 53.6029 85.5646 42
v 53.8014 93.8221 42
v 52.9092 88.0071 42
v 52.9971 87.4285 42
v 53.0084 87.3672 42
v 53.0199 87.3066 42
v 53.7247 85.3677 42
v 53.7421 85.3425 42
v 53.6605 93.6169 42
v 53.6448 93.5911 42
v 53.6292 93.5648 42
v 52.8788 88.2777 42
v 52.8859 88.2094 42
v 54.0002 85.045 42
v 53.5823 93.482 42
v 53.5668 93.4532 42
v 53.4996 85.7632 42
v 54.2319 84.8859 42
v 54.3918 84.8296 42
v 54.4076 84.8263 42
v 53.5049 93.3315 42
v 53.6724 85.4477 42
v 53.3394 92.9433 42
v 53.3249 92.904 42
v 53.2263 92.611 42
v 53.1471 92.3346 42
v 53.1345 92.2863 42
v 53.1097 92.188 42
v 53.0083 91.7163 42
v 52.9981 91.6612 42
v 54.5139 94.2691 42
v 54.4996 94.2686 42
v 54.4853 94.2678 42
v 54.4711 94.2666 42
v 54.4568 94.2652 42
v 54.4426 94.2634 42
v 54.4283 94.2612 42
v 54.4141 94.2588 42
v 54.3998 94.256 42
v 54.3854 94.2528 42
v 54.3711 94.2493 42
v 52.9882 91.6055 42
v 52.9785 91.5493 42
v 52.969 91.4926 42
v 52.9598 91.4354 42
v 52.9508 91.3778 42
v 54.3568 94.2455 42
v 54.3424 94.2414 42
v 54.328 94.2368 42
v 54.3136 94.232 42
v 54.2991 94.2268 42
v 54.2846 94.2212 42
v 54.2701 94.2152 42
v 54.2555 94.2089 42
v 54.241 94.2023 42
v 52.8823 90.8398 42
v 52.8761 90.7781 42
v 54.2263 94.1952 42
v 54.2117 94.1878 42
v 54.1527 94.1541 42
v 54.1378 94.1447 42
v 54.197 94.18 42
v 54.1822 94.1717 42
v 54.1675 94.1631 42
v 54.1229 94.1349 42
v 54.108 94.1246 42
v 54.093 94.114 42
v 52.8171 89.4115 42
v 54.078 94.1029 42
v 54.0629 94.0913 42
v 52.8181 89.3393 42
v 52.8305 90.1462 42
v 52.8194 89.2671 42
v 52.8211 89.1951 42
v 52.8277 90.0819 42
v 52.8252 90.0174 42
v 52.8232 89.1232 42
v 52.823 89.9527 42
v 52.8211 89.888 42
v 53.4742 93.2668 42
v 53.4589 93.2335 42
v 52.8195 89.8231 42
v 53.4437 93.1995 42
v 53.4286 93.1649 42
v 53.4135 93.1296 42
v 52.8542 88.5548 42
v 52.8598 88.485 42
v 53.9257 93.9668 42
v 53.9102 93.9505 42
v 53.8948 93.9337 42
v 53.8793 93.9164 42
v 53.8638 93.8986 42
v 53.8482 93.8803 42
v 52.9177 87.9406 42
v 52.9265 87.8747 42
v 53.7858 93.8016 42
v 52.9356 87.8092 42
v 53.2678 92.7405 42
v 53.095 86.9571 42
v 53.6135 93.5378 42
v 53.5979 93.5102 42
v 53.4895 93.2995 42
v 53.122 92.2375 42
v 53.3985 93.0936 42
v 53.1599 92.3822 42
v 53.2384 86.434 42
v 53.2538 86.386 42
v 53.0626 91.9841 42
v 53.2693 86.3388 42
v 52.9861 87.4905 42
v 53.3654 86.0726 42
v 53.3819 86.0311 42
v 53.0318 87.2466 42
v 52.91 91.0829 42
v 53.5511 85.6604 42
v 53.0976 83.4901 40
v 53.1201 83.4591 40
v 51.706 88.5149 40
v 51.7111 88.433 40
v 53.0083 95.4638 40
v 52.9882 95.4328 40
v 51.7969 91.5711 40
v 51.7885 91.5007 40
v 52.3026 93.9315 40
v 52.2856 93.8789 40
v 53.7726 96.2619 40
v 53.7529 96.2494 40
v 52.2334 85.3726 40
v 52.2518 85.3122 40
v 53.1426 83.4288 40
v 51.7166 88.3514 40
v 51.7803 91.4299 40
v 52.968 95.4013 40
v 52.2704 85.2526 40
v 51.7225 88.2701 40
v 53.1652 83.3991 40
v 52.2687 93.8257 40
v 53.7332 96.2364 40
v 51.7288 88.189 40
v 53.1877 83.37 40
v 53.7134 96.2231 40
v 52.2892 85.1936 40
v 51.7724 91.3588 40
v 52.2519 93.772 40
v 52.9479 95.3693 40
v 53.2102 83.3416 40
v 51.7354 88.1082 40
v 53.6936 96.2093 40
v 51.7648 91.2874 40
v 52.3082 85.1354 40
v 52.2353 93.7177 40
v 52.2189 93.6628 40
v 52.9277 95.3366 40
v 54.4466 96.4699 40
v 54.4276 96.4698 40
v 51.7424 88.0276 40
v 53.2328 83.3139 40
v 53.6738 96.1951 40
v 52.3274 85.0779 40
v 51.7575 91.2158 40
v 53.2553 83.2868 40
v 51.7498 87.9474 40
v 52.9077 95.3034 40
v 51.7505 91.1439 40
v 53.6539 96.1805 40
v 52.3467 85.021 40
v 52.2027 93.6074 40
v 54.4085 96.4693 40
v 53.2778 83.2603 40
v 51.7576 87.8675 40
v 52.1866 93.5514 40
v 52.8876 95.2697 40
v 54.3894 96.4685 40
v 53.634 96.1654 40
v 51.7438 91.0717 40
v 52.3663 84.965 40
v 53.3003 83.2344 40
v 51.7657 87.7879 40
v 54.3704 96.4673 40
v 52.1708 93.4948 40
v 52.8676 95.2353 40
v 53.6141 96.1499 40
v 52.386 84.9096 40
v 51.7374 90.9992 40
v 53.3228 83.2092 40
v 51.7742 87.7087 40
v 54.3514 96.4659 40
v 52.8477 95.2004 40
v 52.1551 93.4378 40
v 51.7313 90.9266 40
v 53.5942 96.134 40
v 52.4058 84.855 40
v 53.3452 83.1845 40
v 52.4259 84.801 40
v 52.1396 93.3801 40
v 52.8278 95.1649 40
v 54.3324 96.4641 40
v 53.3677 83.1605 40
v 51.7255 90.8537 40
v 51.783 87.6298 40
v 53.5742 96.1177 40
v 51.7923 87.5513 40
v 52.446 84.7478 40
v 51.7201 90.7806 40
v 52.1242 93.322 40
v 52.8079 95.1289 40
v 53.3901 83.1371 40
v 54.3133 96.4619 40
v 53.5542 96.1009 40
v 51.8018 87.4732 40
v 52.4664 84.6954 40
v 51.7149 90.7073 40
v 53.4125 83.1143 40
v 52.7881 95.0922 40
v 52.1091 93.2633 40
v 54.2943 96.4595 40
v 51.8118 87.3955 40
v 53.5342 96.0836 40
v 52.4868 84.6437 40
v 51.71 90.6338 40
v 53.4349 83.0921 40
v 52.7683 95.055 40
v 52.0942 93.204 40
v 53.5141 96.0659 40
v 51.822 87.3183 40
v 54.2752 96.4567 40
v 52.5074 84.5927 40
v 53.4572 83.0704 40
v 54.2562 96.4536 40
v 52.7486 95.0171 40
v 51.7055 90.5601 40
v 52.5282 84.5424 40
v 51.7013 90.4862 40
v 53.494 96.0478 40
v 53.4796 83.0494 40
v 51.8326 87.2414 40
v 52.0795 93.1443 40
v 52.729 94.9787 40
v 54.2371 96.4501 40
v 52.065 93.084 40
v 53.4739 96.0291 40
v 52.549 84.4929 40
v 53.5019 83.0289 40
v 51.8436 87.165 40
v 51.6974 90.4122 40
v 52.7094 94.9397 40
v 53.5241 83.009 40
v 54.218 96.4463 40
v 52.0507 93.0232 40
v 52.57 84.4441 40
v 53.4538 96.0101 40
v 51.8549 87.0891 40
v 52.6899 94.9001 40
v 51.6938 90.3381 40
v 53.5464 82.9896 40
v 52.5911 84.3961 40
v 54.1989 96.4422 40
v 53.4336 95.9905 40
v 52.0366 92.962 40
v 52.6705 94.8599 40
v 51.8665 87.0136 40
v 53.4135 95.9705 40
v 53.5686 82.9708 40
v 51.6905 90.2638 40
v 52.6123 84.3487 40
v 54.1798 96.4378 40
v 54.1606 96.4329 40
v 52.6511 94.8191 40
v 52.0228 92.9002 40
v 51.8785 86.9387 40
v 53.5907 82.9526 40
v 51.6875 90.1894 40
v 52.6337 84.3022 40
v 54.1415 96.4278 40
v 53.3933 95.95 40
v 52.6319 94.7778 40
v 53.6129 82.9349 40
v 51.6849 90.1149 40
v 51.8908 86.8642 40
v 52.0091 92.8379 40
v 53.6349 82.9177 40
v 53.3731 95.929 40
v 52.6551 84.2563 40
v 51.6826 90.0403 40
v 52.6127 94.7358 40
v 51.9034 86.7902 40
v 53.657 82.901 40
v 52.6766 84.2112 40
v 51.9957 92.7751 40
v 54.1223 96.4223 40
v 54.1031 96.4165 40
v 53.679 82.8849 40
v 53.3529 95.9075 40
v 52.5936 94.6932 40
v 51.9163 86.7168 40
v 51.6806 89.9657 40
v 52.6982 84.1668 40
v 51.9825 92.7119 40
v 53.3326 95.8855 40
v 51.6789 89.8909 40
v 53.701 82.8693 40
v 54.0839 96.4103 40
v 51.9295 86.6439 40
v 52.5745 94.65 40
v 52.7199 84.1231 40
v 53.7229 82.8543 40
v 54.0646 96.4038 40
v 51.9696 92.6482 40
v 51.943 86.5715 40
v 53.3124 95.8631 40
v 52.7417 84.0802 40
v 51.6776 89.8161 40
v 52.5556 94.6063 40
v 51.9569 92.584 40
v 53.7448 82.8397 40
v 53.2921 95.8401 40
v 51.9569 86.4997 40
v 51.6766 89.7412 40
v 53.7667 82.8256 40
v 51.9444 92.5194 40
v 52.7635 84.038 40
v 52.5368 94.5619 40
v 54.0453 96.3969 40
v 51.971 86.4284 40
v 52.7855 83.9965 40
v 53.7885 82.8121 40
v 51.6759 89.6664 40
v 54.026 96.3897 40
v 53.2718 95.8166 40
v 52.5181 94.517 40
v 51.9322 92.4543 40
v 51.9854 86.3578 40
v 54.0067 96.3821 40
v 52.0001 86.2877 40
v 53.2516 95.7926 40
v 52.8075 83.9558 40
v 53.8103 82.799 40
v 53.832 82.7864 40
v 51.6755 89.5915 40
v 52.4994 94.4714 40
v 53.8537 82.7743 40
v 51.9202 92.3888 40
v 53.9874 96.3741 40
v 52.8295 83.9157 40
v 53.2313 95.7681 40
v 51.6754 89.5082 40
v 53.8754 82.7626 40
v 51.9085 92.3228 40
v 51.6758 89.425 40
v 52.4809 94.4253 40
v 52.0151 86.2182 40
v 52.0304 86.1493 40
v 52.8516 83.8764 40
v 53.968 96.3658 40
v 53.897 82.7515 40
v 53.211 95.7431 40
v 53.9186 82.7408 40
v 52.4625 94.3786 40
v 52.8738 83.8378 40
v 53.9486 96.3571 40
v 51.6766 89.3418 40
v 51.897 92.2564 40
v 52.046 86.081 40
v 53.9401 82.7306 40
v 52.0618 86.0133 40
v 53.1907 95.7176 40
v 52.896 83.7999 40
v 52.4442 94.3312 40
v 51.8858 92.1896 40
v 53.9616 82.7208 40
v 51.6777 89.2586 40
v 51.8748 92.1224 40
v 53.9831 82.7115 40
v 53.9292 96.3481 40
v 53.1704 95.6915 40
v 52.0778 85.9463 40
v 52.9183 83.7627 40
v 52.4261 94.2833 40
v 51.6793 89.1755 40
v 53.9097 96.3387 40
v 52.9406 83.7262 40
v 53.1501 95.665 40
v 54.0045 82.7026 40
v 54.0259 82.6942 40
v 52.0942 85.8799 40
v 51.8641 92.0548 40
v 54.0472 82.6862 40
v 51.6812 89.0925 40
v 52.408 94.2348 40
v 53.8902 96.3289 40
v 54.0686 82.6786 40
v 53.1298 95.6378 40
v 52.1108 85.8142 40
v 52.9629 83.6904 40
v 51.6836 89.0096 40
v 51.8537 91.9868 40
v 54.0899 82.6715 40
v 53.8707 96.3187 40
v 52.3901 94.1857 40
v 54.1111 82.6648 40
v 53.1095 95.6102 40
v 51.6864 88.9268 40
v 52.9853 83.6553 40
v 52.3723 94.136 40
v 51.8436 91.9184 40
v 54.1323 82.6586 40
v 53.0077 83.6209 40
v 54.1535 82.6527 40
v 52.1276 85.7491 40
v 53.8511 96.3081 40
v 52.1447 85.6846 40
v 54.1747 82.6473 40
v 54.1959 82.6423 40
v 51.8337 91.8497 40
v 51.6895 88.8441 40
v 53.0302 83.5872 40
v 53.0893 95.582 40
v 54.217 82.6377 40
v 54.2381 82.6335 40
v 53.8316 96.2971 40
v 52.3547 94.0858 40
v 52.162 85.6209 40
v 54.2592 82.6297 40
v 51.693 88.7615 40
v 53.069 95.5533 40
v 51.8241 91.7806 40
v 54.2802 82.6264 40
v 52.3372 94.0349 40
v 52.1795 85.5578 40
v 53.8119 96.2858 40
v 54.3013 82.6234 40
v 53.0526 83.5542 40
v 54.3223 82.6208 40
v 51.697 88.6791 40
v 54.3433 82.6187 40
v 54.3643 82.6169 40
v 51.8147 91.7111 40
v 53.0751 83.5218 40
v 54.3853 82.6155 40
v 53.0488 95.524 40
v 54.4063 82.6146 40
v 52.1972 85.4953 40
v 54.4266 82.614 40
v 54.4466 82.6139 40
v 51.7013 88.5969 40
v 53.0285 95.4942 40
v 53.7923 96.2741 40
v 52.3198 93.9835 40
v 51.8057 91.6413 40
v 52.2152 85.4336 40
v 57.0875 87.4425 40
v 57.0963 87.5127 40
v 56.678 93.6502 40
v 56.6598 93.7112 40
v 57.1872 90.5689 40
v 57.1821 90.6508 40
v 55.7731 95.6247 40
v 55.7506 95.655 40
v 55.1206 82.8219 40
v 55.1403 82.8344 40
v 57.1048 87.5831 40
v 56.5906 85.1523 40
v 56.6077 85.2049 40
v 56.6414 93.7716 40
v 55.8849 83.62 40
v 55.9051 83.651 40
v 57.1766 90.7324 40
v 55.7281 95.6847 40
v 55.9253 83.6825 40
v 57.113 87.6539 40
v 55.1601 82.8474 40
v 56.6246 85.2581 40
v 56.6228 93.8312 40
v 57.1707 90.8137 40
v 55.7056 95.7138 40
v 57.1645 90.8948 40
v 55.1798 82.8608 40
v 56.604 93.8902 40
v 57.1208 87.725 40
v 56.6413 85.3118 40
v 55.9454 83.7145 40
v 55.1996 82.8745 40
v 55.683 95.7422 40
v 56.5851 93.9484 40
v 57.1579 90.9756 40
v 57.1284 87.7964 40
v 56.6579 85.3661 40
v 56.6743 85.421 40
v 54.4656 82.614 40
v 55.9655 83.7472 40
v 55.6605 95.7699 40
v 57.1508 91.0562 40
v 55.2195 82.8887 40
v 56.5659 94.0059 40
v 57.1357 87.868 40
v 55.9856 83.7804 40
v 57.1434 91.1364 40
v 55.638 95.7971 40
v 55.2393 82.9033 40
v 56.5465 94.0628 40
v 57.1427 87.9399 40
v 54.4848 82.6145 40
v 56.6905 85.4764 40
v 55.6155 95.8235 40
v 57.1357 91.2163 40
v 56.7066 85.5324 40
v 56.0056 83.8141 40
v 54.5038 82.6153 40
v 55.2592 82.9184 40
v 56.527 94.1188 40
v 57.1494 88.0121 40
v 55.593 95.8494 40
v 57.1276 91.2959 40
v 56.0256 83.8485 40
v 54.5228 82.6165 40
v 55.2791 82.9339 40
v 56.5073 94.1742 40
v 57.1558 88.0846 40
v 55.5705 95.8746 40
v 56.7225 85.589 40
v 54.5418 82.6179 40
v 57.1191 91.3751 40
v 57.1619 88.1572 40
v 56.0456 83.8834 40
v 56.7382 85.646 40
v 55.2991 82.9498 40
v 56.4874 94.2289 40
v 55.548 95.8993 40
v 57.1102 91.454 40
v 57.1677 88.2301 40
v 55.5256 95.9233 40
v 56.0655 83.9189 40
v 56.7537 85.7037 40
v 54.5609 82.6197 40
v 55.3191 82.9661 40
v 56.4674 94.2828 40
v 57.101 91.5325 40
v 56.0853 83.9549 40
v 56.4472 94.336 40
v 56.769 85.7618 40
v 55.5032 95.9467 40
v 55.3391 82.9829 40
v 57.1732 88.3032 40
v 54.5799 82.6219 40
v 57.0914 91.6106 40
v 54.599 82.6243 40
v 56.4269 94.3884 40
v 57.1784 88.3765 40
v 55.4807 95.9695 40
v 56.1052 83.9916 40
v 55.3591 83.0002 40
v 56.7841 85.8205 40
v 57.0815 91.6883 40
v 56.4064 94.4401 40
v 55.4584 95.9917 40
v 56.1249 84.0289 40
v 57.1832 88.45 40
v 56.799 85.8798 40
v 54.618 82.6271 40
v 55.3791 83.0179 40
v 56.3858 94.4911 40
v 57.0712 91.7655 40
v 55.436 96.0134 40
v 56.1446 84.0667 40
v 56.8138 85.9395 40
v 54.6371 82.6302 40
v 57.1878 88.5237 40
v 55.3992 83.036 40
v 56.3651 94.5414 40
v 55.4137 96.0344 40
v 57.0606 91.8424 40
v 56.1642 84.1051 40
v 54.6562 82.6337 40
v 57.192 88.5976 40
v 56.8283 85.9998 40
v 55.4193 83.0547 40
v 55.3914 96.0549 40
v 56.3442 94.5909 40
v 57.0496 91.9188 40
v 56.1838 84.1441 40
v 57.1959 88.6716 40
v 55.3691 96.0748 40
v 54.6753 82.6375 40
v 56.2033 84.1837 40
v 56.8426 86.0606 40
v 56.3232 94.6397 40
v 55.4395 83.0737 40
v 57.0384 91.9947 40
v 57.1995 88.7457 40
v 55.3469 96.0942 40
v 54.6944 82.6416 40
v 56.3021 94.6877 40
v 55.4596 83.0933 40
v 56.8566 86.1218 40
v 57.2028 88.82 40
v 57.0267 92.0702 40
v 55.3247 96.113 40
v 54.7135 82.6461 40
v 56.2228 84.2239 40
v 56.2809 94.7351 40
v 54.7326 82.6509 40
v 56.2421 84.2647 40
v 55.3025 96.1312 40
v 55.4798 83.1133 40
v 56.8705 86.1836 40
v 57.0148 92.1451 40
v 57.2057 88.8944 40
v 56.2596 94.7816 40
v 55.5 83.1338 40
v 55.2804 96.1489 40
v 56.2614 84.306 40
v 57.0025 92.2196 40
v 57.2083 88.9689 40
v 56.8841 86.2459 40
v 55.2583 96.1661 40
v 54.7518 82.656 40
v 56.2382 94.8275 40
v 54.771 82.6615 40
v 56.9899 92.2936 40
v 55.5202 83.1548 40
v 56.8975 86.3087 40
v 57.2107 89.0435 40
v 55.2362 96.1828 40
v 56.2167 94.8726 40
v 55.5404 83.1763 40
v 56.2806 84.348 40
v 55.2142 96.1989 40
v 56.2997 84.3906 40
v 56.977 92.367 40
v 57.2127 89.1181 40
v 54.7902 82.6673 40
v 56.195 94.917 40
v 56.9107 86.3719 40
v 55.1922 96.2145 40
v 54.8094 82.6735 40
v 56.9637 92.4399 40
v 57.2143 89.1929 40
v 56.3187 84.4338 40
v 56.9237 86.4356 40
v 55.5606 83.1983 40
v 56.1734 94.9607 40
v 55.1703 96.2295 40
v 55.5809 83.2207 40
v 54.8286 82.68 40
v 56.9502 92.5123 40
v 57.2157 89.2677 40
v 56.1516 95.0036 40
v 56.3376 84.4775 40
v 55.1484 96.2441 40
v 56.9364 86.4998 40
v 54.8479 82.6869 40
v 56.9364 92.5841 40
v 57.2167 89.3425 40
v 55.1266 96.2582 40
v 56.9489 86.5644 40
v 56.3565 84.5219 40
v 55.6011 83.2437 40
v 56.1297 95.0458 40
v 56.1078 95.0873 40
v 54.8672 82.6941 40
v 56.9222 92.6554 40
v 55.1047 96.2717 40
v 57.2174 89.4174 40
v 55.6214 83.2672 40
v 56.9611 86.6295 40
v 56.3752 84.5668 40
v 55.083 96.2848 40
v 56.9078 92.726 40
v 54.8865 82.7017 40
v 56.8931 92.7961 40
v 56.0858 95.128 40
v 55.0612 96.2974 40
v 57.2178 89.4923 40
v 55.6417 83.2912 40
v 56.9731 86.695 40
v 56.3938 84.6124 40
v 55.0395 96.3095 40
v 56.8781 92.8656 40
v 55.662 83.3157 40
v 56.0637 95.1681 40
v 54.9059 82.7097 40
v 57.2178 89.5756 40
v 55.0179 96.3211 40
v 56.0416 95.2074 40
v 56.4123 84.6585 40
v 54.9253 82.718 40
v 56.9848 86.761 40
v 54.9963 96.3323 40
v 57.2174 89.6588 40
v 56.0194 95.246 40
v 56.8628 92.9345 40
v 54.9747 96.343 40
v 55.6823 83.3407 40
v 55.7026 83.3662 40
v 54.9447 82.7267 40
v 57.2167 89.742 40
v 56.9963 86.8274 40
v 56.8473 93.0028 40
v 54.9531 96.3532 40
v 56.4307 84.7052 40
v 57.0075 86.8942 40
v 55.9972 95.2839 40
v 56.8315 93.0705 40
v 56.449 84.7525 40
v 54.9641 82.7357 40
v 57.2155 89.8252 40
v 54.9316 96.363 40
v 55.975 95.3211 40
v 54.9102 96.3723 40
v 56.8154 93.1375 40
v 56.4672 84.8005 40
v 55.7228 83.3922 40
v 57.214 89.9083 40
v 57.0184 86.9614 40
v 54.9836 82.7451 40
v 54.8888 96.3812 40
v 55.7431 83.4188 40
v 54.8674 96.3896 40
v 56.7991 93.2039 40
v 57.0291 87.029 40
v 55.9526 95.3576 40
v 57.212 89.9913 40
v 54.846 96.3976 40
v 56.4852 84.849 40
v 55.003 82.7549 40
v 55.9303 95.3934 40
v 54.8247 96.4052 40
v 55.7634 83.446 40
v 56.7825 93.2696 40
v 57.0395 87.097 40
v 57.2096 90.0742 40
v 54.8034 96.4123 40
v 55.9079 95.4285 40
v 54.7821 96.419 40
v 56.5031 84.8981 40
v 55.0226 82.7651 40
v 56.7657 93.3347 40
v 57.0497 87.1654 40
v 54.7609 96.4252 40
v 57.2069 90.157 40
v 56.5209 84.9478 40
v 55.7837 83.4736 40
v 54.7397 96.4311 40
v 56.7486 93.3992 40
v 55.804 83.5018 40
v 54.7185 96.4365 40
v 55.8855 95.4629 40
v 57.0596 87.2341 40
v 57.2038 90.2397 40
v 55.0421 82.7757 40
v 54.6974 96.4415 40
v 54.6762 96.4461 40
v 56.7313 93.4629 40
v 55.0617 82.7867 40
v 56.5386 84.998 40
v 54.6551 96.4503 40
v 54.6341 96.4541 40
v 55.8631 95.4966 40
v 55.8242 83.5305 40
v 57.2002 90.3223 40
v 56.5561 85.0489 40
v 54.613 96.4574 40
v 55.8406 95.5296 40
v 57.0692 87.3032 40
v 56.7138 93.526 40
v 54.592 96.4604 40
v 55.8445 83.5598 40
v 54.5709 96.463 40
v 54.5499 96.4651 40
v 57.1963 90.4047 40
v 54.5289 96.4669 40
v 55.0813 82.798 40
v 57.0785 87.3727 40
v 55.8181 95.562 40
v 54.5079 96.4682 40
v 54.4869 96.4692 40
v 56.696 93.5885 40
v 54.4667 96.4698 40
v 55.101 82.8097 40
v 57.1919 90.4869 40
v 56.5734 85.1003 40
v 55.7956 95.5937 40
v 55.8647 83.5896 40
v 58.9292 80.2338 40
v 58.6942 99.7366 40
v 58.5582 79.9805 40
v 58.2847 99.8665 40
v 59.1627 80.6628 40
v 59.1796 80.7415 40
v 59.1843 80.7714 40
v 58.3347 79.9218 40
v 58.2847 79.916 40
v 58.2546 79.9137 40
v 58.5488 99.8056 40
v 58.9624 99.5108 40
v 58.4917 99.8253 40
v 59.1901 98.9611 40
v 59.1843 80.7714 0
v 59.1627 80.6628 0
v 58.4821 79.9542 0
v 58.3347 79.9218 0
v 58.2847 79.916 0
v 58.2546 79.9137 0
v 59.0394 80.3774 0
v 58.2847 99.8665 0
v 59.1061 99.281 0
v 58.5488 99.8056 0
v 59.1901 98.9611 0
v 58.6942 99.7366 0
v 59.0056 99.4551 0
v 102.414 61.4964 9
v 102.388 61.5015 9
v 98.4003 72.3496 9
v 98.4166 72.37 9
v 98.9388 63.3367 9
v 98.9203 63.3551 9
v 97.0617 66.8485 9
v 97.0568 66.8741 9
v 98.9019 63.3736 9
v 98.4329 72.3903 9
v 102.439 61.4915 9
v 98.8836 63.3921 9
v 98.4492 72.4106 9
v 98.9574 63.3183 9
v 97.0519 66.8997 9
v 98.4657 72.4308 9
v 98.976 63.3001 9
v 102.465 61.4867 9
v 98.4823 72.451 9
v 98.8653 63.4107 9
v 97.0472 66.9254 9
v 98.4989 72.4711 9
v 98.8471 63.4294 9
v 102.491 61.4819 9
v 98.9946 63.2819 9
v 97.0425 66.951 9
v 98.5156 72.4911 9
v 98.829 63.4482 9
v 102.516 61.4773 9
v 98.5323 72.5111 9
v 99.0134 63.2638 9
v 98.811 63.467 9
v 97.038 66.9767 9
v 98.5492 72.531 9
v 102.542 61.4727 9
v 99.0322 63.2457 9
v 98.5661 72.5508 9
v 98.793 63.4859 9
v 97.0335 67.0024 9
v 98.5831 72.5706 9
v 102.568 61.4683 9
v 98.6002 72.5903 9
v 99.0511 63.2278 9
v 98.6174 72.6099 9
v 97.0292 67.0281 9
v 98.7751 63.5048 9
v 102.593 61.4639 9
v 98.6346 72.6295 9
v 99.0701 63.2099 9
v 98.6519 72.649 9
v 97.025 67.0538 9
v 98.7573 63.5239 9
v 99.0891 63.192 9
v 102.619 61.4597 9
v 98.6693 72.6684 9
v 98.7395 63.543 9
v 98.6867 72.6878 9
v 97.0208 67.0796 9
v 98.7043 72.7071 9
v 99.1082 63.1743 9
v 102.645 61.4556 9
v 98.7219 63.5621 9
v 98.7219 72.7263 9
v 97.0168 67.1053 9
v 98.7395 72.7455 9
v 99.1274 63.1566 9
v 102.671 61.4515 9
v 98.7573 72.7646 9
v 98.7043 63.5814 9
v 97.0128 67.1311 9
v 99.1466 63.139 9
v 98.7751 72.7836 9
v 98.6867 63.6007 9
v 102.696 61.4476 9
v 98.793 72.8026 9
v 99.1659 63.1215 9
v 97.009 67.1569 9
v 98.811 72.8215 9
v 98.6693 63.62 9
v 102.722 61.4437 9
v 99.1853 63.104 9
v 97.0052 67.1827 9
v 98.829 72.8403 9
v 98.8471 72.8591 9
v 98.6519 63.6395 9
v 98.8653 72.8778 9
v 102.748 61.4399 9
v 98.8836 72.8964 9
v 99.2047 63.0866 9
v 97.0015 67.2085 9
v 98.6346 63.659 9
v 98.9019 72.9149 9
v 102.774 61.4363 9
v 99.2242 63.0693 9
v 96.998 67.2344 9
v 98.9203 72.9334 9
v 98.6174 63.6786 9
v 102.8 61.4327 9
v 98.9388 72.9518 9
v 99.2438 63.0521 9
v 98.9574 72.9701 9
v 98.6002 63.6982 9
v 96.9945 67.2602 9
v 99.2635 63.035 9
v 98.976 72.9884 9
v 102.825 61.4293 9
v 98.5831 63.7179 9
v 98.9946 73.0066 9
v 96.9912 67.2861 9
v 102.851 61.4259 9
v 99.0134 73.0247 9
v 99.2832 63.0179 9
v 98.5661 63.7377 9
v 99.0322 73.0427 9
v 96.9879 67.3119 9
v 99.3029 63.0009 9
v 99.0511 73.0607 9
v 102.877 61.4227 9
v 98.5492 63.7575 9
v 96.9848 67.3378 9
v 102.903 61.4195 9
v 99.3228 62.9839 9
v 99.0701 73.0786 9
v 98.5323 63.7774 9
v 96.9817 67.3637 9
v 99.3427 62.9671 9
v 102.929 61.4165 9
v 99.0891 73.0964 9
v 99.1082 73.1142 9
v 98.5156 63.7974 9
v 96.9788 67.3896 9
v 99.1274 73.1319 9
v 99.3626 62.9503 9
v 102.955 61.4135 9
v 99.1466 73.1495 9
v 98.4989 63.8174 9
v 99.1659 73.167 9
v 96.9759 67.4155 9
v 99.3826 62.9336 9
v 102.981 61.4107 9
v 103.657 61.3715 9
v 103.631 61.3718 9
v 103.683 61.3714 9
v 98.4823 63.8375 9
v 99.1853 73.1844 9
v 99.4027 62.917 9
v 96.9732 67.4415 9
v 99.2047 73.2018 9
v 103.007 61.4079 9
v 98.4657 63.8576 9
v 99.2242 73.2191 9
v 99.4229 62.9005 9
v 96.9705 67.4674 9
v 99.2438 73.2364 9
v 103.033 61.4052 9
v 99.2635 73.2535 9
v 98.4492 63.8779 9
v 96.9679 67.4934 9
v 99.4431 62.884 9
v 103.059 61.4027 9
v 98.4329 63.8981 9
v 99.2832 73.2706 9
v 99.3029 73.2876 9
v 99.4634 62.8676 9
v 96.9655 67.5193 9
v 99.3228 73.3045 9
v 98.4166 63.9185 9
v 99.4838 62.8513 9
v 99.3427 73.3214 9
v 98.4003 63.9389 9
v 103.085 61.4002 9
v 96.9631 67.5453 9
v 99.3626 73.3381 9
v 99.5042 62.8351 9
v 99.3826 73.3548 9
v 103.111 61.3979 9
v 98.3842 63.9594 9
v 96.9609 67.5713 9
v 99.4027 73.3715 9
v 103.137 61.3956 9
v 99.5246 62.8189 9
v 99.4229 73.388 9
v 96.9587 67.5972 9
v 98.3681 63.9799 9
v 99.4431 73.4045 9
v 99.5452 62.8028 9
v 103.162 61.3935 9
v 98.3521 64.0005 9
v 99.4634 73.4209 9
v 96.9567 67.6232 9
v 99.4838 73.4372 9
v 99.5658 62.7869 9
v 103.188 61.3914 9
v 96.9547 67.6492 9
v 98.3362 64.0212 9
v 99.5042 73.4534 9
v 99.5864 62.7709 9
v 103.214 61.3895 9
v 98.3204 64.0419 9
v 99.5246 73.4695 9
v 96.9529 67.6752 9
v 99.6071 62.7551 9
v 99.5452 73.4856 9
v 103.24 61.3876 9
v 98.3046 64.0627 9
v 99.5658 73.5016 9
v 96.9511 67.7013 9
v 99.5864 73.5175 9
v 99.6279 62.7394 9
v 103.267 61.3858 9
v 99.6071 73.5334 9
v 98.2889 64.0835 9
v 96.9494 67.7273 9
v 99.6279 73.5491 9
v 99.6488 62.7237 9
v 98.2733 64.1044 9
v 103.293 61.3842 9
v 99.6488 73.5648 9
v 103.319 61.3826 9
v 99.6696 62.7081 9
v 99.6696 73.5804 9
v 98.2578 64.1254 9
v 99.6906 62.6926 9
v 103.345 61.3812 9
v 99.6906 73.5959 9
v 99.7116 73.6113 9
v 98.2424 64.1464 9
v 99.7327 73.6267 9
v 103.371 61.3798 9
v 99.7116 62.6771 9
v 98.227 64.1674 9
v 99.7538 73.6419 9
v 99.775 73.6571 9
v 103.397 61.3786 9
v 99.7327 62.6618 9
v 99.7963 73.6722 9
v 98.2118 64.1886 9
v 99.7538 62.6465 9
v 103.423 61.3774 9
v 99.8176 73.6873 9
v 98.1966 64.2098 9
v 99.839 73.7022 9
v 99.775 62.6313 9
v 103.449 61.3764 9
v 99.8604 73.7171 9
v 98.1815 64.231 9
v 99.8819 73.7318 9
v 99.7963 62.6162 9
v 103.475 61.3754 9
v 98.1665 64.2523 9
v 99.9034 73.7465 9
v 99.925 73.7612 9
v 99.8176 62.6012 9
v 103.501 61.3746 9
v 99.9467 73.7757 9
v 98.1515 64.2737 9
v 99.9684 73.7901 9
v 99.839 62.5863 9
v 99.9901 73.8045 9
v 103.527 61.3738 9
v 98.1366 64.2951 9
v 99.8604 62.5714 9
v 100.012 73.8188 9
v 103.553 61.3732 9
v 98.1219 64.3166 9
v 100.034 73.833 9
v 99.8819 62.5566 9
v 100.056 73.8471 9
v 98.1072 64.3382 9
v 103.579 61.3726 9
v 99.9034 62.5419 9
v 100.078 73.8611 9
v 103.605 61.3721 9
v 98.0926 64.3598 9
v 100.1 73.875 9
v 99.925 62.5273 9
v 100.122 73.8889 9
v 98.078 64.3814 9
v 100.144 73.9027 9
v 99.9467 62.5128 9
v 100.166 73.9163 9
v 98.0636 64.4031 9
v 99.9684 62.4983 9
v 100.188 73.9299 9
v 98.0492 64.4249 9
v 99.9901 62.484 9
v 100.211 73.9435 9
v 98.035 64.4467 9
v 100.233 73.9569 9
v 100.012 62.4697 9
v 100.256 73.9702 9
v 98.0208 64.4686 9
v 100.278 73.9835 9
v 100.034 62.4555 9
v 100.3 73.9966 9
v 98.0066 64.4905 9
v 100.323 74.0097 9
v 100.056 62.4414 9
v 100.346 74.0227 9
v 97.9926 64.5125 9
v 100.368 74.0356 9
v 100.078 62.4274 9
v 97.9787 64.5345 9
v 100.391 74.0484 9
v 100.1 62.4134 9
v 100.414 74.0612 9
v 97.9648 64.5566 9
v 100.437 74.0738 9
v 100.122 62.3996 9
v 100.459 74.0864 9
v 97.9511 64.5788 9
v 100.482 74.0989 9
v 100.144 62.3858 9
v 100.505 74.1112 9
v 97.9374 64.601 9
v 100.528 74.1235 9
v 100.166 62.3721 9
v 100.551 74.1357 9
v 97.9238 64.6232 9
v 100.574 74.1478 9
v 100.188 62.3585 9
v 100.598 74.1599 9
v 97.9103 64.6455 9
v 100.621 74.1718 9
v 100.211 62.345 9
v 97.8968 64.6679 9
v 100.644 74.1836 9
v 100.233 62.3316 9
v 100.667 74.1954 9
v 97.8835 64.6903 9
v 100.691 74.2071 9
v 100.256 62.3182 9
v 100.714 74.2186 9
v 97.8702 64.7127 9
v 100.278 62.305 9
v 100.737 74.2301 9
v 97.8571 64.7352 9
v 100.761 74.2415 9
v 100.3 62.2918 9
v 100.784 74.2528 9
v 97.844 64.7578 9
v 100.323 62.2787 9
v 100.808 74.2641 9
v 97.831 64.7804 9
v 100.831 74.2752 9
v 100.346 62.2657 9
v 100.855 74.2862 9
v 97.8181 64.8031 9
v 100.879 74.2972 9
v 100.368 62.2528 9
v 100.902 74.308 9
v 97.8053 64.8258 9
v 100.391 62.24 9
v 100.926 74.3188 9
v 97.7925 64.8485 9
v 100.95 74.3295 9
v 100.414 62.2273 9
v 97.7799 64.8713 9
v 100.974 74.34 9
v 100.437 62.2146 9
v 100.998 74.3505 9
v 97.7673 64.8942 9
v 101.022 74.3609 9
v 100.459 62.2021 9
v 97.7549 64.9171 9
v 101.046 74.3712 9
v 101.07 74.3814 9
v 100.482 62.1896 9
v 97.7425 64.94 9
v 101.094 74.3915 9
v 101.118 74.4016 9
v 100.505 62.1772 9
v 97.7302 64.963 9
v 101.142 74.4115 9
v 100.528 62.1649 9
v 101.166 74.4213 9
v 97.718 64.9861 9
v 101.19 74.4311 9
v 100.551 62.1527 9
v 101.214 74.4407 9
v 97.7059 65.0092 9
v 100.574 62.1406 9
v 101.239 74.4503 9
v 101.263 74.4598 9
v 97.6939 65.0323 9
v 101.287 74.4691 9
v 100.598 62.1286 9
v 97.6819 65.0555 9
v 101.312 74.4784 9
v 101.336 74.4876 9
v 100.621 62.1167 9
v 101.36 74.4967 9
v 97.6701 65.0787 9
v 100.644 62.1048 9
v 101.385 74.5057 9
v 101.409 74.5146 9
v 97.6583 65.102 9
v 101.434 74.5234 9
v 100.667 62.0931 9
v 97.6466 65.1253 9
v 101.458 74.5321 9
v 100.691 62.0814 9
v 101.483 74.5407 9
v 97.6351 65.1487 9
v 101.508 74.5492 9
v 100.714 62.0698 9
v 101.532 74.5577 9
v 97.6236 65.1721 9
v 101.557 74.566 9
v 100.737 62.0583 9
v 97.6122 65.1955 9
v 101.582 74.5743 9
v 100.761 62.0469 9
v 101.607 74.5824 9
v 97.6009 65.219 9
v 101.631 74.5904 9
v 100.784 62.0356 9
v 101.656 74.5984 9
v 97.5897 65.2426 9
v 101.681 74.6063 9
v 100.808 62.0244 9
v 101.706 74.614 9
v 97.5785 65.2661 9
v 101.731 74.6217 9
v 100.831 62.0133 9
v 101.756 74.6292 9
v 97.5675 65.2898 9
v 100.855 62.0022 9
v 101.781 74.6367 9
v 97.5566 65.3134 9
v 101.806 74.6441 9
v 100.879 61.9913 9
v 101.831 74.6514 9
v 97.5457 65.3371 9
v 101.856 74.6586 9
v 100.902 61.9804 9
v 101.881 74.6657 9
v 101.906 74.6726 9
v 97.5349 65.3609 9
v 100.926 61.9697 9
v 101.931 74.6795 9
v 97.5243 65.3847 9
v 100.95 61.959 9
v 101.957 74.6863 9
v 101.982 74.693 9
v 97.5137 65.4085 9
v 102.007 74.6996 9
v 100.974 61.9484 9
v 97.5032 65.4324 9
v 100.998 61.938 9
v 102.032 74.7061 9
v 102.057 74.7126 9
v 97.4928 65.4563 9
v 102.083 74.7189 9
v 101.022 61.9276 9
v 97.4825 65.4803 9
v 102.108 74.7251 9
v 102.133 74.7312 9
v 101.046 61.9173 9
v 97.4723 65.5043 9
v 102.159 74.7372 9
v 102.184 74.7431 9
v 101.07 61.907 9
v 102.21 74.749 9
v 97.4622 65.5283 9
v 101.094 61.8969 9
v 102.235 74.7547 9
v 97.4522 65.5524 9
v 102.261 74.7603 9
v 101.118 61.8869 9
v 102.286 74.7658 9
v 97.4422 65.5765 9
v 102.312 74.7713 9
v 101.142 61.877 9
v 102.337 74.7766 9
v 97.4324 65.6006 9
v 102.363 74.7818 9
v 101.166 61.8671 9
v 102.388 74.787 9
v 97.4226 65.6248 9
v 101.19 61.8574 9
v 97.413 65.649 9
v 102.414 74.792 9
v 101.214 61.8477 9
v 97.4034 65.6733 9
v 102.439 74.797 9
v 101.239 61.8382 9
v 102.465 74.8018 9
v 102.491 74.8065 9
v 97.394 65.6976 9
v 102.516 74.8112 9
v 101.263 61.8287 9
v 102.542 74.8157 9
v 97.3846 65.7219 9
v 101.287 61.8193 9
v 97.3753 65.7463 9
v 101.312 61.8101 9
v 97.3661 65.7707 9
v 101.336 61.8009 9
v 97.4622 70.7602 9
v 97.4723 70.7842 9
v 97.4522 70.7361 9
v 97.4422 70.712 9
v 97.4324 70.6878 9
v 97.4226 70.6637 9
v 97.413 70.6394 9
v 97.4034 70.6152 9
v 97.357 65.7951 9
v 97.394 70.5909 9
v 97.3846 70.5665 9
v 97.3753 70.5422 9
v 97.3661 70.5178 9
v 97.357 70.4933 9
v 101.36 61.7918 9
v 97.348 70.4689 9
v 97.3391 70.4444 9
v 97.3303 70.4198 9
v 97.3216 70.3952 9
v 97.313 70.3706 9
v 97.3045 70.346 9
v 97.296 70.3213 9
v 97.2877 70.2966 9
v 97.2795 70.2719 9
v 97.2713 70.2471 9
v 97.2633 70.2223 9
v 97.348 65.8196 9
v 97.2553 70.1975 9
v 97.2475 70.1726 9
v 97.2397 70.1477 9
v 97.232 70.1228 9
v 97.2245 70.0978 9
v 97.217 70.0728 9
v 101.385 61.7828 9
v 97.2096 70.0478 9
v 97.2023 70.0228 9
v 97.3391 65.8441 9
v 97.1951 69.9977 9
v 97.1881 69.9726 9
v 97.1811 69.9475 9
v 97.1742 69.9224 9
v 97.1674 69.8972 9
v 101.409 61.7739 9
v 97.1607 69.872 9
v 97.1541 69.8468 9
v 97.1476 69.8215 9
v 97.1412 69.7962 9
v 97.1349 69.7709 9
v 97.1286 69.7456 9
v 97.1225 69.7203 9
v 97.3303 65.8687 9
v 97.1165 69.6949 9
v 97.1106 69.6695 9
v 97.1048 69.6441 9
v 97.099 69.6186 9
v 97.0934 69.5932 9
v 97.0879 69.5677 9
v 97.0824 69.5422 9
v 97.0771 69.5167 9
v 97.0719 69.4911 9
v 101.434 61.7651 9
v 97.0667 69.4656 9
v 97.0617 69.44 9
v 97.0568 69.4144 9
v 97.0519 69.3888 9
v 97.3216 65.8932 9
v 97.0472 69.3631 9
v 97.0425 69.3374 9
v 97.038 69.3118 9
v 97.0335 69.2861 9
v 97.0292 69.2604 9
v 97.025 69.2346 9
v 101.458 61.7564 9
v 97.0208 69.2089 9
v 97.0168 69.1831 9
v 97.0128 69.1574 9
v 97.009 69.1316 9
v 97.0052 69.1058 9
v 97.0015 69.08 9
v 96.998 69.0541 9
v 97.313 65.9178 9
v 96.9945 69.0283 9
v 96.9912 69.0024 9
v 96.9879 68.9765 9
v 96.9848 68.9507 9
v 96.9817 68.9248 9
v 96.9788 68.8989 9
v 101.483 61.7477 9
v 96.9759 68.8729 9
v 96.9732 68.847 9
v 96.9705 68.8211 9
v 96.9679 68.7951 9
v 96.9655 68.7692 9
v 97.3045 65.9425 9
v 96.9631 68.7432 9
v 96.9609 68.7172 9
v 96.9587 68.6912 9
v 96.9567 68.6652 9
v 96.9547 68.6392 9
v 96.9529 68.6132 9
v 96.9511 68.5872 9
v 96.9494 68.5612 9
v 96.9479 68.5351 9
v 96.9464 68.5091 9
v 96.9451 68.4831 9
v 101.508 61.7392 9
v 96.9438 68.457 9
v 96.9427 68.431 9
v 96.9416 68.4049 9
v 96.9407 68.3789 9
v 96.9398 68.3528 9
v 96.9391 68.3267 9
v 96.9384 68.3007 9
v 96.9379 68.2746 9
v 96.9374 68.2485 9
v 96.9371 68.2225 9
v 97.296 65.9672 9
v 96.9368 68.1964 9
v 96.9366 68.1703 9
v 96.9366 68.1442 9
v 96.9366 68.1182 9
v 96.9368 68.0921 9
v 96.9371 68.066 9
v 96.9374 68.0399 9
v 101.532 61.7308 9
v 96.9379 68.0139 9
v 96.9384 67.9878 9
v 96.9391 67.9617 9
v 96.9398 67.9357 9
v 97.2877 65.9919 9
v 96.9407 67.9096 9
v 96.9416 67.8835 9
v 96.9427 67.8575 9
v 96.9438 67.8314 9
v 96.9451 67.8054 9
v 96.9464 67.7794 9
v 96.9479 67.7533 9
v 101.557 61.7224 9
v 97.2795 66.0166 9
v 97.4825 70.8082 9
v 101.582 61.7142 9
v 97.4928 70.8322 9
v 97.5032 70.8561 9
v 97.2713 66.0414 9
v 97.5137 70.8799 9
v 101.607 61.7061 9
v 97.2633 66.0662 9
v 97.5243 70.9038 9
v 101.631 61.698 9
v 97.5349 70.9276 9
v 97.2553 66.091 9
v 97.5457 70.9513 9
v 101.656 61.6901 9
v 97.5566 70.975 9
v 97.2475 66.1159 9
v 101.681 61.6822 9
v 97.5675 70.9987 9
v 97.2397 66.1408 9
v 97.5785 71.0223 9
v 97.5897 71.0459 9
v 97.6009 71.0694 9
v 101.706 61.6744 9
v 97.232 66.1657 9
v 101.731 61.6668 9
v 97.6122 71.0929 9
v 97.2245 66.1906 9
v 97.6236 71.1164 9
v 97.6351 71.1398 9
v 101.756 61.6592 9
v 97.6466 71.1632 9
v 97.217 66.2156 9
v 97.6583 71.1865 9
v 101.781 61.6517 9
v 97.6701 71.2098 9
v 97.2096 66.2406 9
v 97.6819 71.233 9
v 101.806 61.6444 9
v 97.6939 71.2562 9
v 97.2023 66.2657 9
v 101.831 61.6371 9
v 97.7059 71.2793 9
v 97.718 71.3024 9
v 97.7302 71.3254 9
v 97.1951 66.2907 9
v 97.7425 71.3484 9
v 101.856 61.6299 9
v 97.7549 71.3714 9
v 97.1881 66.3158 9
v 101.881 61.6228 9
v 103.683 74.9171 9
v 103.657 74.9169 9
v 103.631 74.9167 9
v 97.7673 71.3943 9
v 103.605 74.9163 9
v 103.579 74.9159 9
v 103.553 74.9153 9
v 103.527 74.9147 9
v 97.1811 66.341 9
v 103.501 74.9139 9
v 103.475 74.9131 9
v 103.449 74.9121 9
v 103.423 74.911 9
v 103.397 74.9099 9
v 97.7799 71.4171 9
v 101.906 61.6158 9
v 103.371 74.9086 9
v 103.345 74.9073 9
v 103.319 74.9058 9
v 103.293 74.9043 9
v 97.7925 71.44 9
v 103.267 74.9026 9
v 97.1742 66.3661 9
v 103.24 74.9009 9
v 103.214 74.899 9
v 103.188 74.8971 9
v 103.162 74.895 9
v 97.8053 71.4627 9
v 103.137 74.8928 9
v 103.111 74.8906 9
v 103.085 74.8882 9
v 103.059 74.8858 9
v 97.8181 71.4854 9
v 103.033 74.8832 9
v 103.007 74.8806 9
v 102.981 74.8778 9
v 101.931 61.6089 9
v 102.955 74.8749 9
v 102.929 74.872 9
v 102.903 74.8689 9
v 102.877 74.8658 9
v 102.851 74.8625 9
v 102.825 74.8592 9
v 97.831 71.5081 9
v 97.1674 66.3913 9
v 102.8 74.8557 9
v 102.774 74.8522 9
v 102.748 74.8485 9
v 97.844 71.5307 9
v 102.722 74.8448 9
v 102.696 74.8409 9
v 101.957 61.6021 9
v 102.671 74.837 9
v 102.645 74.8329 9
v 102.619 74.8288 9
v 102.593 74.8245 9
v 97.1607 66.4165 9
v 102.568 74.8202 9
v 97.8571 71.5532 9
v 97.8702 71.5757 9
v 101.982 61.5954 9
v 97.8835 71.5982 9
v 97.1541 66.4417 9
v 97.8968 71.6206 9
v 102.007 61.5888 9
v 97.9103 71.643 9
v 97.1476 66.467 9
v 97.9238 71.6652 9
v 102.032 61.5823 9
v 97.9374 71.6875 9
v 97.1412 66.4922 9
v 97.9511 71.7097 9
v 97.9648 71.7318 9
v 102.057 61.5759 9
v 97.1349 66.5175 9
v 97.9787 71.7539 9
v 97.9926 71.776 9
v 102.083 61.5696 9
v 97.1286 66.5429 9
v 98.0066 71.798 9
v 102.108 61.5634 9
v 98.0208 71.8199 9
v 97.1225 66.5682 9
v 98.035 71.8418 9
v 102.133 61.5573 9
v 98.0492 71.8636 9
v 97.1165 66.5936 9
v 98.0636 71.8853 9
v 102.159 61.5512 9
v 98.078 71.907 9
v 97.1106 66.619 9
v 98.0926 71.9287 9
v 102.184 61.5453 9
v 98.1072 71.9503 9
v 97.1048 66.6444 9
v 98.1219 71.9718 9
v 102.21 61.5395 9
v 98.1366 71.9933 9
v 98.1515 72.0148 9
v 97.099 66.6698 9
v 102.235 61.5338 9
v 98.1665 72.0361 9
v 97.0934 66.6953 9
v 102.261 61.5282 9
v 98.1815 72.0574 9
v 98.1966 72.0787 9
v 97.0879 66.7208 9
v 98.2118 72.0999 9
v 102.286 61.5226 9
v 98.227 72.121 9
v 98.2424 72.1421 9
v 97.0824 66.7463 9
v 102.312 61.5172 9
v 98.2578 72.1631 9
v 98.2733 72.1841 9
v 97.0771 66.7718 9
v 98.2889 72.205 9
v 102.337 61.5119 9
v 98.3046 72.2258 9
v 97.0719 66.7973 9
v 98.3204 72.2466 9
v 102.363 61.5066 9
v 97.0667 66.8229 9
v 98.3362 72.2673 9
v 98.3521 72.288 9
v 98.3681 72.3086 9
v 98.3842 72.3291 9
v 103.709 67.4415 15.7363
v 103.709 74.1836 12.0655
v 103.709 74.2528 11.9252
v 103.709 61.3895 9.49499
v 103.709 63.6786 14.0921
v 103.709 61.3812 9.36488
v 103.709 61.3786 9.31279
v 103.709 67.8575 15.7668
v 103.709 61.3746 9.20857
v 103.709 68.066 15.7724
v 103.709 61.3718 9.07822
v 103.709 62.7869 13.1437
v 103.709 68.2746 15.7716
v 103.709 68.3267 15.7704
v 103.709 68.847 15.7363
v 103.709 74.792 10.2957
v 103.709 69.1831 15.6927
v 103.709 69.2346 15.6845
v 103.709 69.2861 15.6759
v 103.709 64.5788 14.7584
v 103.709 69.7456 15.5808
v 103.709 74.9139 9.20857
v 103.709 70.1726 15.462
v 103.709 70.7361 15.2573
v 103.709 65.2426 15.1198
v 103.709 65.3609 15.1745
v 103.709 71.5757 14.8392
v 103.709 71.6206 14.8126
v 103.709 72.121 14.4824
v 103.709 61.7564 11.251
v 103.709 72.3291 14.3253
v 103.709 66.5429 15.5808
v 103.709 61.5282 10.4489
v 103.709 66.8741 15.6527
v 103.709 66.9254 15.6623
v 103.709 67.0024 15.6759
v 96.9366 68.1561 9.00481
v 96.9366 68.1681 9.00963
v 96.9366 68.1563 9.00439
v 96.9366 68.1684 9.00879
v 96.9368 68.0928 9.00082
v 96.9366 68.1314 9.00026
v 96.9368 68.0997 9.00649
v 96.9367 68.1127 9.00594
v 96.9366 68.1379 9.00117
v 96.9366 68.1379 9.00128
v 96.9368 68.0938 9.01007
v 96.9366 68.1394 9.01191
v 96.9368 68.125 9.04765
v 96.9366 68.1534 9.00901
v 96.9367 68.1669 9.02271
v 96.9368 68.1845 9.01999
v 96.9368 68.1871 9.01362
v 96.9366 68.1505 9.00117
v 96.9367 68.1758 9.00594
v 96.9368 68.195 9.0083
v 96.9366 68.1506 9.00106
v 96.9366 68.1506 9.00073
v 96.9367 68.1761 9.00374
v 96.9366 68.1506 9.00028
v 96.9368 68.1956 9.00221
v 96.9366 68.141 9.00015
v 96.9368 68.0993 9.00253
v 96.9366 68.141 9.00027
v 96.9368 68.093 9.00411
v 96.9366 68.141 9.00029
v 96.9367 68.1059 9.00356
v 96.9366 68.13 9.00748
v 96.9368 68.1025 9.02179
v 96.9367 68.1282 9.02404
v 96.9369 68.1239 9.05412
v 96.9366 68.1443 9.01285
v 96.9368 68.1444 9.04497
v 96.9374 68.1817 9.09571
v 96.9369 68.1653 9.05384
v 96.9367 68.1623 9.03403
v 96.9366 68.1515 9.01062
v 96.9366 68.1504 9.00741
v 96.9369 68.1811 9.04455
v 96.9367 68.1741 9.01891
v 96.9366 68.1551 9.00686
v 96.9368 68.1831 9.02269
v 96.9366 68.1502 9.00243
v 96.9368 68.1894 9.01335
v 96.9366 68.1535 9.00274
v 96.9366 68.1474 9.00029
v 96.9366 68.1474 9.00027
v 96.9368 68.1955 9.0031
v 96.9366 68.1349 9.00237
v 96.9366 68.1427 9.00039
v 96.9369 68.0908 9.02217
v 96.9368 68.0976 9.02163
v 96.9366 68.1325 9.00842
v 96.9368 68.1025 9.03001
v 96.9366 68.1368 9.01049
v 96.9367 68.1256 9.02615
v 96.9366 68.1433 9.00308
v 96.9367 68.1389 9.02677
v 96.9368 68.1369 9.04438
v 96.9367 68.1398 9.02694
v 96.9367 68.1486 9.02857
v 96.9367 68.1555 9.03009
v 96.9368 68.1648 9.04001
v 96.9366 68.1502 9.00536
v 96.9368 68.1827 9.0341
v 96.9367 68.1741 9.02443
v 96.9366 68.1467 9.00203
v 96.9366 68.1388 9.00152
v 96.9367 68.1148 9.00815
v 96.9368 68.103 9.03067
v 96.9366 68.1429 9.00096
v 96.9367 68.1162 9.02643
v 96.9366 68.1425 9.00166
v 96.9367 68.1247 9.02548
v 96.9369 68.1159 9.0504
v 96.9366 68.1423 9.00697
v 96.9367 68.1354 9.03256
v 96.9367 68.1438 9.03212
v 96.9368 68.1477 9.04806
v 96.9366 68.1447 9.0056
v 96.9366 68.1451 9.00392
v 96.9366 68.1446 9.0007
v 96.9366 68.1438 9.0001
v 96.9366 68.1334 9.00828
v 96.9368 68.1035 9.03139
v 96.9366 68.1405 9.01314
v 96.9366 68.1437 9.00193
v 96.9366 68.144 9.00077
v 96.9367 68.1435 9.03251
v 96.9368 68.1502 9.04781
v 96.9366 68.1452 9.00717
v 96.9367 68.1613 9.02331
v 96.9367 68.1608 9.02171
v 96.9366 68.1469 9.00097
v 96.9367 68.1808 9.01227
v 96.9366 68.1477 9.00117
v 96.9366 68.1478 9.00083
v 96.9366 68.1427 9.00054
v 96.9367 68.1177 9.00938
v 96.9367 68.1345 9.02721
v 96.9366 68.1433 9.00264
v 96.9366 68.1443 9.00017
v 96.9366 68.1457 9.00216
v 96.9367 68.179 9.01656
v 96.9366 68.1457 9.00069
v 96.9366 68.1435 9.00145
v 96.9367 68.1321 9.02536
v 96.9367 68.1455 9.0321
v 96.9366 68.1446 9.00178
v 34.4792 117.193 14
v 32.6541 115.377 14
v 32.6631 115.395 14
v 36.1779 117.6 14
v 36.1579 117.6 14
v 32.7091 115.484 14
v 32.7474 115.554 14
v 32.7672 115.589 14
v 34.1462 117.01 14
v 32.8818 115.777 14
v 35.8185 117.579 14
v 35.7787 117.574 14
v 33.9619 116.89 14
v 33.9291 116.867 14
v 33.8642 116.82 14
v 32.2829 114.199 14
v 32.2891 114.238 14
v 35.5806 117.546 14
v 32.3138 114.376 14
v 33.1666 116.163 14
v 33.1538 116.148 14
v 35.3646 117.504 14
v 33.5843 116.594 14
v 32.3434 114.513 14
v 33.5545 116.567 14
v 33.5249 116.54 14
v 32.3527 114.552 14
v 33.3259 116.343 14
v 35.2672 117.481 14
v 32.3674 114.61 14
v 35.2091 117.466 14
v 32.383 114.668 14
v 35.1512 117.45 14
v 35.0553 117.422 14
v 35.0171 117.41 14
v 34.8845 117.365 14
v 32.4807 114.973 14
v 34.8469 117.351 14
v 32.554 115.159 14
v 32.5698 115.196 14
v 34.6244 117.261 14
v 34.6061 117.253 14
v 33.8642 116.82 0
v 33.9291 116.867 0
v 33.9619 116.89 0
v 34.1462 117.01 0
v 32.2891 114.238 0
v 34.4792 117.193 0
v 32.3138 114.376 0
v 34.6244 117.261 0
v 32.3434 114.513 0
v 32.3527 114.552 0
v 32.3674 114.61 0
v 34.8469 117.351 0
v 32.383 114.668 0
v 34.8845 117.365 0
v 35.0171 117.41 0
v 35.1512 117.45 0
v 35.2091 117.466 0
v 35.2672 117.481 0
v 35.3646 117.504 0
v 32.554 115.159 0
v 35.5806 117.546 0
v 35.6399 117.556 0
v 32.6541 115.377 0
v 32.6631 115.395 0
v 35.7787 117.574 0
v 35.8185 117.579 0
v 32.7091 115.484 0
v 32.7474 115.554 0
v 32.7672 115.589 0
v 36.1579 117.6 0
v 36.1779 117.6 0
v 33.1538 116.148 0
v 33.1666 116.163 0
v 33.3259 116.343 0
v 33.5249 116.54 0
v 33.5545 116.567 0
v 33.5843 116.594 0
v 84.696 105.75 0
v 90.3018 83.0193 0
v 84.8372 105.759 0
v 83.4209 83.1103 0
v 83.5514 82.9807 0
v 88.9462 105.76 0
v 90.9161 103.845 0
v 83.6374 82.9071 0
v 90.5906 83.3668 0
v 83.2943 83.2626 0
v 89.1157 105.75 0
v 89.1439 105.747 0
v 90.6708 83.5002 0
v 90.8959 104.056 0
v 90.8915 104.084 0
v 89.3531 105.712 0
v 90.7989 83.7836 0
v 89.3945 105.702 0
v 89.4219 105.695 0
v 83.141 83.5002 0
v 89.4492 105.688 0
v 90.8261 104.359 0
v 89.5441 105.659 0
v 90.8129 104.399 0
v 90.8037 104.426 0
v 89.6108 105.636 0
v 90.9129 84.3218 0
v 83.0381 83.7175 0
v 89.793 105.558 0
v 89.8057 105.552 0
v 90.7038 104.66 0
v 89.831 105.539 0
v 82.8943 103.802 0
v 90.6843 104.698 0
v 90.664 104.735 0
v 90.6284 104.796 0
v 90.5984 104.844 0
v 90.0025 105.44 0
v 90.0958 105.376 0
v 90.1072 105.368 0
v 90.5259 104.949 0
v 82.9657 104.291 0
v 90.2071 105.289 0
v 82.9857 104.359 0
v 82.9944 104.386 0
v 90.2604 105.242 0
v 90.2813 105.223 0
v 83.0227 104.466 0
v 83.0277 104.479 0
v 90.3018 105.204 0
v 82.9119 84.1951 0
v 82.9083 84.2232 0
v 83.108 104.66 0
v 82.9023 84.2795 0
v 84.7242 82.4704 0
v 82.8999 84.3077 0
v 82.8979 84.3359 0
v 82.8963 84.3642 0
v 88.9462 82.4634 0
v 89.0028 82.465 0
v 83.3925 105.081 0
v 83.4113 105.102 0
v 83.4598 105.154 0
v 83.4897 105.184 0
v 83.51 105.204 0
v 83.6374 105.316 0
v 83.6819 105.351 0
v 83.7046 105.368 0
v 83.716 105.376 0
v 83.7506 105.401 0
v 83.8093 105.44 0
v 83.9185 105.506 0
v 84.07 105.582 0
v 84.135 105.61 0
v 84.2409 105.65 0
v 84.2677 105.659 0
v 84.5002 105.721 0
v 84.528 105.726 0
v 90.1522 82.8895 0
v 84.5558 105.731 0
v 84.5978 105.738 0
v 84.6118 105.74 0
v 84.6679 105.747 0
v 84.696 105.75 30
v 90.3018 83.0193 30
v 84.8372 105.759 30
v 83.4209 83.1103 30
v 83.5514 82.9807 30
v 88.9462 105.76 30
v 90.9161 103.845 30
v 83.6374 82.9071 30
v 90.5906 83.3668 30
v 83.2943 83.2626 30
v 89.1157 105.75 30
v 89.1439 105.747 30
v 90.6708 83.5002 30
v 90.8959 104.056 30
v 90.8915 104.084 30
v 89.3531 105.712 30
v 90.7989 83.7836 30
v 89.3945 105.702 30
v 83.141 83.5002 30
v 89.4219 105.695 30
v 89.4492 105.688 30
v 90.8261 104.359 30
v 89.5441 105.659 30
v 90.8129 104.399 30
v 90.8037 104.426 30
v 89.6108 105.636 30
v 90.9129 84.3218 30
v 83.0381 83.7175 30
v 89.793 105.558 30
v 89.8057 105.552 30
v 90.7038 104.66 30
v 89.831 105.539 30
v 82.8943 103.802 30
v 90.6843 104.698 30
v 90.664 104.735 30
v 90.6284 104.796 30
v 90.5984 104.844 30
v 90.0025 105.44 30
v 90.0958 105.376 30
v 90.1072 105.368 30
v 90.5259 104.949 30
v 82.9657 104.291 30
v 90.2071 105.289 30
v 82.9857 104.359 30
v 82.9944 104.386 30
v 90.2604 105.242 30
v 90.2813 105.223 30
v 90.3018 105.204 30
v 83.0277 104.479 30
v 83.0227 104.466 30
v 82.9119 84.1951 30
v 82.9083 84.2232 30
v 82.9023 84.2795 30
v 83.108 104.66 30
v 84.7242 82.4704 30
v 82.8999 84.3077 30
v 82.8979 84.3359 30
v 82.8963 84.3642 30
v 88.9462 82.4634 30
v 89.0028 82.465 30
v 83.3925 105.081 30
v 83.4113 105.102 30
v 83.4598 105.154 30
v 83.4897 105.184 30
v 83.51 105.204 30
v 83.6374 105.316 30
v 83.6819 105.351 30
v 83.716 105.376 30
v 83.7046 105.368 30
v 83.7506 105.401 30
v 83.8093 105.44 30
v 83.9185 105.506 30
v 84.07 105.582 30
v 84.135 105.61 30
v 84.2409 105.65 30
v 84.2677 105.659 30
v 84.5002 105.721 30
v 84.528 105.726 30
v 90.1522 82.8895 30
v 84.5558 105.731 30
v 84.6118 105.74 30
v 84.5978 105.738 30
v 84.6679 105.747 30
v 126.029 135.644 30
v 126.009 135.549 30
v 125.057 132.48 30
v 125.031 132.421 30
v 125.211 132.848 30
v 125.185 132.785 30
v 123.917 130.676 30
v 123.892 130.651 30
v 123.237 130.192 30
v 123.214 130.182 30
v 125.702 134.311 30
v 125.678 134.229 30
v 123.942 130.701 30
v 125.536 133.758 30
v 125.511 133.683 30
v 123.867 130.627 30
v 123.967 130.727 30
v 122.913 130.093 30
v 122.89 130.089 30
v 124.586 131.56 30
v 124.56 131.517 30
v 123.842 130.603 30
v 123.992 130.754 30
v 123.817 130.58 30
v 124.018 130.782 30
v 124.874 132.089 30
v 124.848 132.037 30
v 123.792 130.558 30
v 125.882 134.997 30
v 125.86 134.908 30
v 124.043 130.81 30
v 125.388 133.319 30
v 125.363 133.249 30
v 123.191 130.173 30
v 123.767 130.536 30
v 126.05 135.739 30
v 124.069 130.838 30
v 124.613 131.604 30
v 125.725 134.394 30
v 123.742 130.515 30
v 125.56 133.834 30
v 125.237 132.913 30
v 124.094 130.868 30
v 123.718 130.494 30
v 124.12 130.898 30
v 122.867 130.085 30
v 123.167 130.164 30
v 123.693 130.474 30
v 122.844 130.082 30
v 124.145 130.928 30
v 124.639 131.649 30
v 123.669 130.455 30
v 124.171 130.96 30
v 125.083 132.539 30
v 123.144 130.155 30
v 123.644 130.436 30
v 124.196 130.992 30
v 123.121 130.147 30
v 124.901 132.143 30
v 123.62 130.417 30
v 125.904 135.087 30
v 124.222 131.024 30
v 122.821 130.079 30
v 126.07 135.836 30
v 125.413 133.39 30
v 123.595 130.399 30
v 124.248 131.058 30
v 125.748 134.477 30
v 125.584 133.912 30
v 124.665 131.695 30
v 125.262 132.978 30
v 123.571 130.382 30
v 125.108 132.599 30
v 124.274 131.092 30
v 124.927 132.197 30
v 125.925 135.178 30
v 123.097 130.139 30
v 126.089 135.933 30
v 123.547 130.365 30
v 122.799 130.077 30
v 124.691 131.741 30
v 125.438 133.462 30
v 125.771 134.562 30
v 123.523 130.349 30
v 124.3 131.127 30
v 125.608 133.99 30
v 123.074 130.132 30
v 123.499 130.333 30
v 124.953 132.252 30
v 124.326 131.163 30
v 124.717 131.788 30
v 123.475 130.318 30
v 124.351 131.199 30
v 122.776 130.075 30
v 123.051 130.125 30
v 123.451 130.303 30
v 125.287 133.045 30
v 125.946 135.269 30
v 126.109 136.031 30
v 124.377 131.236 30
v 125.134 132.66 30
v 123.028 130.119 30
v 123.427 130.289 30
v 125.793 134.647 30
v 125.462 133.535 30
v 124.403 131.274 30
v 125.631 134.068 30
v 119.192 136.311 30
v 119.209 136.221 30
v 119.226 136.131 30
v 119.243 136.042 30
v 119.261 135.954 30
v 124.744 131.836 30
v 119.278 135.866 30
v 119.296 135.779 30
v 123.403 130.275 30
v 119.314 135.692 30
v 119.333 135.606 30
v 125.968 135.362 30
v 119.351 135.521 30
v 119.37 135.437 30
v 119.388 135.353 30
v 119.408 135.269 30
v 126.128 136.129 30
v 119.427 135.187 30
v 122.753 130.074 30
v 119.446 135.105 30
v 119.466 135.024 30
v 119.485 134.943 30
v 119.505 134.863 30
v 119.525 134.784 30
v 119.545 134.706 30
v 119.566 134.628 30
v 119.586 134.551 30
v 119.607 134.475 30
v 119.628 134.4 30
v 125.313 133.112 30
v 119.649 134.325 30
v 119.67 134.251 30
v 119.691 134.178 30
v 119.712 134.105 30
v 119.733 134.033 30
v 119.755 133.962 30
v 119.776 133.892 30
v 119.798 133.823 30
v 119.82 133.754 30
v 123.005 130.113 30
v 119.842 133.686 30
v 124.979 132.307 30
v 123.379 130.262 30
v 122.73 130.072 30
v 125.816 134.733 30
v 124.43 131.312 30
v 125.487 133.608 30
v 124.77 131.885 30
v 119.931 133.421 30
v 119.908 133.486 30
v 125.655 134.148 30
v 119.953 133.357 30
v 119.976 133.293 30
v 119.998 133.23 30
v 120.021 133.168 30
v 120.044 133.106 30
v 120.066 133.045 30
v 120.089 132.985 30
v 120.112 132.926 30
v 120.135 132.868 30
v 120.158 132.81 30
v 120.182 132.753 30
v 120.205 132.696 30
v 120.228 132.641 30
v 120.251 132.586 30
v 120.275 132.532 30
v 120.298 132.478 30
v 120.321 132.426 30
v 122.982 130.107 30
v 120.345 132.374 30
v 120.368 132.322 30
v 120.392 132.272 30
v 120.415 132.222 30
v 120.439 132.173 30
v 123.355 130.249 30
v 120.463 132.124 30
v 120.486 132.076 30
v 120.51 132.029 30
v 120.533 131.983 30
v 120.557 131.937 30
v 120.581 131.892 30
v 120.604 131.848 30
v 120.628 131.804 30
v 120.652 131.761 30
v 120.676 131.719 30
v 120.699 131.677 30
v 120.723 131.636 30
v 120.747 131.596 30
v 124.456 131.352 30
v 120.77 131.556 30
v 120.794 131.517 30
v 120.818 131.479 30
v 120.841 131.441 30
v 120.865 131.404 30
v 120.888 131.367 30
v 120.912 131.331 30
v 120.936 131.296 30
v 120.959 131.261 30
v 120.983 131.227 30
v 121.006 131.194 30
v 121.03 131.161 30
v 125.005 132.364 30
v 121.053 131.129 30
v 121.076 131.097 30
v 121.1 131.066 30
v 121.123 131.036 30
v 121.146 131.006 30
v 125.16 132.722 30
v 121.169 130.977 30
v 121.193 130.948 30
v 121.216 130.92 30
v 121.239 130.892 30
v 121.262 130.865 30
v 121.285 130.839 30
v 121.308 130.813 30
v 121.331 130.787 30
v 121.354 130.762 30
v 121.377 130.738 30
v 121.4 130.714 30
v 121.422 130.691 30
v 121.445 130.668 30
v 121.468 130.646 30
v 121.49 130.624 30
v 121.513 130.603 30
v 121.536 130.582 30
v 121.558 130.562 30
v 121.58 130.542 30
v 121.603 130.522 30
v 121.625 130.504 30
v 121.647 130.485 30
v 123.332 130.237 30
v 121.669 130.467 30
v 121.692 130.45 30
v 121.714 130.433 30
v 124.796 131.935 30
v 121.736 130.416 30
v 121.758 130.4 30
v 121.78 130.384 30
v 121.802 130.369 30
v 121.823 130.354 30
v 121.845 130.34 30
v 121.867 130.326 30
v 121.889 130.312 30
v 121.91 130.299 30
v 121.932 130.286 30
v 122.707 130.072 30
v 121.953 130.274 30
v 121.975 130.262 30
v 126.147 136.229 30
v 124.482 131.392 30
v 121.996 130.25 30
v 122.018 130.239 30
v 122.039 130.228 30
v 122.06 130.218 30
v 122.082 130.208 30
v 122.103 130.198 30
v 125.988 135.455 30
v 122.124 130.189 30
v 122.145 130.18 30
v 122.166 130.172 30
v 122.187 130.164 30
v 122.208 130.156 30
v 122.229 130.148 30
v 122.25 130.141 30
v 122.271 130.135 30
v 122.292 130.128 30
v 122.313 130.122 30
v 122.334 130.117 30
v 122.354 130.111 30
v 122.375 130.106 30
v 122.396 130.102 30
v 122.417 130.097 30
v 122.437 130.093 30
v 122.458 130.09 30
v 122.479 130.086 30
v 122.499 130.083 30
v 122.52 130.081 30
v 122.54 130.078 30
v 122.561 130.076 30
v 122.582 130.075 30
v 122.602 130.073 30
v 122.623 130.072 30
v 122.643 130.072 30
v 122.664 130.071 30
v 122.684 130.071 30
v 123.308 130.225 30
v 125.338 133.18 30
v 124.508 131.433 30
v 122.959 130.102 30
v 125.838 134.82 30
v 119.886 133.552 30
v 126.163 136.315 30
v 123.284 130.214 30
v 124.534 131.474 30
v 119.864 133.619 30
v 122.936 130.097 30
v 124.822 131.986 30
v 123.261 130.203 30
v 125.806 136.849 35.1064
v 125.871 136.771 34.2128
v 125.909 136.725 33.6862
v 125.948 136.679 33.1596
v 125.986 136.632 32.633
v 126.025 136.586 32.1064
v 126.063 136.54 31.5798
v 126.102 136.494 31.0532
v 126.14 136.448 30.5266
v 125.144 134.17 35.6649
v 122.005 130.853 35.8325
v 119.252 136.494 31.0532
v 119.214 136.448 30.5266
v 119.291 136.54 31.5798
v 119.329 136.586 32.1064
v 119.406 136.679 33.1596
v 119.368 136.632 32.633
v 119.483 136.771 34.2128
v 119.445 136.725 33.6862
v 119.548 136.849 35.1064
v 122.751 130.596 35.9628
v 122.889 130.61 35.8387
v 122.87 130.617 35.9628
v 123.402 130.896 35.8325
v 123.52 131.009 35.8883
v 123.519 131.001 35.8325
v 123.556 131.043 35.8883
v 123.589 131.071 35.8325
v 123.684 131.182 35.8883
v 124.123 131.752 35.6649
v 124.129 131.763 35.6649
v 124.22 131.916 35.6649
v 124.233 131.929 35.6091
v 125.686 136.465 35.6649
v 122.745 130.589 35.8883
v 122.837 130.608 35.9442
v 123.629 131.106 35.7766
v 123.659 131.146 35.8325
v 124.364 132.169 35.6091
v 124.348 132.149 35.6649
v 124.367 132.175 35.6091
v 123.711 131.207 35.849
v 123.802 131.316 35.8325
v 124.492 132.437 35.6649
v 123.026 130.666 35.9255
v 124.127 131.766 35.7021
v 125.306 134.757 35.7021
v 125.308 134.753 35.6649
v 125.368 134.985 35.6649
v 124.87 133.344 35.6649
v 124.939 152.582 30
v 124.962 152.532 30
v 126.162 148.493 30
v 123.041 154.682 30
v 123.062 154.676 30
v 126.145 148.583 30
v 123.596 154.404 30
v 123.618 154.388 30
v 124.301 153.675 30
v 124.325 153.643 30
v 126.128 148.673 30
v 124.278 153.707 30
v 126.111 148.762 30
v 126.093 148.85 30
v 126.076 148.938 30
v 126.058 149.025 30
v 124.56 153.287 30
v 124.584 153.248 30
v 126.04 149.112 30
v 126.022 149.198 30
v 126.003 149.283 30
v 125.984 149.368 30
v 125.966 149.452 30
v 123.294 154.586 30
v 123.315 154.576 30
v 125.946 149.535 30
v 125.927 149.618 30
v 125.908 149.699 30
v 125.888 149.781 30
v 123.909 154.136 30
v 123.932 154.113 30
v 125.869 149.861 30
v 123.272 154.596 30
v 125.849 149.941 30
v 125.829 150.02 30
v 123.02 154.688 30
v 125.809 150.098 30
v 125.788 150.176 30
v 124.915 152.632 30
v 125.768 150.253 30
v 124.537 153.326 30
v 125.747 150.329 30
v 125.726 150.405 30
v 125.706 150.479 30
v 125.684 150.553 30
v 125.663 150.627 30
v 124.254 153.738 30
v 123.574 154.42 30
v 125.642 150.699 30
v 125.621 150.771 30
v 123.552 154.435 30
v 125.599 150.842 30
v 125.578 150.912 30
v 125.556 150.981 30
v 124.891 152.68 30
v 123.886 154.158 30
v 124.868 152.728 30
v 123.864 154.18 30
v 125.534 151.05 30
v 125.512 151.118 30
v 123.251 154.606 30
v 124.231 153.768 30
v 124.208 153.798 30
v 124.513 153.363 30
v 124.844 152.775 30
v 125.49 151.186 30
v 125.468 151.252 30
v 123 154.693 30
v 123.531 154.45 30
v 125.446 151.318 30
v 123.509 154.464 30
v 122.979 154.698 30
v 123.841 154.201 30
v 125.423 151.383 30
v 124.821 152.821 30
v 125.401 151.448 30
v 124.185 153.827 30
v 125.378 151.511 30
v 123.23 154.615 30
v 123.209 154.624 30
v 124.489 153.401 30
v 125.356 151.574 30
v 123.487 154.478 30
v 123.819 154.222 30
v 124.466 153.437 30
v 125.333 151.637 30
v 123.796 154.243 30
v 124.161 153.856 30
v 125.31 151.698 30
v 124.138 153.884 30
v 124.797 152.867 30
v 124.773 152.912 30
v 125.288 151.759 30
v 124.442 153.473 30
v 125.265 151.819 30
v 123.188 154.632 30
v 123.465 154.492 30
v 123.774 154.262 30
v 123.751 154.282 30
v 124.115 153.912 30
v 125.242 151.878 30
v 123.444 154.505 30
v 124.75 152.957 30
v 124.418 153.508 30
v 125.219 151.937 30
v 123.167 154.641 30
v 124.726 153 30
v 125.196 151.994 30
v 119.325 149.161 30
v 119.345 149.255 30
v 119.304 149.065 30
v 119.284 148.969 30
v 119.265 148.871 30
v 119.245 148.774 30
v 119.226 148.675 30
v 119.207 148.575 30
v 119.191 148.489 30
v 124.092 153.939 30
v 123.729 154.301 30
v 124.069 153.965 30
v 123.422 154.518 30
v 125.173 152.051 30
v 123.146 154.648 30
v 124.395 153.543 30
v 119.819 151.046 30
v 119.843 151.121 30
v 119.794 150.97 30
v 119.77 150.893 30
v 119.747 150.815 30
v 119.723 150.736 30
v 119.699 150.656 30
v 119.676 150.575 30
v 119.652 150.493 30
v 119.629 150.411 30
v 119.606 150.327 30
v 119.583 150.243 30
v 125.149 152.108 30
v 119.561 150.157 30
v 119.538 150.071 30
v 119.516 149.984 30
v 119.494 149.896 30
v 119.472 149.807 30
v 119.45 149.717 30
v 119.429 149.626 30
v 119.408 149.535 30
v 119.386 149.443 30
v 119.366 149.349 30
v 122.349 154.692 30
v 122.372 154.697 30
v 122.326 154.686 30
v 122.303 154.679 30
v 122.28 154.672 30
v 122.257 154.665 30
v 122.233 154.657 30
v 122.21 154.649 30
v 122.187 154.64 30
v 122.163 154.631 30
v 122.14 154.622 30
v 122.117 154.612 30
v 124.702 153.043 30
v 122.093 154.601 30
v 122.07 154.591 30
v 122.046 154.579 30
v 122.022 154.567 30
v 121.999 154.555 30
v 121.975 154.542 30
v 121.951 154.529 30
v 121.927 154.515 30
v 121.903 154.501 30
v 121.879 154.486 30
v 121.855 154.471 30
v 121.831 154.455 30
v 124.679 153.086 30
v 121.807 154.439 30
v 121.783 154.422 30
v 121.759 154.405 30
v 121.734 154.387 30
v 123.125 154.656 30
v 121.71 154.369 30
v 121.685 154.35 30
v 121.661 154.33 30
v 125.126 152.163 30
v 121.636 154.31 30
v 121.612 154.289 30
v 121.587 154.268 30
v 124.046 153.991 30
v 121.562 154.246 30
v 121.537 154.224 30
v 123.707 154.319 30
v 121.512 154.201 30
v 121.487 154.177 30
v 121.462 154.153 30
v 121.437 154.128 30
v 121.412 154.103 30
v 124.371 153.577 30
v 121.387 154.077 30
v 121.362 154.05 30
v 121.336 154.023 30
v 121.311 153.995 30
v 121.286 153.966 30
v 121.26 153.937 30
v 121.234 153.907 30
v 121.209 153.876 30
v 121.183 153.845 30
v 123.685 154.337 30
v 121.158 153.813 30
v 121.132 153.78 30
v 123.401 154.53 30
v 121.106 153.746 30
v 121.08 153.712 30
v 121.054 153.677 30
v 121.028 153.642 30
v 121.003 153.605 30
v 120.977 153.568 30
v 120.951 153.53 30
v 120.924 153.492 30
v 120.898 153.452 30
v 120.872 153.412 30
v 120.846 153.371 30
v 120.82 153.33 30
v 120.794 153.287 30
v 120.768 153.244 30
v 120.742 153.2 30
v 123.104 154.663 30
v 120.715 153.155 30
v 120.689 153.11 30
v 120.663 153.063 30
v 120.637 153.016 30
v 120.611 152.968 30
v 120.584 152.919 30
v 125.103 152.218 30
v 120.558 152.869 30
v 120.532 152.818 30
v 120.506 152.767 30
v 120.48 152.715 30
v 120.454 152.662 30
v 120.427 152.608 30
v 123.379 154.542 30
v 120.401 152.553 30
v 120.375 152.497 30
v 120.349 152.44 30
v 120.323 152.383 30
v 120.297 152.324 30
v 120.271 152.265 30
v 120.246 152.205 30
v 120.22 152.144 30
v 120.194 152.082 30
v 120.169 152.02 30
v 120.143 151.956 30
v 120.117 151.891 30
v 120.092 151.826 30
v 120.067 151.76 30
v 120.041 151.692 30
v 120.016 151.624 30
v 119.991 151.555 30
v 124.655 153.127 30
v 119.966 151.485 30
v 119.941 151.414 30
v 119.916 151.342 30
v 119.892 151.27 30
v 119.867 151.196 30
v 122.647 154.733 30
v 122.67 154.733 30
v 122.624 154.732 30
v 122.601 154.731 30
v 122.578 154.729 30
v 122.555 154.727 30
v 122.533 154.725 30
v 122.51 154.722 30
v 122.487 154.719 30
v 122.464 154.715 30
v 122.441 154.712 30
v 125.079 152.272 30
v 122.418 154.707 30
v 122.395 154.702 30
v 122.69 154.733 30
v 122.711 154.732 30
v 122.731 154.732 30
v 122.752 154.731 30
v 122.772 154.729 30
v 122.793 154.728 30
v 122.814 154.726 30
v 122.834 154.723 30
v 122.855 154.721 30
v 122.875 154.718 30
v 124.023 154.017 30
v 122.896 154.714 30
v 122.917 154.711 30
v 122.937 154.707 30
v 124 154.042 30
v 122.958 154.703 30
v 123.662 154.354 30
v 125.056 152.326 30
v 125.033 152.379 30
v 124.631 153.168 30
v 123.358 154.554 30
v 124.348 153.61 30
v 123.083 154.67 30
v 123.977 154.066 30
v 124.607 153.208 30
v 123.64 154.372 30
v 125.009 152.431 30
v 124.986 152.482 30
v 123.336 154.565 30
v 123.954 154.09 30
v 126.025 148.218 32.1064
v 125.986 148.172 32.633
v 126.063 148.264 31.5798
v 126.102 148.31 31.0532
v 126.14 148.356 30.5266
v 125.806 147.955 35.1064
v 125.871 148.034 34.2128
v 125.909 148.08 33.6862
v 125.948 148.126 33.1596
v 120.193 150.578 35.6649
v 119.329 148.218 32.1064
v 119.368 148.172 32.633
v 119.406 148.126 33.1596
v 119.445 148.08 33.6862
v 119.483 148.034 34.2128
v 119.548 147.955 35.1064
v 122.604 154.209 35.9442
v 122.465 154.194 35.8387
v 122.496 154.19 35.9628
v 122.408 154.172 35.8883
v 122.329 154.142 35.8883
v 122.243 154.112 35.7766
v 122.076 153.998 35.8883
v 121.93 153.875 35.9628
v 121.835 153.803 35.8325
v 121.822 153.784 35.8883
v 121.67 153.622 35.8883
v 119.214 148.356 30.5266
v 119.252 148.31 31.0532
v 119.291 148.264 31.5798
v 121.141 152.9 35.6649
v 121.079 152.791 35.6649
v 120.993 152.631 35.6649
v 119.668 148.339 35.6649
v 122.396 154.165 35.9255
v 121.795 153.771 35.7766
v 121.695 153.658 35.8325
v 121.006 152.655 35.6649
v 120.968 152.603 35.5532
v 120.987 152.629 35.6091
v 121.654 153.619 35.7766
v 121.643 153.597 35.849
v 121.552 153.488 35.8325
v 122.41 154.17 35.9255
v 121.227 153.039 35.7021
v 121.141 152.894 35.7021
v 119.986 149.819 35.6649
v 147.999 89.0662 0
v 147.97 89.0575 0
v 151.754 91.3158 0
v 151.711 91.2734 0
v 147.884 89.0321 0
v 151.668 91.2312 0
v 154.388 97.4992 0
v 149.794 89.8309 0
v 154.07 95.302 0
v 154.39 97.6196 0
v 145.42 88.6798 0
v 151.538 91.1067 0
v 149.715 89.7872 0
v 149.689 89.7728 0
v 151.427 91.0048 0
v 149.556 89.702 0
v 152.125 91.7099 0
v 149.476 89.6607 0
v 149.422 89.6335 0
v 152.204 91.8004 0
v 152.224 91.8233 0
v 151.224 90.8263 0
v 154.185 95.7693 0
v 153.476 93.7284 0
v 152.263 91.8691 0
v 149.314 89.5803 0
v 149.287 89.5673 0
v 152.282 91.8921 0
v 153.503 93.7825 0
v 152.34 91.9615 0
v 154.216 95.9165 0
v 154.233 96.0051 0
v 154.227 95.9756 0
v 151.038 90.6728 0
v 153.579 93.946 0
v 154.249 96.0938 0
v 150.897 90.561 0
v 152.527 92.1969 0
v 153.652 94.1109 0
v 148.931 89.4057 0
v 154.284 96.3015 0
v 152.6 92.2928 0
v 153.699 94.2217 0
v 154.293 96.361 0
v 154.297 96.3908 0
v 154.314 96.51 0
v 150.582 90.3285 0
v 154.325 96.5995 0
v 146.47 88.7448 0
v 154.332 96.6592 0
v 148.54 89.2491 0
v 153.831 94.5576 0
v 148.399 89.1976 0
v 152.894 92.7109 0
v 154.356 96.8986 0
v 153.882 94.6991 0
v 148.314 89.1679 0
v 146.081 88.7063 0
v 150.258 90.1099 0
v 146.021 88.7019 0
v 153.921 94.8129 0
v 152.992 92.8624 0
v 154.37 97.0786 0
v 148.228 89.139 0
v 150.131 90.0296 0
v 154.377 97.1987 0
v 150.054 89.9825 0
v 154.383 97.3189 0
v 151.754 91.3158 40
v 154.227 95.9756 40
v 153.409 93.5938 40
v 151.625 91.1894 40
v 154.265 96.1828 40
v 153.476 93.7284 40
v 151.963 91.532 40
v 153.503 93.7825 40
v 149.287 89.5673 40
v 152.004 91.576 40
v 152.065 91.6427 40
v 146.709 88.7769 40
v 154.297 96.3908 40
v 149.069 89.466 40
v 146.56 88.7561 40
v 154.321 96.5696 40
v 154.325 96.5995 40
v 153.652 94.1109 40
v 146.47 88.7448 40
v 151.224 90.8263 40
v 151.178 90.7875 40
v 153.699 94.2217 40
v 152.321 91.9383 40
v 154.339 96.719 40
v 153.722 94.2773 40
v 154.345 96.7789 40
v 154.348 96.8088 40
v 151.038 90.6728 40
v 153.778 94.417 40
v 148.512 89.2386 40
v 148.54 89.2491 40
v 146.081 88.7063 40
v 150.897 90.561 40
v 146.021 88.7019 40
v 154.37 97.0786 40
v 153.862 94.6424 40
v 150.801 90.488 40
v 152.6 92.2928 40
v 153.882 94.6991 40
v 148.314 89.1679 40
v 150.68 90.3986 40
v 152.689 92.414 40
v 148.228 89.139 40
v 154.383 97.3189 40
v 150.582 90.3285 40
v 152.81 92.5862 40
v 154.389 97.5594 40
v 147.97 89.0575 40
v 147.999 89.0662 40
v 154.029 95.1572 40
v 154.39 97.6496 40
v 145.42 88.6798 40
v 147.884 89.0321 40
v 152.976 92.837 40
v 150.233 90.0937 40
v 154.101 95.4182 40
v 153.087 93.0158 40
v 150.054 89.9825 40
v 154.116 95.4765 40
v 154.138 95.5641 40
v 154.152 95.6226 40
v 153.224 93.2494 40
v 149.794 89.8309 40
v 149.768 89.8162 40
v 154.191 95.7987 40
v 149.689 89.7728 40
v 149.715 89.7872 40
v 154.204 95.8576 40
v 154.216 95.9165 40
v 202.284 89.7442 0
v 198.58 93.4604 0
v 197.704 95.9165 0
v 202.364 89.702 0
v 200.102 91.3799 0
v 200.06 91.423 0
v 198.484 93.6475 0
v 198.444 93.7284 0
v 197.655 96.1828 0
v 198.417 93.7825 0
v 197.641 96.2718 0
v 198.316 94.0008 0
v 200.605 90.9049 0
v 197.606 96.51 0
v 205.36 88.7561 0
v 202.906 89.4416 0
v 200.696 90.8263 0
v 197.595 96.5995 0
v 202.989 89.4057 0
v 203.072 89.3706 0
v 198.198 94.2773 0
v 197.575 96.7789 0
v 197.572 96.8088 0
v 198.175 94.3331 0
v 199.467 92.102 0
v 197.559 96.9586 0
v 201.023 90.561 0
v 205.839 88.7063 0
v 205.959 88.6979 0
v 203.521 89.1976 0
v 201.167 90.452 0
v 198.038 94.6991 0
v 203.578 89.1777 0
v 199.249 92.3896 0
v 206.169 88.687 0
v 197.535 97.379 0
v 199.11 92.5862 0
v 206.44 88.6802 0
v 197.53 97.6496 0
v 203.95 89.0575 0
v 201.738 90.0615 0
v 197.842 95.331 0
v 198.848 92.9901 0
v 198.817 93.0415 0
v 201.892 89.9669 0
v 198.786 93.0932 0
v 204.473 88.918 0
v 202.126 89.8309 0
v 197.748 95.7106 0
v 204.561 88.8978 0
v 198.652 93.3281 0
v 202.231 89.7728 0
v 197.716 95.8576 0
v 204.708 88.8661 0
v 197.716 95.8576 40
v 206.44 88.6802 40
v 206.319 88.6822 40
v 197.655 96.1828 40
v 200.696 90.8263 40
v 206.169 88.687 40
v 197.641 96.2718 40
v 200.605 90.9049 40
v 197.606 96.51 40
v 197.595 96.5995 40
v 197.575 96.7789 40
v 197.572 96.8088 40
v 197.559 96.9586 40
v 197.552 97.0486 40
v 200.06 91.423 40
v 197.535 97.379 40
v 197.533 97.4391 40
v 197.53 97.6496 40
v 204.708 88.8661 40
v 204.561 88.8978 40
v 199.467 92.102 40
v 204.473 88.918 40
v 199.249 92.3896 40
v 203.95 89.0575 40
v 199.11 92.5862 40
v 203.578 89.1777 40
v 203.521 89.1976 40
v 198.848 92.9901 40
v 198.817 93.0415 40
v 198.696 93.2494 40
v 198.652 93.3281 40
v 203.072 89.3706 40
v 202.989 89.4057 40
v 198.58 93.4604 40
v 202.906 89.4416 40
v 198.484 93.6475 40
v 198.444 93.7284 40
v 198.417 93.7825 40
v 198.316 94.0008 40
v 202.364 89.702 40
v 202.284 89.7442 40
v 202.231 89.7728 40
v 198.198 94.2773 40
v 202.126 89.8309 40
v 198.175 94.3331 40
v 198.153 94.389 40
v 201.892 89.9669 40
v 198.038 94.6991 40
v 201.738 90.0615 40
v 197.858 95.273 40
v 201.167 90.452 40
v 197.748 95.7106 40
v 201.023 90.561 40
# </points>

# <edges count="16107">
l 1 2
l 3 1
l 2 4
l 4 3
l 6 3
l 5 6
l 4 5
l 6 7
l 7 1
l 7 8
l 8 2
l 8 5
l 9 758
l 761 9
l 10 760
l 9 10
l 10 762
l 11 759
l 762 11
l 12 756
l 11 12
l 12 763
l 13 753
l 763 13
l 14 754
l 13 14
l 14 764
l 15 755
l 764 15
l 16 757
l 15 16
l 16 761
l 2597 2598
l 2599 2600
l 765 2599
l 2598 2601
l 2600 19
l 2602 2603
l 2601 2602
l 2604 766
l 768 2605
l 769 2606
l 2606 2604
l 2603 2607
l 2607 2608
l 2609 2610
l 2611 770
l 2610 2611
l 2612 767
l 772 2612
l 2613 773
l 2608 2613
l 774 771
l 780 777
l 775 2614
l 2614 783
l 2615 786
l 20 2615
l 2605 2609
l 2616 785
l 787 2616
l 2617 789
l 790 2617
l 2618 20
l 2619 2618
l 788 2620
l 792 2621
l 2621 21
l 2622 22
l 2620 2622
l 2623 791
l 2624 2619
l 793 2625
l 2625 2623
l 2626 2627
l 21 2626
l 23 2628
l 2628 2629
l 2627 2630
l 2629 2631
l 2632 797
l 796 2632
l 2633 2634
l 2630 2633
l 2631 2635
l 2635 2636
l 799 2637
l 2637 2624
l 2638 800
l 802 798
l 2639 2638
l 2640 2639
l 2641 2640
l 803 2641
l 804 2642
l 2642 807
l 2634 2643
l 2644 2645
l 2643 2644
l 2636 805
l 2646 809
l 2647 2646
l 808 2648
l 811 2647
l 2645 810
l 2648 2649
l 2650 812
l 814 815
l 2651 816
l 2649 2651
l 2652 2650
l 2653 24
l 2654 819
l 820 2654
l 818 821
l 822 2652
l 2655 823
l 26 2655
l 2656 2657
l 825 2656
l 827 27
l 2657 2658
l 2658 828
l 2659 26
l 2660 2659
l 25 831
l 2661 2660
l 2662 829
l 2663 2662
l 833 2664
l 2665 2663
l 2666 2667
l 2664 2666
l 834 2668
l 2667 2669
l 2670 2661
l 835 2670
l 2668 836
l 832 2671
l 2672 837
l 2671 2672
l 2673 2674
l 2669 2673
l 28 2675
l 2675 29
l 2676 2677
l 2674 2676
l 2678 28
l 2679 2678
l 2680 2681
l 841 2680
l 29 2665
l 30 2679
l 2677 842
l 2682 839
l 2683 2682
l 2684 31
l 843 2684
l 2681 844
l 2685 2686
l 31 2685
l 2686 846
l 2687 2683
l 2688 30
l 2689 2688
l 848 2689
l 2690 2687
l 2691 2690
l 856 857
l 2692 854
l 853 858
l 850 860
l 863 2691
l 2693 2694
l 2694 2692
l 2695 2696
l 861 2695
l 2697 2693
l 864 2698
l 2696 2699
l 2698 2700
l 2701 2697
l 2702 2701
l 2700 2703
l 2704 2705
l 2699 2704
l 2706 2707
l 2708 2706
l 2705 32
l 2703 2709
l 2710 2702
l 2711 2710
l 2712 867
l 32 2712
l 2713 2714
l 2709 2713
l 2715 2708
l 2716 2715
l 868 2717
l 2718 2719
l 2720 2718
l 2721 870
l 2714 2721
l 2717 2722
l 2722 2723
l 869 2724
l 2719 2711
l 871 2725
l 2725 2716
l 2726 2727
l 2723 2726
l 2728 34
l 873 2728
l 2727 875
l 33 2720
l 34 877
l 2729 879
l 874 2729
l 2724 2730
l 2730 2731
l 2731 878
l 2732 880
l 35 2732
l 2733 2734
l 881 2733
l 882 2735
l 2736 36
l 2735 2736
l 884 2737
l 2737 37
l 36 2738
l 2734 2739
l 883 876
l 2740 38
l 2739 2740
l 2707 862
l 2741 2742
l 2743 2741
l 2742 35
l 2738 2744
l 2745 2743
l 2746 2745
l 39 2747
l 2747 886
l 2744 2748
l 2748 2749
l 2750 885
l 40 2750
l 2751 2746
l 2752 2753
l 2753 2754
l 888 2751
l 2754 2755
l 2749 2756
l 2757 2758
l 2756 2757
l 2759 40
l 890 2759
l 889 2760
l 2760 2761
l 37 2752
l 2755 2762
l 2762 2763
l 2761 892
l 2758 2764
l 2764 2765
l 2766 893
l 41 2766
l 2763 894
l 2767 41
l 895 2768
l 2768 42
l 2769 2770
l 2765 2769
l 2771 891
l 2772 2771
l 2770 2773
l 2774 2772
l 2775 896
l 42 2775
l 2776 2767
l 2777 2776
l 898 2777
l 2778 2779
l 2773 2778
l 2779 2780
l 2781 2774
l 2782 2781
l 2783 902
l 2780 2783
l 901 2784
l 2785 2786
l 2786 2787
l 2784 2788
l 2789 903
l 2790 2782
l 43 2790
l 2791 2789
l 904 2792
l 2793 2794
l 2787 2793
l 2788 905
l 2795 2796
l 2792 2795
l 2797 44
l 906 2797
l 2798 2799
l 2800 2798
l 2799 2791
l 907 2801
l 2801 43
l 44 2802
l 2796 2803
l 2804 2805
l 2805 2800
l 2806 909
l 2803 2806
l 2807 910
l 2794 2807
l 2808 2809
l 2802 2808
l 2810 2804
l 2809 911
l 2811 908
l 2812 2811
l 913 2813
l 2814 2810
l 912 2815
l 2813 2816
l 2815 915
l 2816 2817
l 2817 2818
l 2819 2812
l 916 2819
l 2820 917
l 914 2820
l 2818 2821
l 919 2814
l 2821 2822
l 897 2785
l 2822 2823
l 2823 2824
l 2824 47
l 920 2825
l 2825 46
l 2826 922
l 2827 45
l 2828 2827
l 2829 48
l 46 2829
l 925 2828
l 2830 2826
l 2831 2832
l 926 2831
l 927 2830
l 2832 50
l 2833 929
l 924 2833
l 50 930
l 2834 2835
l 2835 2836
l 2837 2838
l 49 2837
l 2839 935
l 51 2839
l 2838 937
l 2840 51
l 2841 932
l 934 2842
l 2843 2840
l 2844 2843
l 2845 2846
l 2846 2841
l 939 52
l 2842 2847
l 2847 2848
l 2849 2850
l 2850 2844
l 2848 2851
l 942 2849
l 54 2852
l 2852 53
l 941 2853
l 2854 2845
l 2855 2854
l 2856 54
l 943 2856
l 52 945
l 2851 2857
l 2857 2858
l 2859 2860
l 55 2859
l 2860 948
l 2861 2862
l 2858 2861
l 56 55
l 950 946
l 2863 2864
l 2864 952
l 2865 56
l 954 2865
l 57 2863
l 2866 953
l 58 2866
l 2867 956
l 951 2867
l 2868 58
l 958 2868
l 2862 2869
l 2869 2870
l 2870 2871
l 2872 57
l 960 2872
l 2873 961
l 962 2873
l 2874 964
l 2875 2874
l 2876 59
l 2877 2876
l 966 2877
l 967 2875
l 955 2855
l 2871 2878
l 2878 2879
l 2879 2880
l 2881 970
l 971 2881
l 972 2882
l 2882 968
l 974 965
l 969 978
l 2883 975
l 977 979
l 2880 2884
l 2884 2885
l 2886 2883
l 2887 2888
l 2885 2887
l 2889 976
l 980 2889
l 2890 2886
l 2891 2890
l 2892 2891
l 2888 2893
l 2893 2894
l 981 2895
l 2895 2896
l 2896 2897
l 2897 2892
l 2898 2899
l 931 2653
l 985 973
l 2894 986
l 2900 2901
l 2902 2900
l 2901 983
l 2903 2904
l 2904 984
l 989 2902
l 2905 2903
l 991 988
l 60 2906
l 994 2905
l 2907 995
l 2908 993
l 996 2908
l 2909 2907
l 2910 2909
l 2911 2912
l 2913 2911
l 2914 2910
l 2915 2914
l 2916 2917
l 2917 2915
l 2912 2918
l 2919 2916
l 2920 997
l 2918 2921
l 2906 2922
l 2922 2913
l 2899 2920
l 2921 2834
l 1001 2919
l 2923 1000
l 2836 2924
l 2924 2925
l 2926 2927
l 2925 2926
l 1003 2923
l 2927 2928
l 2929 1002
l 2930 2929
l 61 2930
l 2928 2931
l 2931 2932
l 2932 2933
l 2933 2934
l 2853 2898
l 2934 2935
l 2935 801
l 1005 62
l 2936 1006
l 1008 2936
l 2937 2938
l 1007 2937
l 2938 2939
l 2940 2941
l 2939 2940
l 2941 2942
l 2942 2943
l 2944 1011
l 1012 2944
l 2945 2946
l 2943 2945
l 2947 1013
l 2948 1014
l 2946 2948
l 1016 2947
l 2949 1015
l 2950 2951
l 1017 2950
l 1020 2952
l 2952 1019
l 63 2949
l 2951 2953
l 2953 2954
l 2954 2955
l 2955 2956
l 2957 1022
l 2958 2957
l 2959 2958
l 64 2959
l 2956 2960
l 2960 2961
l 2961 2962
l 2963 65
l 1024 2963
l 2964 1023
l 2962 2964
l 2965 1026
l 1027 2965
l 2966 1028
l 1030 2966
l 2967 1033
l 1034 2967
l 2968 66
l 1035 2968
l 66 1032
l 67 1036
l 1037 1038
l 1039 2969
l 2969 67
l 1043 1040
l 2970 2971
l 2971 1042
l 2972 2973
l 2974 2972
l 1046 2970
l 1047 68
l 2973 2975
l 2976 2977
l 2975 2976
l 1044 2974
l 2977 2978
l 1050 1049
l 2979 2980
l 2978 2979
l 2980 2981
l 1051 2982
l 2982 2983
l 2983 1052
l 2984 2985
l 2981 2984
l 2986 1053
l 2985 2987
l 2988 2986
l 69 2988
l 2987 1055
l 2989 69
l 70 2989
l 1054 2990
l 2991 2992
l 1056 2991
l 2992 70
l 2993 1057
l 2990 71
l 2994 2993
l 2995 2994
l 2996 2995
l 18 2996
l 2997 2998
l 17 2997
l 2998 2597
l 2999 18
l 19 2999
l 1060 3000
l 3001 1058
l 72 3001
l 1061 3002
l 3003 72
l 3004 3003
l 1064 1062
l 1068 73
l 3005 1066
l 1071 3005
l 3006 1069
l 3007 3006
l 3008 3007
l 3009 1072
l 3010 1073
l 74 3008
l 1074 3009
l 3011 3010
l 3012 74
l 3013 3011
l 1076 3012
l 3014 3013
l 3015 1075
l 3016 3014
l 1077 3015
l 3017 3016
l 3018 3017
l 75 3019
l 3020 3018
l 3021 75
l 3022 3021
l 1079 3020
l 76 1080
l 1081 3022
l 1084 1082
l 3023 1083
l 3024 77
l 1087 1086
l 3025 1085
l 3026 3027
l 3028 3026
l 3029 3028
l 3030 3029
l 3031 3030
l 3032 1089
l 3033 3031
l 1090 3032
l 3034 3033
l 1092 3035
l 3036 3037
l 78 3036
l 3038 78
l 1094 3038
l 3039 1096
l 79 1097
l 80 3039
l 1098 79
l 3040 80
l 3041 3040
l 3042 3041
l 3043 3042
l 3044 3043
l 3045 1099
l 3046 3044
l 3047 3045
l 1100 3046
l 81 3047
l 3048 81
l 82 3048
l 3049 1101
l 3050 82
l 83 3049
l 84 3050
l 3051 84
l 3052 83
l 1102 3051
l 85 3053
l 3054 85
l 3055 1103
l 1104 3054
l 1105 3055
l 3056 1106
l 3057 1107
l 3058 3056
l 3059 3057
l 3060 3058
l 3061 3059
l 3062 3063
l 1108 3064
l 3065 3062
l 3066 3065
l 3067 1109
l 3068 3066
l 3069 3067
l 1110 3068
l 3070 3069
l 3071 3070
l 3072 3071
l 3073 3072
l 3074 1111
l 3075 3073
l 3076 3075
l 3077 3076
l 3078 1112
l 3079 3077
l 3080 3078
l 3081 3079
l 1113 3080
l 3082 3081
l 3083 3082
l 1114 3084
l 3085 3083
l 3086 3085
l 3087 1115
l 3088 3086
l 86 3087
l 87 3088
l 3089 86
l 3090 87
l 3091 3089
l 3092 3090
l 1116 3092
l 3093 3091
l 3094 3093
l 1118 1117
l 3095 3094
l 1119 3095
l 3096 1121
l 3097 1122
l 3098 3096
l 3099 3097
l 3100 3099
l 88 3098
l 3101 3100
l 89 88
l 3102 3101
l 3103 89
l 3104 3102
l 1059 3103
l 3000 3104
l 3002 3105
l 3106 1123
l 3107 3106
l 90 3108
l 1124 3107
l 3109 90
l 3110 3111
l 1126 3110
l 3112 1128
l 1131 3112
l 3113 1132
l 3114 91
l 1134 3113
l 92 3114
l 3115 92
l 1137 3115
l 3116 1135
l 3117 1136
l 3118 3116
l 3119 3117
l 3120 3118
l 3121 3119
l 1139 1138
l 93 3120
l 3122 3121
l 1140 3122
l 3123 94
l 1142 3123
l 3124 1143
l 95 3124
l 3125 95
l 3126 1145
l 3127 3126
l 96 3125
l 3128 1147
l 1148 3127
l 3129 96
l 1149 3128
l 3105 1150
l 1152 3130
l 3131 1153
l 1155 1154
l 1156 3132
l 97 3133
l 98 97
l 99 98
l 3134 99
l 3135 1158
l 1159 3134
l 100 3135
l 3136 100
l 1161 1160
l 1162 3136
l 3137 1163
l 3138 3137
l 1166 3138
l 3139 1165
l 3140 3139
l 3141 3140
l 1168 3141
l 101 3142
l 1169 101
l 1172 1170
l 1175 1173
l 3143 1176
l 3144 3143
l 3145 1178
l 3146 3147
l 3148 1180
l 3149 3146
l 3150 3148
l 3151 3149
l 102 3150
l 3152 3151
l 3153 102
l 3154 3152
l 103 3153
l 3155 3154
l 3156 103
l 1181 3155
l 3157 1185
l 3158 3157
l 3159 1186
l 3160 3158
l 1187 3159
l 3161 3160
l 1188 3161
l 3162 1189
l 3163 1190
l 3164 3162
l 1191 3164
l 104 3165
l 3166 104
l 105 3167
l 106 105
l 3168 1192
l 3169 106
l 3170 3168
l 1194 3170
l 3171 1195
l 1198 1196
l 1197 3171
l 3172 1200
l 1202 1201
l 1203 3172
l 3173 3174
l 107 3173
l 3175 107
l 1206 3175
l 3176 1207
l 1210 3176
l 3177 1209
l 1211 3177
l 3108 1212
l 3111 3178
l 3179 1213
l 3180 3181
l 3182 3179
l 108 3182
l 3183 3180
l 3184 3185
l 3186 108
l 3187 3183
l 3188 3184
l 3189 3187
l 1214 3186
l 3190 3188
l 109 3189
l 3191 3190
l 110 3192
l 3193 109
l 1215 110
l 3194 3191
l 1216 3193
l 3195 3194
l 3196 3195
l 1219 1218
l 1220 3196
l 1222 3197
l 3198 1224
l 3199 3200
l 3201 1225
l 3202 3199
l 3203 3204
l 3205 3201
l 3206 3202
l 1226 3203
l 1227 3206
l 3207 3205
l 3208 3207
l 3209 3208
l 3210 1228
l 3211 1229
l 3212 3209
l 1230 3210
l 1231 3211
l 3213 3212
l 3214 3213
l 3215 1233
l 3178 3215
l 3216 3214
l 3217 1234
l 111 3217
l 3218 3216
l 3219 3218
l 3220 111
l 3221 3219
l 3222 3220
l 3223 3221
l 3224 3222
l 3225 3224
l 112 3225
l 3226 3227
l 3228 112
l 3229 3226
l 113 3228
l 3230 3229
l 1235 113
l 3231 3230
l 3232 3231
l 1237 1236
l 1238 3232
l 3233 1241
l 3234 1240
l 1242 3233
l 114 3234
l 3235 114
l 3236 3235
l 3237 3236
l 3238 1244
l 3239 3237
l 1245 3238
l 1246 3239
l 3240 1247
l 3241 1248
l 3242 3240
l 3243 3241
l 3244 3242
l 3245 3243
l 3246 3244
l 3247 3245
l 3248 3246
l 3249 3247
l 115 3248
l 3250 3249
l 3251 115
l 1249 3250
l 3252 1250
l 3253 3252
l 3254 1251
l 3255 3253
l 3256 3254
l 3257 3255
l 3258 3257
l 3259 3260
l 3261 3258
l 3262 3259
l 116 3261
l 3263 3262
l 3264 116
l 117 3263
l 118 3264
l 3265 117
l 1252 118
l 1253 3265
l 3266 1254
l 3267 3266
l 3268 1255
l 3269 3267
l 119 3268
l 1256 3269
l 3270 119
l 1257 3270
l 3271 1258
l 3272 3271
l 3273 3272
l 3274 3273
l 3275 3274
l 3276 3275
l 120 3276
l 1263 1262
l 3277 120
l 1264 3277
l 3278 1265
l 3279 3278
l 3280 3281
l 1267 3279
l 1268 3280
l 3282 1269
l 3283 3282
l 3284 1270
l 1271 3283
l 3285 3284
l 1272 3285
l 1276 1274
l 3286 1275
l 3287 3286
l 3288 3287
l 3289 3288
l 3290 1277
l 3291 3289
l 3292 3290
l 1278 3291
l 3293 3292
l 3181 3293
l 3185 3294
l 3295 1279
l 3296 3297
l 3298 3295
l 3299 3296
l 3300 3298
l 3301 3299
l 121 1281
l 3302 3300
l 1282 3301
l 3303 3302
l 3304 121
l 3305 3304
l 3306 3303
l 3307 3306
l 1284 3305
l 3308 3307
l 3309 3308
l 3310 1285
l 3311 3312
l 3313 3309
l 1287 3311
l 1288 3313
l 3314 1286
l 3315 3314
l 1290 3316
l 3317 3315
l 3318 3317
l 3319 3318
l 3320 1292
l 3321 3322
l 3323 3319
l 3324 3320
l 3325 3321
l 3326 3324
l 3327 3323
l 3328 3325
l 1293 3326
l 3329 3328
l 3330 3327
l 3331 3329
l 1295 3330
l 3332 3331
l 3333 1294
l 1296 3333
l 3334 3332
l 3335 3334
l 3336 1297
l 3337 3335
l 3294 3337
l 3338 3336
l 3339 1298
l 3340 3339
l 3341 3338
l 122 3341
l 3342 3340
l 3343 122
l 3344 3342
l 1299 3343
l 3345 3344
l 1301 3345
l 3346 1300
l 3347 3346
l 1303 3347
l 3348 1302
l 3349 3348
l 1304 3349
l 3350 1306
l 1308 3350
l 3351 1309
l 1310 3352
l 1311 3351
l 3353 1312
l 3354 3353
l 3355 1313
l 123 3354
l 3356 3355
l 3357 123
l 3358 3356
l 1314 3357
l 3359 3358
l 3360 3359
l 3361 1315
l 3362 3360
l 1316 3361
l 3363 3362
l 3364 3363
l 124 3365
l 3366 3364
l 3367 124
l 3368 3366
l 3369 3367
l 125 3368
l 3370 3369
l 3371 125
l 3372 3370
l 126 3371
l 1317 3372
l 3373 126
l 1318 3373
l 3374 1319
l 1321 3374
l 3375 1320
l 3376 3375
l 3377 3376
l 3378 1322
l 3379 3377
l 3380 3378
l 3381 3379
l 3382 3380
l 3383 3381
l 3384 3382
l 3385 3383
l 3386 3384
l 3387 3385
l 1323 3386
l 3388 3387
l 3389 3388
l 3390 3389
l 3391 1324
l 3392 3390
l 127 3391
l 3393 3392
l 3394 127
l 1325 3393
l 3395 3394
l 3396 3395
l 3397 3396
l 1329 1327
l 3398 1331
l 1333 3398
l 1335 1332
l 3399 1336
l 3400 1337
l 1339 3400
l 3401 1340
l 3402 1341
l 3403 3401
l 3404 3402
l 3405 3403
l 3406 3405
l 128 3404
l 3407 3406
l 3408 128
l 3409 3407
l 1342 3408
l 3410 3409
l 3411 3410
l 3412 1343
l 3413 3411
l 3414 3412
l 3415 3413
l 3416 3414
l 129 3415
l 3417 129
l 3418 3416
l 3297 3418
l 1280 3024
l 933 130
l 131 936
l 130 131
l 131 132
l 132 938
l 133 817
l 132 133
l 133 130
l 134 135
l 136 134
l 135 137
l 137 136
l 138 139
l 139 1344
l 134 138
l 140 135
l 1344 140
l 140 141
l 141 137
l 142 143
l 1345 142
l 143 136
l 141 1345
l 143 138
l 142 139
l 144 145
l 145 146
l 147 144
l 146 147
l 1347 148
l 149 1346
l 148 149
l 150 1349
l 149 150
l 151 1348
l 150 151
l 151 148
l 153 145
l 152 153
l 144 152
l 153 154
l 154 146
l 155 147
l 154 155
l 155 152
l 157 156
l 159 158
l 158 157
l 156 159
l 160 157
l 161 160
l 158 161
l 160 162
l 162 156
l 162 163
l 163 159
l 163 161
l 1351 164
l 165 1353
l 164 165
l 166 1352
l 165 166
l 167 1350
l 166 167
l 167 164
l 168 3419
l 169 168
l 3420 169
l 168 170
l 3421 3422
l 3422 3423
l 3423 3424
l 3424 171
l 172 3425
l 3425 3419
l 3426 3427
l 3427 3428
l 3429 3426
l 3428 3421
l 1354 3430
l 3430 173
l 3431 3429
l 3432 3431
l 175 3432
l 3433 1355
l 170 175
l 3434 3433
l 3435 3434
l 3436 3437
l 3437 3435
l 3438 3436
l 176 3438
l 3439 3440
l 3440 3441
l 3441 177
l 3442 3443
l 3443 3439
l 3444 3442
l 178 3445
l 3445 3444
l 3446 3447
l 3447 3448
l 3448 179
l 3449 3450
l 3450 3451
l 3451 3446
l 3452 3449
l 3453 3454
l 3454 3452
l 3455 3456
l 3456 3457
l 3457 3458
l 3458 3453
l 1356 3455
l 3459 1357
l 3460 3461
l 3461 3462
l 3462 3459
l 3463 3464
l 3464 3465
l 3466 3463
l 3465 3460
l 3467 3468
l 3468 3469
l 3469 3466
l 1358 3470
l 3470 3471
l 3471 3472
l 3472 3467
l 3473 1359
l 3474 3475
l 3475 3473
l 3476 3477
l 3477 3474
l 3478 3479
l 3479 3476
l 3480 3481
l 3481 3478
l 3482 3480
l 3483 3484
l 3484 3485
l 3485 3486
l 3487 3488
l 3488 3489
l 3489 3490
l 3490 3483
l 3486 3482
l 180 3487
l 3491 3492
l 3492 3493
l 3493 181
l 3494 3491
l 3495 3496
l 3496 3494
l 3497 3498
l 3498 3499
l 3499 3495
l 3500 3501
l 3501 3497
l 3502 3503
l 3503 3500
l 3504 3505
l 3505 3506
l 3506 3502
l 3507 3504
l 3508 3509
l 3509 3510
l 3510 3507
l 3511 3512
l 3512 3508
l 183 3511
l 3513 3514
l 3514 3515
l 3515 182
l 3516 3513
l 3517 3518
l 3518 3516
l 3519 3517
l 3520 3521
l 3521 3519
l 3522 3523
l 3523 3520
l 3524 3522
l 3525 3524
l 3526 3527
l 3527 3528
l 3529 3526
l 3528 3525
l 3530 3531
l 3531 3529
l 3532 3530
l 3533 3534
l 3534 3532
l 3535 3533
l 3536 3537
l 3537 3535
l 3538 3539
l 3539 3540
l 3540 3536
l 3541 3538
l 3542 3543
l 3543 3544
l 3544 3541
l 3545 3546
l 3546 3547
l 3547 3548
l 3548 3549
l 3549 3542
l 3550 3551
l 3551 3545
l 3552 3553
l 3553 3550
l 3554 3555
l 3555 3552
l 3556 3557
l 3557 3558
l 3559 3556
l 3558 3554
l 3560 3559
l 3561 3562
l 3562 3560
l 3563 3561
l 3564 3565
l 3565 3563
l 3566 3567
l 3567 3564
l 3568 3566
l 3569 3570
l 3570 3568
l 3571 3572
l 3572 3569
l 3573 3571
l 3574 3573
l 3575 3576
l 3576 3574
l 3577 3575
l 184 3577
l 3578 3579
l 3579 185
l 3580 3581
l 3581 3578
l 3582 3583
l 3583 3580
l 3584 3582
l 3585 3584
l 3586 3587
l 3587 3588
l 3588 3585
l 3589 3586
l 3590 3589
l 174 3590
l 3591 3592
l 3592 3593
l 3594 3595
l 3593 3596
l 3595 1360
l 3596 3597
l 3597 3598
l 3598 3599
l 1361 3600
l 3599 3601
l 3600 3602
l 3601 3603
l 3602 3604
l 3603 3605
l 3604 3606
l 3605 3607
l 3606 3608
l 3607 3609
l 3608 186
l 3609 3610
l 186 3611
l 3610 3612
l 3611 187
l 3612 3613
l 187 3614
l 3613 3615
l 3614 3616
l 3615 3617
l 3616 3618
l 3617 3619
l 3618 1362
l 3619 3620
l 3620 3621
l 3621 3622
l 1363 3623
l 3622 3624
l 3623 3625
l 3624 3626
l 3625 3627
l 3626 3628
l 3627 3629
l 3628 3630
l 3629 3631
l 3630 3632
l 3631 3633
l 3632 3634
l 3633 3635
l 3634 3636
l 3635 3637
l 3636 3638
l 3637 3639
l 3638 3640
l 3639 3641
l 3640 3642
l 3641 3643
l 3642 3644
l 3643 3645
l 3644 3646
l 3645 3647
l 3646 3648
l 3647 3649
l 3648 188
l 3649 3650
l 3650 3651
l 3652 189
l 189 3653
l 3653 3654
l 3655 3656
l 3654 3657
l 3656 3658
l 3657 3659
l 3658 3660
l 3659 3661
l 3660 3662
l 3661 3663
l 3662 3664
l 3663 3665
l 3664 3666
l 3665 3667
l 3666 1364
l 3667 3668
l 3668 3669
l 3669 3670
l 1365 3671
l 3670 3672
l 3671 3673
l 3672 3674
l 3673 3675
l 3674 3676
l 3675 3677
l 3676 3678
l 3678 3679
l 3677 3680
l 3679 3681
l 3680 3682
l 3681 3683
l 3682 3684
l 3683 1366
l 3684 3685
l 3685 3686
l 3686 3687
l 3687 3688
l 3688 3689
l 1368 3690
l 3690 3691
l 3689 3692
l 3691 3693
l 3692 3694
l 3693 3695
l 3694 3696
l 3695 3697
l 3696 1369
l 3697 3698
l 3698 3699
l 3699 3700
l 1370 3701
l 3700 3702
l 3702 3703
l 1371 3704
l 3703 3705
l 3704 3706
l 3705 3707
l 3707 3708
l 3706 3709
l 3708 3710
l 3709 3711
l 3710 3712
l 3711 3713
l 3712 3714
l 3713 3715
l 3714 3716
l 3715 3717
l 3716 3718
l 3717 3719
l 3718 3720
l 3719 3721
l 3720 3722
l 3721 3723
l 3722 3724
l 3723 3725
l 3724 1372
l 3725 3726
l 3726 3727
l 1373 3728
l 3727 3729
l 3728 3730
l 3729 3731
l 3730 3732
l 3731 3733
l 3732 3734
l 3733 190
l 3734 191
l 190 3735
l 191 3736
l 1374 3737
l 1375 3738
l 3738 3739
l 3737 3740
l 3739 3741
l 3740 3742
l 3741 3743
l 3742 3744
l 3743 3745
l 3744 3746
l 3745 3747
l 3746 3748
l 3747 3749
l 3748 3750
l 3749 3751
l 3750 3752
l 3751 3753
l 3753 3420
l 3752 3754
l 3754 192
l 3755 193
l 193 3756
l 3756 3757
l 3757 3758
l 3758 3591
l 3594 194
l 195 169
l 194 195
l 195 170
l 175 194
l 3759 3760
l 3761 3759
l 3762 3761
l 3763 3762
l 3764 3765
l 3766 3764
l 3767 3766
l 3768 3763
l 3769 3770
l 3771 3768
l 3772 3771
l 3773 3769
l 3774 3772
l 3775 3773
l 3776 3775
l 3777 3778
l 3779 3774
l 3780 3779
l 3781 3780
l 3782 3781
l 3783 3784
l 3785 3783
l 3786 3782
l 3787 3785
l 3788 3786
l 3789 3788
l 3790 3791
l 3792 3787
l 3793 3789
l 3794 3792
l 3795 3794
l 3796 3793
l 3797 3795
l 3798 3797
l 3799 3796
l 3800 3799
l 3801 3800
l 3802 3798
l 3803 3802
l 3804 3803
l 3805 3801
l 3806 3807
l 3808 3805
l 3809 3808
l 3810 3806
l 3811 3804
l 3812 3813
l 3814 3812
l 3815 3814
l 3816 3815
l 3817 3816
l 3818 3817
l 3819 3810
l 3820 3821
l 3813 3820
l 3822 3811
l 3823 3822
l 3824 3809
l 3825 3824
l 3826 3825
l 3827 3823
l 3828 3827
l 3829 3828
l 3830 3829
l 3831 3826
l 3832 3831
l 3833 3832
l 3834 3830
l 3835 3834
l 3836 3833
l 3837 3835
l 3838 3837
l 3839 3838
l 3840 3836
l 3841 3840
l 3842 3839
l 3843 3842
l 3844 3843
l 3845 3846
l 3847 3845
l 3848 3841
l 3849 3848
l 3850 3849
l 3851 3850
l 3852 3851
l 3853 3852
l 3854 3853
l 3855 3854
l 3856 3857
l 3858 3856
l 3765 3858
l 3859 3855
l 3860 3776
l 3861 3862
l 3862 3860
l 3863 3859
l 3864 3863
l 3865 3861
l 3866 3865
l 3867 3866
l 3868 3864
l 3869 3867
l 3784 3869
l 3870 3868
l 3871 3870
l 3872 3871
l 3873 3777
l 3874 3873
l 3875 3872
l 3876 3875
l 3877 3876
l 3878 3879
l 3880 3877
l 3791 3878
l 3881 3880
l 3882 3881
l 3883 3884
l 3885 3883
l 3886 3882
l 3887 3886
l 3888 3887
l 3889 3890
l 3891 3889
l 3892 3888
l 3893 3819
l 3894 3892
l 3895 3893
l 3896 3894
l 3897 3895
l 3898 3896
l 3899 3898
l 3900 3899
l 3901 3900
l 3902 3903
l 3904 3902
l 3884 3904
l 3905 3901
l 3906 3885
l 3907 3906
l 3908 3905
l 3909 3908
l 3910 3909
l 3911 3910
l 3912 3911
l 3913 3912
l 3914 3913
l 3915 3914
l 3890 3916
l 3917 3891
l 3918 3919
l 3920 3917
l 3919 3915
l 3921 3918
l 3922 3921
l 3923 3924
l 3925 3923
l 3857 3925
l 3926 3922
l 3927 3926
l 3928 3927
l 3929 3928
l 3930 3929
l 3931 3930
l 3932 3931
l 3933 3874
l 3934 3932
l 3935 3934
l 3821 3935
l 3879 3936
l 3937 3938
l 3939 3937
l 3903 3939
l 3940 3907
l 3941 3897
l 3942 3941
l 3943 3942
l 3944 3945
l 3916 3944
l 3946 3920
l 3947 3946
l 3948 3947
l 3949 3950
l 3951 3949
l 3924 3951
l 3952 3953
l 3954 3952
l 3955 3954
l 3956 3955
l 3957 3956
l 3958 3957
l 3959 3958
l 3960 3959
l 3961 3960
l 3962 3961
l 3963 3962
l 3964 3963
l 3965 3933
l 3966 3964
l 3967 3965
l 3968 3966
l 3969 3968
l 3970 3969
l 3971 3970
l 3972 3973
l 3936 3972
l 3974 3971
l 3975 3974
l 3976 3975
l 3977 3976
l 3978 3977
l 3979 3978
l 3980 3979
l 3981 3980
l 3982 3767
l 3983 3982
l 3984 3981
l 3938 3983
l 3985 3984
l 3986 3985
l 3987 3943
l 3988 3986
l 3989 3988
l 3990 3987
l 3991 3940
l 3778 3991
l 3770 3990
l 3992 3989
l 3993 3992
l 3994 3993
l 3995 3994
l 3996 3995
l 3997 3996
l 3998 3997
l 3999 3998
l 4000 3790
l 3945 4000
l 4001 3999
l 4002 4001
l 4003 4002
l 4004 4003
l 4005 3948
l 4006 4004
l 4007 4006
l 4008 4005
l 3807 4008
l 4009 4007
l 4010 4009
l 4011 4010
l 4012 4011
l 4013 3818
l 4014 4013
l 3950 4014
l 4015 4012
l 4016 4015
l 4017 4016
l 4018 4017
l 4019 4018
l 4020 4019
l 4021 4020
l 4022 4021
l 4023 4022
l 4024 4023
l 3846 3967
l 3973 3847
l 4025 4024
l 4026 4025
l 3760 4026
l 4027 4028
l 4029 4030
l 4031 4032
l 4033 4034
l 4035 4036
l 4037 4038
l 4039 4040
l 4041 4042
l 4043 4044
l 4045 4046
l 4047 4048
l 4049 4047
l 4050 4051
l 4052 4050
l 4053 4052
l 4054 4053
l 4055 4054
l 4056 4055
l 4057 4056
l 4058 4059
l 4060 4058
l 4061 4062
l 4063 4061
l 4064 4063
l 4065 4066
l 4067 4065
l 4068 4069
l 4070 4071
l 4072 4070
l 4073 4072
l 4074 4073
l 4075 4074
l 4076 4075
l 4077 4078
l 4079 4080
l 4081 4079
l 4082 4083
l 4084 4082
l 4085 4077
l 4086 4087
l 4088 4086
l 4089 4088
l 4090 4091
l 4092 4090
l 4093 4094
l 4095 4096
l 4097 4093
l 4098 4099
l 4100 4098
l 4101 4102
l 4103 4100
l 4104 4101
l 4105 4106
l 4107 4108
l 4109 4107
l 4110 4111
l 4112 4113
l 4114 4115
l 4116 4114
l 4117 4118
l 4119 4120
l 4121 4122
l 4123 4121
l 4124 4125
l 4126 4124
l 4127 4126
l 4128 4129
l 4113 4128
l 4130 4131
l 4132 4130
l 4133 4134
l 4118 4133
l 4135 4136
l 4137 4138
l 4139 4137
l 4140 4141
l 4142 4143
l 4144 4142
l 4145 4057
l 4146 4147
l 4148 4149
l 4150 4148
l 4151 4035
l 4038 4152
l 4042 4097
l 4153 4041
l 4108 4043
l 4154 4155
l 4156 4154
l 4157 4156
l 4158 4157
l 4159 4158
l 4160 4159
l 4161 4160
l 4162 4163
l 4164 4162
l 4165 4166
l 4167 4165
l 4168 4169
l 4080 4168
l 4170 4171
l 4172 4081
l 4048 4170
l 4173 4174
l 4034 4049
l 4175 4084
l 4176 4175
l 4091 4176
l 4177 4178
l 4179 4177
l 4180 4095
l 4181 4039
l 4078 4181
l 4182 4183
l 4184 4185
l 4102 4186
l 4187 4068
l 4188 4187
l 4189 4188
l 4190 4191
l 4141 4190
l 4192 4144
l 4193 4194
l 4195 4196
l 4197 4112
l 4198 4197
l 4044 4193
l 4199 4195
l 4149 4200
l 4201 4202
l 4030 4203
l 4028 4031
l 4204 4027
l 4036 4033
l 4040 4037
l 4094 4085
l 4205 4198
l 4206 4205
l 4207 4206
l 4208 4207
l 4209 4208
l 4210 4139
l 4211 4210
l 4051 4211
l 4212 4145
l 4213 4212
l 4214 4213
l 4215 4214
l 4216 4215
l 4217 4216
l 4059 4217
l 4046 4109
l 4147 4060
l 3953 4045
l 4032 4029
l 4194 4153
l 4218 3844
l 4219 4218
l 4220 4219
l 4221 4220
l 4222 4221
l 4223 4222
l 4224 4223
l 4225 4224
l 4226 4225
l 4227 4226
l 4228 4229
l 4230 4228
l 4231 4230
l 4232 4231
l 4229 4227
l 4233 4232
l 4234 4233
l 4235 4234
l 4236 4235
l 4237 4236
l 4238 4237
l 4239 4238
l 4240 4239
l 4241 4240
l 4242 4241
l 4243 4242
l 4244 4243
l 4245 4246
l 4247 4245
l 4248 4247
l 4249 4248
l 4155 4249
l 4246 4244
l 4062 4250
l 4251 4252
l 4252 4161
l 4066 4064
l 4253 4251
l 4254 4253
l 4255 4256
l 4163 4255
l 4256 4254
l 4257 4164
l 4071 4257
l 4166 4076
l 4258 4167
l 4259 4258
l 4169 4259
l 4260 4146
l 4261 4260
l 4262 4261
l 4263 4262
l 4250 4263
l 4264 4067
l 4265 4173
l 4266 4264
l 4069 4266
l 4267 4268
l 4269 4267
l 4270 4269
l 4271 4265
l 4272 4270
l 4273 4271
l 4087 4273
l 4274 4172
l 4275 4092
l 4096 4275
l 4268 4274
l 4276 4089
l 4178 4276
l 4277 4184
l 4186 4277
l 4278 4104
l 4129 4278
l 4279 4103
l 4106 4279
l 4280 4179
l 4099 4280
l 4281 4272
l 4083 4281
l 4115 4110
l 4134 4209
l 4282 4116
l 4283 4117
l 4284 4282
l 4138 4283
l 4285 4284
l 4183 4105
l 4120 4285
l 4125 4180
l 4111 4182
l 4286 4123
l 4287 4286
l 4131 4287
l 4185 4288
l 4136 4132
l 4288 4127
l 4289 4140
l 4143 4289
l 4122 4119
l 4290 4150
l 4202 4290
l 4191 4135
l 4291 4204
l 4171 4291
l 4196 4192
l 4292 4199
l 4200 4292
l 4152 4151
l 4174 4189
l 4203 4201
l 4293 4294
l 4295 4296
l 4297 4298
l 4299 4300
l 4301 4302
l 4303 4304
l 4305 4306
l 4307 4308
l 4309 4293
l 4310 4311
l 4298 4312
l 4313 4314
l 4300 4315
l 4316 4317
l 4318 4295
l 4319 4301
l 4320 4303
l 4321 4309
l 4311 4322
l 4322 4323
l 4324 4321
l 4312 4325
l 4326 4319
l 4317 4327
l 4306 4328
l 4314 4329
l 4330 4318
l 4331 4320
l 4315 4332
l 4325 4333
l 4334 4324
l 4323 4335
l 4327 4336
l 4337 4326
l 4338 4330
l 4339 4334
l 4335 4340
l 4340 4341
l 4332 4342
l 4343 4344
l 4329 4345
l 4345 4346
l 4328 4347
l 4348 4337
l 4349 4339
l 4350 4331
l 4333 4351
l 4336 4352
l 4353 4348
l 4354 4307
l 4342 4355
l 4341 4356
l 4357 4338
l 4358 4349
l 4359 4350
l 4351 4360
l 4361 4359
l 4362 4353
l 4363 4357
l 4352 4364
l 4365 4354
l 4366 4343
l 4356 4367
l 4346 4368
l 4347 4369
l 4355 4370
l 4360 4371
l 4372 4361
l 4373 4363
l 4374 4362
l 4367 4375
l 4375 4376
l 4364 4377
l 4378 4358
l 4379 4374
l 4370 4380
l 4371 4381
l 4382 4372
l 4383 4366
l 4384 4365
l 4368 4385
l 4376 4386
l 4387 4378
l 4388 4379
l 4389 4373
l 4377 4390
l 4391 4382
l 4369 4392
l 4381 4393
l 4394 4384
l 4380 4395
l 4386 4396
l 4397 4389
l 4398 4388
l 4390 4399
l 4400 4398
l 4401 4391
l 4396 4402
l 4385 4403
l 4403 4404
l 4393 4405
l 4399 4406
l 4395 4407
l 4408 4387
l 4409 4394
l 4410 4400
l 4402 4411
l 4392 4412
l 4413 4397
l 4405 4414
l 4404 4415
l 4407 4416
l 4417 4401
l 4418 4409
l 4419 4410
l 4411 4420
l 4406 4421
l 4422 4408
l 4423 4419
l 4424 4417
l 4414 4425
l 4420 4426
l 4427 4424
l 4428 4413
l 4416 4429
l 4421 4430
l 4431 4423
l 4432 4383
l 4415 4433
l 4433 4434
l 4425 4435
l 4426 4436
l 4437 4431
l 4438 4427
l 4439 4428
l 4412 4440
l 4430 4441
l 4429 4442
l 4443 4422
l 4435 4444
l 4445 4437
l 4446 4438
l 4442 4447
l 4448 4439
l 4441 4449
l 4450 4418
l 4436 4451
l 4452 4432
l 4434 4453
l 4453 4454
l 4455 4445
l 4444 4456
l 4457 4448
l 4458 4455
l 4459 4450
l 4447 4460
l 4449 4461
l 4462 4443
l 4463 4446
l 4456 4464
l 4440 4465
l 4466 4458
l 4467 4463
l 4451 4468
l 4469 4457
l 4470 4452
l 4454 4471
l 4471 4472
l 4460 4473
l 4461 4474
l 4475 4466
l 4476 4467
l 4477 4459
l 4464 4478
l 4479 4462
l 4480 4475
l 4481 4469
l 4474 4482
l 4473 4483
l 4484 4476
l 4485 4477
l 4478 4486
l 4468 4487
l 4488 4480
l 4489 4481
l 4490 4470
l 4472 4491
l 4491 4492
l 4482 4493
l 4483 4494
l 4495 4484
l 4496 4488
l 4486 4497
l 4498 4489
l 4465 4499
l 4500 4496
l 4501 4485
l 4487 4502
l 4503 4479
l 4494 4504
l 4493 4505
l 4506 4495
l 4492 4507
l 4507 4508
l 4509 4498
l 4510 4500
l 4511 4501
l 4504 4512
l 4497 4513
l 4505 4514
l 4515 4506
l 4516 4510
l 4517 4509
l 4502 4518
l 4519 4516
l 4513 4520
l 4512 4521
l 4514 4522
l 4523 4515
l 4524 4503
l 4525 4517
l 4526 4519
l 4508 4527
l 4527 4528
l 4521 4529
l 4530 4523
l 4522 4531
l 4532 4526
l 4520 4533
l 4499 4534
l 4535 4511
l 4518 4536
l 4537 4532
l 4529 4538
l 4539 4525
l 4531 4540
l 4533 4541
l 4542 4537
l 4543 4530
l 4544 4490
l 4528 4545
l 4545 4546
l 4547 4542
l 4546 4548
l 4549 4539
l 4550 4535
l 4538 4551
l 4536 4552
l 4553 4543
l 4554 4547
l 4541 4555
l 4556 4524
l 4557 4549
l 4540 4558
l 4551 4559
l 4560 4550
l 4561 4554
l 4562 4553
l 4563 4562
l 4564 4561
l 4534 4565
l 4555 4566
l 4558 4567
l 4568 4544
l 4548 4569
l 4569 4570
l 4570 4571
l 4552 4572
l 4559 4573
l 4574 4564
l 4575 4557
l 4567 4576
l 4573 4577
l 4578 4560
l 4579 4574
l 4580 4579
l 4577 4581
l 4566 4582
l 4583 4575
l 4584 4563
l 4572 4585
l 4576 4586
l 4571 4587
l 4587 4588
l 4588 4589
l 4590 4556
l 4591 4578
l 4592 4580
l 4593 4584
l 4594 4583
l 4581 4595
l 4586 4596
l 4582 4597
l 4598 4592
l 4599 4593
l 4600 4598
l 4601 4594
l 4595 4602
l 4603 4591
l 4585 4604
l 4605 4599
l 4606 4607
l 4608 4600
l 4609 4568
l 4589 4610
l 4597 4611
l 4610 4612
l 4612 4613
l 4613 4614
l 4596 4615
l 4602 4616
l 4617 4601
l 4618 4608
l 4565 4619
l 4620 4603
l 4621 4618
l 4622 4590
l 4623 4606
l 4607 4624
l 4616 4625
l 4615 4626
l 4604 4627
l 4628 4617
l 4629 4621
l 4630 4605
l 4625 4631
l 4611 4632
l 4633 4630
l 4634 4629
l 4635 4609
l 4614 4636
l 4636 4637
l 4637 4638
l 4638 4639
l 4626 4640
l 4639 4641
l 4641 4642
l 4643 4628
l 4644 4634
l 4645 4623
l 4624 4646
l 4631 4647
l 4648 4633
l 4627 4649
l 4650 4644
l 4632 4651
l 4652 4643
l 4647 4653
l 4640 4654
l 4655 4620
l 4656 4650
l 4657 4622
l 4658 4656
l 4653 4659
l 4646 4660
l 4661 4648
l 4649 4662
l 4663 4652
l 4642 4664
l 4664 4665
l 4665 4666
l 4666 4667
l 4654 4668
l 4667 4669
l 4669 4670
l 4670 4671
l 4671 4672
l 4672 4673
l 4673 4674
l 4674 4675
l 4676 4658
l 4659 4677
l 4619 4678
l 4651 4679
l 4680 4655
l 4681 4676
l 4682 4663
l 4683 4661
l 4684 4681
l 4685 4645
l 4677 4686
l 4662 4687
l 4688 4684
l 4668 4689
l 4690 4683
l 4675 4691
l 4691 4692
l 4692 4693
l 4694 4680
l 4693 4695
l 4695 4696
l 4697 4682
l 4696 4698
l 4698 4699
l 4699 4700
l 4700 4701
l 4701 4702
l 4702 4703
l 4703 4704
l 4704 4705
l 4686 4706
l 4705 4707
l 4707 4708
l 4708 4709
l 4709 4710
l 4679 4711
l 4710 4712
l 4712 4713
l 4713 4714
l 4714 4715
l 4715 4716
l 4716 4717
l 4717 4718
l 4718 4719
l 4719 4720
l 4720 4721
l 4721 4722
l 4722 4723
l 4723 4724
l 4724 4725
l 4725 4726
l 4726 4727
l 4728 4688
l 4727 4729
l 4729 4730
l 4730 4731
l 4731 4732
l 4733 4728
l 4689 4734
l 4706 4735
l 4736 4685
l 4737 4690
l 4660 4738
l 4739 4657
l 4740 4697
l 4741 4733
l 4735 4742
l 4687 4743
l 4711 4744
l 4745 4741
l 4742 4746
l 4747 4694
l 4734 4748
l 4749 4635
l 4732 4750
l 4750 4751
l 4751 4752
l 4752 4753
l 4753 4754
l 4754 4755
l 4755 4756
l 4756 4757
l 4758 4745
l 4759 4737
l 4760 4758
l 4761 4736
l 4762 4747
l 4738 4763
l 4743 4764
l 4746 4765
l 4748 4766
l 4767 4760
l 4765 4768
l 4769 4740
l 4770 4759
l 4757 4771
l 4771 4772
l 4772 4773
l 4773 4774
l 4774 4775
l 4744 4776
l 4678 4777
l 4778 4767
l 4779 4770
l 4768 4780
l 4766 4781
l 4782 4778
l 4783 4769
l 4784 4782
l 4785 4761
l 4763 4786
l 4787 4762
l 4780 4788
l 4789 4779
l 4790 4739
l 4764 4791
l 4792 4784
l 4776 4793
l 4794 4749
l 4788 4795
l 4796 4783
l 4775 4797
l 4797 4798
l 4798 4799
l 4800 4792
l 4799 4801
l 4781 4802
l 4795 4803
l 4804 4787
l 4805 4800
l 4791 4806
l 4803 4807
l 4808 4789
l 4809 4785
l 4810 4805
l 4811 4796
l 4786 4812
l 4813 4810
l 4807 4814
l 4815 4813
l 4816 4794
l 4801 4817
l 4818 4804
l 4817 4819
l 4819 4820
l 4820 4821
l 4793 4822
l 4802 4823
l 4814 4824
l 4825 4808
l 4826 4815
l 4827 4811
l 4824 4828
l 4812 4829
l 4806 4830
l 4831 4826
l 4828 4832
l 4833 4831
l 4821 4834
l 4834 4835
l 4835 4836
l 4837 4825
l 4823 4838
l 4839 4833
l 4840 4827
l 4822 4841
l 4832 4842
l 4843 4790
l 4844 4837
l 4845 4839
l 4846 4818
l 4830 4847
l 4842 4848
l 4849 4845
l 4848 4850
l 4838 4851
l 4852 4849
l 4850 4853
l 4829 4854
l 4855 4840
l 4856 4816
l 4836 4857
l 4857 4858
l 4859 4852
l 4858 4860
l 4853 4861
l 4862 4846
l 4863 4859
l 4777 4864
l 4865 4863
l 4861 4866
l 4851 4867
l 4868 4865
l 4869 4844
l 4847 4870
l 4871 4855
l 4866 4872
l 4873 4868
l 4841 4874
l 4875 4869
l 4872 4876
l 4877 4843
l 4878 4873
l 4876 4879
l 4880 4809
l 4860 4881
l 4881 4882
l 4883 4878
l 4854 4884
l 4879 4885
l 4886 4871
l 4887 4883
l 4885 4888
l 4867 4889
l 4870 4890
l 4891 4887
l 4892 4875
l 4888 4893
l 4864 4894
l 4895 4891
l 4896 4895
l 4893 4897
l 4882 4898
l 4898 4899
l 4900 4896
l 4901 4877
l 4897 4902
l 4903 4886
l 4904 4900
l 4905 4901
l 4902 4906
l 4889 4907
l 4908 4862
l 4909 4904
l 4906 4910
l 4874 4911
l 4912 4909
l 4913 4892
l 4910 4914
l 4915 4912
l 4916 4880
l 4917 4913
l 4914 4918
l 4884 4919
l 4919 4920
l 4921 4915
l 4918 4922
l 4894 4923
l 4924 4921
l 4890 4925
l 4922 4926
l 4927 4924
l 4926 4928
l 4929 4927
l 4930 4856
l 4928 4931
l 4932 4929
l 4899 4933
l 4933 4934
l 4907 4935
l 4936 4932
l 4931 4936
l 4937 4908
l 4938 4917
l 4939 4905
l 4911 4940
l 4925 4941
l 4942 4903
l 4923 4943
l 4944 4939
l 4945 4916
l 4920 4946
l 4947 4930
l 4934 4948
l 4948 4949
l 4950 4938
l 4935 4951
l 4952 4937
l 4953 4942
l 4954 4944
l 4949 4955
l 4955 4956
l 4941 4957
l 4940 4305
l 4951 4297
l 4958 4950
l 4943 4299
l 4296 4952
l 4959 4953
l 4344 4945
l 4946 4313
l 4302 4954
l 4957 4316
l 4294 4958
l 4308 4947
l 4956 4960
l 4960 4310
l 4304 4959
l 4961 4962
l 4962 4963
l 4964 4965
l 4963 4964
l 4966 4961
l 4967 4968
l 4969 4967
l 4970 4971
l 4971 4972
l 4973 4974
l 4974 4966
l 4975 4976
l 4968 4975
l 4976 4977
l 4965 197
l 198 4978
l 4979 4973
l 4980 4979
l 4981 4980
l 4982 4983
l 4983 4984
l 4985 4986
l 4987 4985
l 4988 4989
l 4989 4981
l 4990 4991
l 4984 4990
l 4992 4988
l 4993 4994
l 4972 4993
l 4978 4982
l 4995 4996
l 4991 4995
l 4977 4997
l 4997 4998
l 4999 5000
l 5000 4992
l 4998 5001
l 5001 5002
l 5003 5004
l 4994 5003
l 5002 5005
l 5005 5006
l 5007 4999
l 5008 5009
l 4996 5008
l 5010 5007
l 5011 5010
l 5012 5013
l 5009 5012
l 5014 5011
l 5013 5015
l 5016 5017
l 4986 5016
l 5018 5019
l 5020 5018
l 5019 5014
l 5015 5021
l 5022 5023
l 5021 5022
l 5024 5020
l 5025 5026
l 5006 5025
l 5027 5028
l 5004 5027
l 5029 5030
l 5026 5029
l 5031 5032
l 5023 5031
l 5033 5024
l 5034 5033
l 5035 5036
l 5028 5035
l 5032 5037
l 5038 5039
l 5017 5038
l 5040 5034
l 5037 5041
l 5042 5043
l 5041 5042
l 1376 199
l 5044 5045
l 5046 5044
l 5045 5040
l 5043 5047
l 5047 5048
l 5030 5049
l 5049 5050
l 5051 5052
l 5048 5051
l 5050 5053
l 5054 5055
l 5056 5054
l 5055 5057
l 5057 5046
l 5053 5058
l 5058 5059
l 5052 5060
l 5036 1379
l 5061 5062
l 5062 5056
l 5039 5063
l 5064 5065
l 5060 5064
l 5066 5061
l 5067 5066
l 5068 5067
l 5069 5070
l 5071 5069
l 5070 5072
l 5059 5073
l 5073 5074
l 5074 5075
l 5076 5077
l 5078 5076
l 5075 5079
l 5079 5080
l 5065 5071
l 5072 5081
l 5082 5083
l 5081 5082
l 1381 5078
l 5077 5068
l 5063 1382
l 5084 5085
l 5083 5084
l 5086 1380
l 5087 5086
l 5088 5089
l 5085 5088
l 5080 5090
l 5091 5092
l 5089 5091
l 5093 5094
l 5095 5093
l 5094 5087
l 5096 5097
l 5090 5096
l 5098 5099
l 5097 5098
l 5100 5095
l 5101 5102
l 5092 5101
l 1378 5103
l 5103 5104
l 5105 5106
l 5104 5105
l 5107 5108
l 5108 5100
l 5109 5110
l 5102 5109
l 5110 1384
l 5111 5107
l 5112 5111
l 199 200
l 5113 5114
l 5106 5113
l 5115 5112
l 1385 5116
l 5117 5115
l 5118 5117
l 5119 5120
l 1383 5119
l 5121 5122
l 5099 5121
l 5122 5123
l 5124 5118
l 5125 5126
l 5116 5125
l 5127 5128
l 5126 5127
l 5129 5130
l 5131 5129
l 5130 5124
l 5132 5133
l 5114 5132
l 5134 5131
l 5135 5134
l 5128 202
l 5133 5136
l 5137 5135
l 5138 5139
l 5123 5138
l 201 1386
l 5139 5140
l 5140 5141
l 5142 5143
l 5120 5142
l 1388 5137
l 5144 5145
l 1387 5144
l 5146 1389
l 5147 5146
l 5148 5149
l 5145 5148
l 1390 5147
l 5150 5151
l 5141 5150
l 5152 5153
l 5149 5152
l 5151 5154
l 5153 5155
l 5143 5156
l 5156 5157
l 5158 5159
l 5160 5158
l 1392 1391
l 5161 5162
l 5155 5161
l 5163 5164
l 5162 5163
l 5165 5166
l 5167 5165
l 5164 5168
l 5166 1393
l 5169 5167
l 5170 5171
l 5171 5172
l 5173 5169
l 5168 5174
l 5154 5170
l 5172 5175
l 5175 5176
l 5176 5177
l 5159 5178
l 5178 1394
l 5157 5179
l 5179 5180
l 5180 203
l 5177 5181
l 203 196
l 1377 5182
l 5181 5183
l 5184 5185
l 5183 5184
l 1395 5186
l 5185 5187
l 5188 5189
l 5187 5188
l 5189 5190
l 200 1377
l 5191 5192
l 5186 5191
l 5192 204
l 5174 1376
l 5190 205
l 206 5193
l 5193 5194
l 5194 5195
l 5136 5160
l 207 5196
l 5197 5198
l 5195 5197
l 5198 5199
l 5200 5201
l 5199 5200
l 5196 5202
l 5202 5203
l 5203 5204
l 5201 5205
l 196 5173
l 5206 5207
l 5205 5206
l 5208 5209
l 5204 5208
l 5210 5211
l 5182 5210
l 5212 5213
l 5207 5212
l 5211 5214
l 5213 5215
l 5215 5216
l 5214 5217
l 5217 5218
l 5218 5219
l 5216 5220
l 5221 208
l 5219 5221
l 5222 5223
l 5209 5222
l 5224 5225
l 5226 5224
l 5220 5226
l 5225 5227
l 5228 5229
l 209 5228
l 5229 4969
l 5230 4970
l 5227 5230
l 5223 5231
l 5232 4987
l 5231 5232
l 210 196
l 211 210
l 203 211
l 210 5233
l 5234 5235
l 5236 5234
l 5237 5238
l 5239 5240
l 5241 5237
l 5242 5239
l 5243 5241
l 5244 5242
l 5245 5243
l 5246 5244
l 5247 5245
l 5248 5246
l 5249 5247
l 5250 5248
l 5251 5249
l 5252 5250
l 5253 5251
l 5254 5252
l 5255 5253
l 5256 5254
l 5257 5255
l 5258 5256
l 5259 5257
l 5260 5258
l 5261 5259
l 5262 5260
l 1396 5261
l 5263 5262
l 5264 5263
l 5265 5264
l 212 1397
l 5266 212
l 5267 5265
l 5268 5267
l 213 5266
l 214 5268
l 5269 213
l 5270 214
l 5271 5269
l 215 5270
l 5272 5271
l 5273 215
l 5274 5272
l 5275 5273
l 5276 5275
l 5277 5274
l 5278 5276
l 1398 5277
l 5279 5278
l 5280 5279
l 5281 1399
l 5282 5281
l 5283 5284
l 5285 5282
l 5286 5285
l 5287 5288
l 5289 5286
l 5290 5287
l 5291 5289
l 5292 5290
l 5293 5291
l 5294 5292
l 5295 5293
l 5296 5294
l 5297 5295
l 5298 5296
l 5299 5297
l 5300 5298
l 5301 5299
l 5302 5300
l 5303 5302
l 5304 5301
l 5305 5304
l 5306 5303
l 1400 5306
l 5307 5305
l 5308 5307
l 5309 5308
l 5310 1401
l 5311 5309
l 5312 5310
l 5313 5311
l 1402 5312
l 5314 5313
l 5315 5314
l 5316 5315
l 1404 1403
l 5317 5316
l 5318 5317
l 5319 5318
l 5320 1405
l 5321 5320
l 5322 5319
l 5323 5321
l 5324 5322
l 5325 5323
l 5326 5324
l 5233 5325
l 5327 5326
l 5328 5327
l 5329 5330
l 5331 5329
l 5332 5331
l 5333 5332
l 5334 5333
l 5335 5334
l 5336 5335
l 5337 5336
l 5338 5337
l 5339 5338
l 5340 5341
l 5342 5340
l 5343 5342
l 5344 5343
l 216 5344
l 5345 216
l 217 5345
l 5346 217
l 5347 5346
l 5348 5347
l 5349 5348
l 5350 5349
l 5351 5350
l 5352 5351
l 5353 5352
l 5354 5353
l 5355 5354
l 5356 5355
l 5357 5356
l 5358 5357
l 5359 5358
l 5360 5359
l 5361 5360
l 5362 5361
l 5363 5362
l 5364 5363
l 5365 5364
l 5366 5365
l 5235 5366
l 5238 1406
l 218 199
l 1406 218
l 218 219
l 219 200
l 219 1407
l 1407 5367
l 5368 5369
l 5370 5368
l 5371 5372
l 5373 5370
l 5374 5371
l 5375 5373
l 5376 5374
l 5377 5375
l 5378 5376
l 5379 5377
l 5380 5378
l 5381 5379
l 5382 5380
l 5383 5381
l 5384 5382
l 5385 5383
l 1408 5384
l 5386 5385
l 5387 5386
l 5388 5387
l 5389 1409
l 5390 5388
l 5391 5389
l 5392 5390
l 5393 5391
l 5394 5392
l 5395 5393
l 5396 5395
l 5397 5394
l 5398 5396
l 5399 5398
l 5400 5399
l 5401 5402
l 5403 5401
l 5404 5400
l 5405 5403
l 5406 5404
l 5407 5406
l 5408 5405
l 5409 5408
l 5410 5407
l 5411 5410
l 5412 5409
l 5413 5411
l 5414 5412
l 5415 5414
l 5416 5413
l 5417 5415
l 5418 5416
l 5419 5417
l 5420 5418
l 5421 5419
l 5422 5420
l 5423 5421
l 1410 5422
l 5424 5423
l 5425 5424
l 220 5426
l 5427 5425
l 5428 220
l 5429 5427
l 5430 5428
l 5431 5429
l 5432 5431
l 1411 5433
l 5434 5432
l 5435 5434
l 5436 5435
l 5437 1412
l 5438 5436
l 5439 5438
l 5440 5437
l 5441 5440
l 5442 5439
l 5443 5442
l 5444 5441
l 5445 5444
l 5446 5443
l 5447 5446
l 5448 5445
l 5449 5447
l 5450 5448
l 5451 5449
l 5452 5450
l 5453 5451
l 5454 5452
l 5455 5454
l 1413 5453
l 5456 5455
l 5457 5456
l 5458 1414
l 5459 5457
l 5460 5458
l 1415 5459
l 5461 5460
l 5462 5461
l 5463 5462
l 5464 1416
l 5465 5463
l 5466 5464
l 5467 5465
l 5367 5467
l 5468 5466
l 5469 5468
l 5470 5469
l 5471 5470
l 5472 5471
l 5473 5472
l 5474 5473
l 5475 5474
l 5476 5475
l 5477 5476
l 5478 5477
l 5479 5478
l 5480 5479
l 5481 5482
l 5483 5481
l 5484 5483
l 5485 5484
l 5486 5485
l 5487 5488
l 5489 5487
l 5490 5489
l 5491 5490
l 5492 5491
l 5493 5492
l 5494 5493
l 5495 5494
l 5496 5495
l 5497 5496
l 221 5497
l 5498 221
l 5499 1417
l 5500 5499
l 5501 5500
l 5502 5501
l 5503 5502
l 5504 5505
l 5369 5504
l 5372 211
l 222 224
l 223 222
l 224 225
l 225 223
l 226 222
l 227 226
l 223 227
l 226 228
l 228 224
l 228 229
l 229 225
l 229 227
l 5506 5507
l 5508 5509
l 5509 5510
l 5511 5512
l 5513 5514
l 5515 5513
l 5516 5517
l 5518 5516
l 5519 5511
l 5520 5521
l 5517 5520
l 5514 5522
l 5523 5518
l 5524 5519
l 5525 5526
l 5526 5527
l 5527 5528
l 5528 5508
l 5529 5524
l 5530 5525
l 5522 5531
l 5531 5532
l 5533 5530
l 5534 5533
l 5532 5535
l 5521 5536
l 5536 5537
l 5537 5538
l 5539 5534
l 5540 5541
l 5542 5540
l 1420 5543
l 5543 5529
l 5541 5523
l 5535 5544
l 5545 5539
l 5544 5546
l 5547 5545
l 5548 5547
l 5538 5549
l 5550 5542
l 5551 5548
l 5546 5552
l 5553 5554
l 5554 5551
l 5555 5556
l 5556 5550
l 5549 5557
l 5558 5559
l 5559 5553
l 5557 5560
l 5560 5561
l 5562 5563
l 5564 5562
l 5563 1421
l 5552 5565
l 5566 5567
l 1422 5566
l 5567 5558
l 5568 5569
l 5565 5568
l 5569 5570
l 5571 5572
l 5573 5571
l 5572 5555
l 5574 1423
l 5575 5574
l 5576 5577
l 5577 5578
l 5578 5564
l 5579 5580
l 5580 5581
l 5581 5582
l 5570 5583
l 5583 1424
l 5561 5579
l 1426 5584
l 5582 5585
l 5584 5575
l 5586 1425
l 5587 5586
l 5588 5589
l 1428 5588
l 5590 5587
l 5589 5591
l 5591 5573
l 5592 5593
l 5593 5594
l 5594 5595
l 5595 5576
l 5596 5597
l 5585 5596
l 5598 5590
l 1427 5599
l 5599 5600
l 5601 5598
l 5602 5601
l 5603 5602
l 5604 5603
l 5605 1429
l 5606 5607
l 5608 5606
l 5607 5592
l 5609 5604
l 5610 5609
l 5597 5611
l 5600 230
l 5611 5612
l 5613 5614
l 5612 5613
l 5615 5610
l 5616 5615
l 1431 5608
l 5617 5616
l 5618 5619
l 5620 5618
l 5619 5605
l 5621 5617
l 5622 5621
l 5623 5624
l 5614 5623
l 1432 5625
l 5626 5622
l 5627 5620
l 5628 5626
l 5629 5628
l 5630 5629
l 5631 5632
l 5633 5631
l 5632 1433
l 5634 5635
l 5624 5634
l 5625 232
l 5636 5637
l 5637 5638
l 5639 5633
l 5640 5639
l 5641 5636
l 5638 5630
l 5642 5643
l 231 5642
l 5644 5645
l 5635 5644
l 5646 5641
l 5647 5648
l 5648 5649
l 5649 5650
l 5651 5646
l 5652 5651
l 5653 5647
l 5650 5627
l 1435 5640
l 5654 5655
l 5655 5652
l 5643 1437
l 5656 5654
l 5657 5658
l 5645 5657
l 5659 5656
l 5660 5653
l 1436 5661
l 5658 5662
l 5662 5663
l 5664 5665
l 5665 5666
l 5666 5667
l 5668 5669
l 5670 5668
l 5669 1434
l 5671 5664
l 5667 5659
l 5672 1438
l 5663 5672
l 5673 5674
l 5674 5675
l 5675 5676
l 5676 5660
l 5677 5671
l 5678 5677
l 1439 5679
l 5679 5680
l 5680 5670
l 5681 5682
l 5682 5683
l 5683 5678
l 5684 5673
l 5685 5684
l 1440 5686
l 5687 5688
l 5689 5687
l 5686 5690
l 5691 5685
l 5692 5691
l 5690 5693
l 5694 5695
l 5695 5696
l 5696 5689
l 5688 5681
l 5697 5698
l 5699 5697
l 5698 1442
l 5693 5700
l 5701 5699
l 5702 5703
l 5704 5702
l 5703 5694
l 5705 5706
l 5706 5707
l 5707 5692
l 5708 5709
l 5709 5701
l 5710 5708
l 5711 5712
l 5713 5711
l 5714 5710
l 5715 5714
l 5716 5717
l 5718 5716
l 5717 5719
l 5700 5713
l 5720 5721
l 5712 5720
l 5722 5723
l 5723 5724
l 5724 5705
l 5725 5726
l 5726 5727
l 5727 5718
l 5719 5704
l 5728 5729
l 5729 5730
l 5730 5731
l 5731 5732
l 5732 5715
l 5733 5722
l 5734 5733
l 5735 5736
l 5736 5725
l 5737 5738
l 5721 5737
l 5739 5740
l 5740 5728
l 5741 5742
l 5742 5735
l 5743 5734
l 5744 5739
l 5745 5741
l 5746 5745
l 1444 5744
l 5747 5748
l 5748 5743
l 233 5749
l 5749 5746
l 5738 5750
l 5750 5751
l 5751 5752
l 5753 5754
l 5754 1443
l 5755 5753
l 5752 5756
l 5757 5758
l 5758 234
l 5759 5760
l 5760 5747
l 5761 5755
l 5762 5761
l 5763 5764
l 5764 5757
l 5765 5766
l 5756 5765
l 5767 5763
l 5768 5769
l 5770 5768
l 5769 5762
l 5771 5772
l 5772 5773
l 5774 5775
l 5776 5774
l 5775 5759
l 5777 5770
l 5778 5777
l 5779 5780
l 5780 5771
l 5773 5767
l 5766 5781
l 5781 5782
l 5782 5783
l 5784 5785
l 5785 5779
l 1446 5778
l 5786 5776
l 5787 5786
l 5788 5789
l 5789 5784
l 5790 5787
l 5783 5791
l 5791 5792
l 5793 5790
l 5794 5788
l 5795 5794
l 5796 5793
l 5797 5795
l 5798 5797
l 5799 5800
l 5800 235
l 5792 5801
l 5801 5802
l 5803 5798
l 5804 5805
l 5805 5799
l 5806 5807
l 5807 5803
l 5802 5808
l 5808 5809
l 5810 5811
l 5811 5806
l 5812 5813
l 5814 5812
l 5813 5804
l 5815 5810
l 237 5796
l 5809 5816
l 5817 5814
l 5818 5817
l 5819 236
l 5820 5815
l 5821 5820
l 5822 5818
l 5823 5821
l 5824 5825
l 5825 5822
l 5826 5827
l 5827 5819
l 5828 5824
l 5829 5828
l 5830 5831
l 5832 5830
l 5816 5833
l 5833 5834
l 5834 5835
l 5836 5829
l 5831 5837
l 5837 5838
l 5838 5823
l 238 5836
l 5839 5832
l 5840 5841
l 5841 5826
l 5842 5843
l 5843 5839
l 5835 5844
l 5844 5845
l 5846 5847
l 5847 5842
l 5845 5848
l 5849 5850
l 5850 5840
l 5851 5852
l 5852 5853
l 5853 5854
l 5848 5855
l 5854 239
l 5856 5849
l 5857 5858
l 240 5857
l 5859 5860
l 5860 5851
l 5861 5856
l 5855 5862
l 5862 5863
l 5864 5859
l 5865 241
l 5858 5846
l 5866 5864
l 5867 5866
l 5868 5861
l 5863 5869
l 5869 5870
l 5871 5868
l 5872 5871
l 5873 5874
l 5874 5875
l 5876 5877
l 5877 5878
l 5875 5879
l 5878 5867
l 5879 5865
l 5870 5880
l 5880 5881
l 1419 5882
l 5882 5873
l 5661 1418
l 5883 5872
l 5884 5883
l 5885 5886
l 242 5885
l 5886 5876
l 5887 5884
l 5881 5888
l 5888 5889
l 5890 243
l 5891 5890
l 5889 5892
l 5892 5893
l 5894 5891
l 5895 5894
l 5896 5897
l 5898 5896
l 5899 5895
l 5900 5899
l 5901 5900
l 5902 5898
l 5903 5902
l 5904 5905
l 5905 5901
l 5906 5907
l 5908 5906
l 5907 5904
l 5909 5903
l 5910 5909
l 5911 5908
l 5912 5911
l 5913 5910
l 5914 5912
l 5915 5914
l 5916 5915
l 5893 5917
l 5917 5918
l 5918 5919
l 5919 5920
l 5920 5921
l 5921 5922
l 5897 5887
l 5923 5913
l 5924 5925
l 5926 5924
l 1448 5926
l 5925 5916
l 1450 5927
l 5927 5928
l 5928 5923
l 5929 5930
l 5930 5931
l 5932 5933
l 5933 5934
l 5931 1449
l 5934 5935
l 5936 5937
l 5937 5929
l 5938 5939
l 5940 5938
l 5939 5936
l 5941 5942
l 5942 1451
l 5922 5943
l 5943 5932
l 5935 5944
l 5944 5945
l 5945 5946
l 244 5941
l 5947 5948
l 5949 5947
l 5948 5950
l 5950 5940
l 5946 5951
l 5951 5952
l 5953 5954
l 5954 5955
l 5952 5956
l 5957 5958
l 5958 5953
l 5955 5949
l 5959 5960
l 5956 5959
l 5961 5962
l 5963 5961
l 5964 5963
l 5962 5957
l 5960 5965
l 5966 5964
l 5967 5968
l 5969 5967
l 5968 5970
l 5970 245
l 5971 5966
l 5972 5971
l 5973 5972
l 5974 5975
l 5976 5974
l 5977 5969
l 5978 5977
l 5965 5979
l 5980 5981
l 5979 5980
l 5982 5976
l 5983 5982
l 5975 5973
l 5984 5978
l 5985 5986
l 1452 5985
l 5986 5987
l 5987 5983
l 5988 5989
l 5981 5988
l 5990 5984
l 5991 5990
l 5992 1454
l 5993 5994
l 5995 5993
l 5996 5997
l 5997 5992
l 5998 5999
l 5999 6000
l 6000 5991
l 5989 5995
l 6001 6002
l 6002 5996
l 5994 6003
l 6004 6005
l 6005 6001
l 6006 6007
l 6007 5998
l 6008 6009
l 6009 6004
l 6003 6010
l 6010 6011
l 6012 6013
l 6013 6008
l 6014 6006
l 6015 6012
l 6011 6016
l 6017 6015
l 6018 6017
l 6016 6019
l 6020 6014
l 6021 6020
l 6022 6018
l 6023 6022
l 6019 6024
l 6025 6023
l 6026 6025
l 6024 6027
l 6028 6021
l 6029 6028
l 6030 6026
l 6031 6030
l 6027 6032
l 6032 1455
l 6033 6029
l 6034 6033
l 1457 6031
l 6035 6034
l 6036 6037
l 6037 1456
l 6038 6039
l 6039 6036
l 6040 6041
l 6041 6035
l 1458 6042
l 6042 6043
l 6044 6038
l 6045 6044
l 6046 6045
l 6047 6048
l 6048 6040
l 6043 6049
l 6049 6050
l 247 6046
l 6051 6052
l 6052 6047
l 6050 6053
l 6053 6054
l 6055 6056
l 6056 6057
l 6057 246
l 6058 6051
l 6059 6060
l 6060 6055
l 6054 6061
l 6062 6058
l 6063 6059
l 6064 6063
l 6065 6064
l 6066 6067
l 6061 6066
l 6067 6068
l 6069 6065
l 6070 6071
l 6072 6070
l 6071 6062
l 6073 6074
l 6075 6073
l 6074 6069
l 6076 6072
l 6077 6075
l 6068 6078
l 6078 6079
l 6080 6077
l 6081 6080
l 6082 6083
l 6083 6076
l 6084 6085
l 6085 6081
l 6086 6087
l 6087 6082
l 6088 6089
l 6090 6088
l 6089 6084
l 6091 6090
l 6079 6092
l 6092 6093
l 6093 6094
l 6094 6095
l 6096 6091
l 6097 6096
l 6098 6099
l 6099 6086
l 6100 6101
l 6101 6097
l 6102 6103
l 6103 6100
l 6104 6105
l 6105 6106
l 6106 6107
l 6108 6109
l 6109 6102
l 6110 6111
l 6112 6110
l 6111 6098
l 6113 6114
l 6115 6113
l 6116 6115
l 6117 6116
l 1459 6118
l 6118 6119
l 6119 6112
l 6114 6108
l 6120 6121
l 6121 6122
l 6123 6124
l 6124 6125
l 6125 6117
l 6095 6104
l 6107 6126
l 6126 6120
l 6127 6128
l 6128 6123
l 6122 6129
l 6130 6131
l 6131 6127
l 6129 6132
l 6133 6130
l 6132 6134
l 6134 6135
l 6136 6137
l 6138 6136
l 6137 1460
l 6139 6140
l 6141 6139
l 6140 6142
l 6142 6133
l 6143 6141
l 6144 6143
l 6135 6145
l 6145 1461
l 6146 6138
l 6147 6146
l 6148 6144
l 6149 6148
l 6150 6147
l 6151 6150
l 1462 6152
l 6153 6154
l 6155 6153
l 6154 6156
l 6157 6155
l 6156 6149
l 6158 6151
l 6159 6158
l 6160 6161
l 6162 6160
l 6161 6157
l 6163 6159
l 6164 6162
l 6152 6165
l 6165 6166
l 6166 6167
l 1463 6163
l 6168 6164
l 6169 6170
l 6170 6171
l 6171 6168
l 6172 6169
l 6167 6173
l 6174 6175
l 6173 6174
l 6176 6177
l 6177 6178
l 6179 6180
l 6175 6179
l 6178 6181
l 6181 6172
l 248 1465
l 6182 6176
l 6183 6184
l 6184 6185
l 6186 6187
l 6180 6186
l 6185 6182
l 6188 6183
l 6187 6189
l 6190 249
l 6191 6188
l 6192 6191
l 6193 6192
l 6194 6193
l 6189 6195
l 6195 6196
l 6197 6190
l 6198 6197
l 6199 6194
l 6200 6199
l 6196 6201
l 5507 6198
l 6202 6200
l 6203 6202
l 6204 6203
l 6205 6206
l 6206 6207
l 6208 5506
l 6209 6208
l 6210 6211
l 6212 6210
l 6211 6204
l 6213 6212
l 6214 6213
l 6215 6214
l 6201 6205
l 6207 6216
l 6216 5515
l 6217 6209
l 5512 6217
l 5510 6218
l 6218 6215
l 6219 6220
l 250 6221
l 1466 250
l 6222 1466
l 6223 6224
l 6225 6226
l 6227 6228
l 6229 6230
l 6231 6232
l 6233 6234
l 1468 6235
l 6236 6237
l 6238 6239
l 6240 1471
l 6241 6242
l 6243 6241
l 6244 6219
l 250 6245
l 6222 6246
l 6247 6248
l 6249 6250
l 6251 6230
l 6252 1472
l 6253 6254
l 6255 6253
l 6256 6257
l 6258 6259
l 6260 6261
l 1473 6262
l 6263 1473
l 6264 6265
l 6266 6267
l 6268 6269
l 6270 6271
l 6272 6273
l 6274 6275
l 6275 6276
l 6233 6277
l 6278 1476
l 6279 251
l 251 1469
l 1470 1478
l 1470 6280
l 6281 6282
l 6283 6281
l 6284 6285
l 6286 6287
l 6288 6289
l 6290 6288
l 6291 6292
l 6293 6248
l 6294 6232
l 6256 6295
l 6296 6297
l 6297 6298
l 1467 252
l 252 6299
l 6300 252
l 6301 6302
l 6302 1480
l 6260 1480
l 6264 6303
l 6267 6304
l 6305 6306
l 1474 6307
l 1481 6308
l 6270 1481
l 6309 6310
l 6310 1482
l 6311 6312
l 6313 6314
l 6315 6316
l 6317 6318
l 6319 6320
l 6321 6320
l 6322 6323
l 6324 6325
l 6326 6327
l 6328 6329
l 6330 6331
l 6332 6333
l 6334 6335
l 6335 6336
l 6337 6338
l 6339 6340
l 6340 6341
l 6259 6342
l 6343 6344
l 6305 1484
l 6345 6346
l 6347 6348
l 6349 6350
l 6350 6351
l 253 1486
l 6315 6352
l 6353 6354
l 6355 6354
l 1477 254
l 254 6356
l 1487 251
l 6357 6358
l 6280 1488
l 1488 1478
l 6359 6360
l 6361 6269
l 6311 6362
l 6363 6364
l 6365 6331
l 1490 6332
l 1490 254
l 1469 6366
l 6367 1473
l 6368 6307
l 6346 1491
l 6347 1491
l 6363 6369
l 6370 6371
l 6372 1494
l 1493 6372
l 6373 6374
l 1495 6373
l 257 258
l 258 259
l 6375 257
l 1500 6376
l 6377 260
l 1498 6377
l 6378 6375
l 6376 6379
l 6380 1502
l 260 6380
l 6381 6382
l 1503 6381
l 6382 1501
l 6379 1505
l 6383 6384
l 6385 6383
l 6384 6378
l 1504 6386
l 6386 6387
l 1507 1508
l 6388 6389
l 6389 6390
l 6387 6391
l 6392 6388
l 1510 1511
l 6393 6394
l 6395 6393
l 6396 6397
l 1512 6396
l 6398 6392
l 6399 6398
l 6397 6400
l 6401 6402
l 6394 6401
l 6400 261
l 6391 6395
l 6403 6404
l 6402 6403
l 6405 6406
l 6406 1513
l 6407 6408
l 6409 6407
l 6408 6399
l 6390 6385
l 261 6410
l 6411 6405
l 6412 6411
l 6410 6413
l 6414 1514
l 6404 6414
l 6415 6416
l 6416 6409
l 6417 6412
l 6418 6417
l 6419 6415
l 1516 6418
l 6413 6420
l 6420 6421
l 6421 6422
l 1515 6423
l 6422 6424
l 6423 6425
l 6426 6427
l 6425 6426
l 6428 6429
l 6430 6428
l 6429 6419
l 6424 6431
l 6431 6432
l 262 1517
l 6432 1518
l 6427 6433
l 6433 6434
l 6435 6430
l 6436 6435
l 6437 263
l 6438 6437
l 6439 6436
l 6440 6439
l 6441 6438
l 6442 6441
l 6434 6443
l 6444 1520
l 6443 6444
l 6445 6440
l 6446 6445
l 6447 6442
l 6448 6447
l 6449 6448
l 6450 6449
l 6451 6452
l 6452 6446
l 6453 1523
l 264 6453
l 1521 264
l 6454 6451
l 6455 6450
l 6456 6455
l 1524 6457
l 6457 1526
l 265 6454
l 6458 6459
l 6459 6456
l 6460 1529
l 266 6460
l 1527 6461
l 6462 6463
l 6463 6458
l 6464 6462
l 6465 6464
l 1525 266
l 6461 6466
l 6467 1531
l 6466 6468
l 6468 6469
l 6469 6470
l 6471 6465
l 267 6471
l 6470 6472
l 6473 6467
l 6474 6473
l 6475 6476
l 1532 6475
l 6477 267
l 1533 6477
l 6478 6479
l 6472 6478
l 6480 6481
l 6476 6480
l 6482 6474
l 6483 6484
l 6479 6483
l 6484 6485
l 6481 6486
l 1536 6482
l 6486 6487
l 6485 6488
l 6489 1537
l 6490 6489
l 6491 6492
l 6492 1535
l 6493 6494
l 6488 6493
l 6495 6496
l 6487 6495
l 6497 6490
l 6498 6497
l 6494 6499
l 6499 1538
l 6500 6491
l 6501 6500
l 6502 6498
l 6496 1541
l 6503 6502
l 6504 6503
l 1539 6505
l 1542 6501
l 6506 6504
l 6507 6506
l 6505 6508
l 6508 1545
l 1548 1547
l 1552 1550
l 1546 6509
l 6509 6510
l 6511 6512
l 6510 6511
l 1551 1555
l 1556 1553
l 6513 1557
l 268 6513
l 1549 6507
l 6514 6515
l 6512 6514
l 6516 268
l 6515 6516
l 6517 1558
l 1554 1559
l 6518 6517
l 1560 6519
l 6520 6518
l 6519 6521
l 6522 6520
l 6523 6522
l 6524 6523
l 6521 1561
l 6525 6526
l 6527 6525
l 6526 6524
l 6528 6527
l 6529 270
l 269 6529
l 6530 1563
l 270 6530
l 6531 6532
l 6533 6531
l 271 1500
l 259 271
l 273 6533
l 6532 6528
l 6534 272
l 6535 6534
l 274 6536
l 6537 6535
l 6538 6537
l 6539 6538
l 6536 6540
l 6541 6542
l 6540 6541
l 6543 6539
l 6544 6543
l 6545 6546
l 6542 6545
l 6547 6548
l 6546 6547
l 1568 6544
l 6548 6549
l 6549 1569
l 6550 6551
l 6552 6550
l 6551 275
l 1570 1571
l 6553 6554
l 6374 6553
l 6554 6552
l 276 1572
l 271 276
l 1572 6555
l 6556 1573
l 6557 6558
l 1574 6556
l 6559 6557
l 6560 6559
l 6561 6562
l 6563 1576
l 6564 6561
l 6565 6563
l 6566 6564
l 6567 6565
l 6568 6566
l 6569 6567
l 6570 6568
l 6571 6569
l 6572 6571
l 6573 6574
l 6575 6572
l 6576 6573
l 6577 6575
l 6578 6576
l 1577 6577
l 6579 6578
l 6580 6579
l 6581 6580
l 6582 1578
l 6583 6581
l 6584 6582
l 6585 6583
l 6586 6584
l 6587 6585
l 6588 6586
l 6589 6587
l 6590 6588
l 6591 6589
l 6592 6590
l 6593 6591
l 6594 6592
l 6595 6593
l 6596 6594
l 6597 6595
l 6598 6596
l 6599 6597
l 6600 6598
l 6601 6599
l 6602 6600
l 6603 6601
l 1579 6602
l 6604 6603
l 277 6604
l 6605 1580
l 6606 277
l 278 6605
l 1581 6606
l 6607 278
l 6608 1583
l 6609 6608
l 6610 1584
l 6611 6609
l 1585 6610
l 6612 6611
l 1587 6612
l 279 1588
l 6613 279
l 6614 1589
l 6615 6614
l 6616 6615
l 6617 1590
l 6618 6616
l 6619 6617
l 1591 6618
l 6620 6619
l 6621 6620
l 6622 6621
l 6623 6622
l 6624 6623
l 6625 6624
l 1594 1593
l 6626 6625
l 1595 6626
l 1597 1596
l 6627 1600
l 6628 1601
l 6629 6627
l 280 6628
l 6630 6629
l 6631 280
l 1602 6631
l 6632 6630
l 6633 6632
l 6634 6633
l 6635 1603
l 6636 6634
l 281 6635
l 6637 6636
l 6638 281
l 6639 6637
l 6640 6638
l 6641 6639
l 1604 6640
l 6642 6641
l 6643 6642
l 6644 6643
l 1606 1605
l 282 6644
l 6645 282
l 283 1607
l 284 6645
l 6646 284
l 6647 6646
l 6648 1608
l 6649 6647
l 6650 6648
l 6651 6649
l 1609 6650
l 6652 6651
l 6653 6652
l 6654 6653
l 6655 1610
l 6656 6655
l 1611 6654
l 6657 6656
l 6658 6657
l 6659 6658
l 6660 1612
l 6661 6659
l 285 6660
l 6662 6661
l 6663 285
l 6664 6662
l 1613 6664
l 6665 6663
l 6666 6665
l 6667 6666
l 1615 1614
l 6668 6667
l 6669 6668
l 6670 6669
l 1617 1616
l 1618 6670
l 6671 1619
l 286 6671
l 1621 286
l 6672 1620
l 6673 6672
l 1623 6673
l 6674 1624
l 6675 6674
l 6676 6675
l 1627 1626
l 6677 6676
l 6678 6677
l 6679 6678
l 6680 6679
l 6681 6680
l 287 6681
l 6682 1629
l 6683 287
l 6684 6682
l 6685 6683
l 6686 6684
l 6687 6685
l 6688 6686
l 1630 6687
l 6689 6688
l 6690 6689
l 1632 1631
l 1633 6690
l 288 1634
l 6691 1635
l 6692 288
l 6555 6691
l 289 6692
l 6693 289
l 6694 6693
l 6695 6694
l 6696 6695
l 6697 6696
l 6698 6697
l 6699 6698
l 6700 6699
l 6701 6700
l 6702 6701
l 6703 6702
l 6704 6703
l 6705 6704
l 6706 6705
l 6707 6706
l 6708 6707
l 6709 6708
l 290 6709
l 6710 290
l 1636 6710
l 6711 1638
l 6712 6711
l 6713 6712
l 6714 6713
l 6715 6714
l 6716 6715
l 6717 6716
l 6718 6717
l 6719 6718
l 1639 6719
l 1641 1640
l 6720 1642
l 291 6720
l 6721 291
l 6722 6721
l 6723 6722
l 6724 6723
l 6725 6724
l 6726 6725
l 6727 6726
l 1643 6727
l 6728 1646
l 6729 6728
l 6730 6729
l 6731 6730
l 6732 6731
l 6733 6732
l 6734 6733
l 6735 6734
l 6736 6735
l 6737 6736
l 6738 6737
l 6739 6738
l 6740 6739
l 6741 6740
l 6742 6741
l 1647 6742
l 292 257
l 6558 292
l 293 258
l 292 293
l 293 294
l 294 259
l 294 276
l 1499 295
l 295 296
l 296 1565
l 297 1497
l 296 297
l 298 1496
l 297 298
l 298 295
l 1648 299
l 300 1649
l 299 300
l 6743 6744
l 6744 6745
l 1654 301
l 6746 6747
l 6747 6748
l 301 6749
l 6749 6750
l 6745 6751
l 302 6752
l 6752 6743
l 6753 6746
l 6750 1655
l 6748 6754
l 6755 6756
l 6756 6753
l 6754 6757
l 6758 6759
l 6759 303
l 6760 6761
l 6761 6755
l 6762 6758
l 1658 6763
l 6764 6762
l 1659 6760
l 300 304
l 6763 305
l 6765 6766
l 6766 6764
l 6757 1660
l 1662 1657
l 305 6767
l 6768 6769
l 6769 6765
l 1656 1663
l 6770 1649
l 6767 306
l 6771 6770
l 1661 6772
l 6772 6773
l 6774 6775
l 6775 6776
l 6773 6777
l 6778 6768
l 6776 6778
l 6779 6780
l 6780 6774
l 6781 6771
l 6782 6783
l 6783 6781
l 6777 6784
l 6784 6785
l 6786 6787
l 6787 6779
l 308 309
l 6788 1664
l 6789 6788
l 6790 6791
l 6791 6789
l 6792 6793
l 6793 6786
l 309 6794
l 6794 1665
l 6785 6795
l 6795 6796
l 6797 6798
l 6798 6792
l 311 6782
l 312 6799
l 6799 6790
l 6800 6797
l 6801 6802
l 6802 6800
l 6796 6803
l 6803 6804
l 1666 6805
l 6805 6806
l 6807 6808
l 6808 6801
l 6809 6810
l 6810 6811
l 6812 6807
l 6813 6812
l 6814 6809
l 6804 6815
l 6815 6816
l 6817 313
l 6818 6817
l 6819 6813
l 6820 6821
l 6821 6822
l 6823 6818
l 1667 6824
l 6824 6819
l 6816 1669
l 6825 1668
l 6811 310
l 6806 6820
l 6826 6827
l 6827 6823
l 6828 6814
l 6829 6828
l 6830 6831
l 6831 6829
l 6832 6833
l 6833 6825
l 6822 1671
l 6834 6832
l 6835 6830
l 1670 6836
l 6836 6837
l 6838 6835
l 6839 6840
l 6840 6826
l 6841 6842
l 6842 6834
l 6843 6844
l 6844 6841
l 6845 6846
l 6846 6839
l 1674 6843
l 6847 6838
l 314 6848
l 6848 6847
l 6849 6850
l 6850 6851
l 6837 6849
l 6852 6853
l 6853 6854
l 1673 6852
l 6855 1675
l 6856 6857
l 6857 6855
l 6858 6859
l 6859 6845
l 6860 6856
l 6851 6861
l 6861 6862
l 6863 6864
l 6864 6860
l 6865 6858
l 6866 6867
l 6867 6868
l 6869 6866
l 6854 6869
l 6862 6870
l 6870 6871
l 6872 1677
l 6873 6863
l 6874 6873
l 6875 6876
l 6876 6874
l 6871 6877
l 6878 6865
l 6868 6879
l 6879 6880
l 6881 6882
l 6882 6878
l 6883 6884
l 6884 6875
l 6885 6886
l 6886 6872
l 6887 6883
l 6888 6881
l 6877 6889
l 6889 6890
l 6891 6888
l 6880 6892
l 6892 6893
l 6894 6895
l 6895 6885
l 6896 6897
l 6898 6899
l 6899 6896
l 6893 1678
l 6900 6891
l 6890 6901
l 6901 6902
l 6903 6904
l 6904 6894
l 6897 6887
l 6905 6898
l 1679 6906
l 6906 6905
l 6902 6907
l 6907 6908
l 6909 1682
l 6910 6911
l 6911 6903
l 6912 6910
l 6913 6914
l 6914 6909
l 6915 6900
l 6916 6915
l 6917 6918
l 6918 6916
l 6919 6912
l 6920 6913
l 6908 6921
l 6921 1684
l 6922 6919
l 6923 6924
l 6924 6920
l 6925 6926
l 6926 6922
l 6927 6923
l 6928 6929
l 6929 6927
l 6930 6917
l 6931 6932
l 6932 6930
l 6933 6925
l 6934 6928
l 6935 6934
l 6936 6935
l 6937 6933
l 6938 6936
l 6939 6937
l 6940 6941
l 6941 6942
l 6943 6944
l 6944 6938
l 1688 6945
l 6945 1689
l 6946 6931
l 6947 6948
l 6948 6946
l 6942 6949
l 6950 6951
l 6951 6952
l 1691 6939
l 6949 6953
l 6954 6950
l 1690 6955
l 6952 6943
l 6956 6957
l 6957 6954
l 1693 1692
l 6958 6947
l 6959 6960
l 6960 6958
l 6961 6962
l 6962 6956
l 6963 6961
l 6955 1694
l 6953 6964
l 6964 6965
l 6966 6967
l 6967 6963
l 6968 6969
l 6969 6959
l 6970 6966
l 6971 6972
l 6972 6970
l 1699 6973
l 6973 1698
l 6974 6975
l 6975 6968
l 6976 6977
l 6977 6971
l 6978 6979
l 6979 6980
l 6981 6978
l 6982 6983
l 6983 1697
l 6984 6976
l 6985 6984
l 6986 6974
l 6987 6982
l 6988 6989
l 6989 6985
l 6980 6990
l 6990 6991
l 6992 6988
l 1700 6993
l 6993 6994
l 6995 6996
l 6996 6987
l 6997 6998
l 6998 6986
l 1701 6992
l 6994 6999
l 6999 1702
l 6991 7000
l 7000 315
l 6965 6981
l 1687 6940
l 7001 7002
l 7002 1703
l 7003 6995
l 7004 7005
l 7005 7003
l 7006 7007
l 7007 6997
l 7008 7001
l 7009 7010
l 7010 7004
l 7011 7012
l 7012 7008
l 1705 7013
l 7013 316
l 7014 7009
l 7015 7016
l 7016 7011
l 316 7017
l 7018 7019
l 7019 7006
l 7020 7021
l 7021 7014
l 7022 7015
l 7023 7022
l 317 7024
l 7024 7025
l 1706 7023
l 7026 7027
l 7027 1707
l 7017 7026
l 7025 7028
l 7028 7029
l 7030 7018
l 7031 7030
l 7032 7033
l 7033 7031
l 7029 7034
l 7035 7020
l 7036 7035
l 1710 7036
l 7037 7038
l 7038 7032
l 7034 7039
l 7039 7040
l 1714 1709
l 7040 7041
l 1713 7042
l 7042 7043
l 1716 1715
l 7044 7045
l 7045 7037
l 7041 7046
l 7043 7047
l 7048 7049
l 7049 318
l 1717 7048
l 7047 7050
l 7050 7051
l 318 7052
l 7046 7053
l 7053 7054
l 7055 7044
l 7056 7057
l 7057 7055
l 7052 7058
l 7058 7059
l 7060 7061
l 7061 7062
l 7063 7060
l 7051 7063
l 7064 1718
l 1719 7065
l 7065 7064
l 7059 7066
l 7054 7067
l 7067 7068
l 7066 7069
l 7070 7071
l 7071 7056
l 7062 7072
l 7072 7073
l 7073 7074
l 7074 7075
l 7069 7076
l 7076 7077
l 7078 7079
l 7079 7070
l 1721 7080
l 7080 1720
l 7077 1722
l 7081 7082
l 7082 7083
l 7075 7084
l 7084 7085
l 7068 7081
l 7085 7086
l 7086 7087
l 7088 7089
l 7089 7078
l 1724 7090
l 7091 7092
l 7092 1723
l 7083 7093
l 7093 7094
l 7087 7095
l 7095 7096
l 7090 7097
l 1725 7091
l 7094 7098
l 7099 7100
l 7100 7088
l 7097 7101
l 7101 7102
l 7102 7103
l 7104 7105
l 7105 7106
l 7107 7104
l 7096 7107
l 7108 1712
l 1727 7109
l 7109 1726
l 7106 7110
l 7110 7111
l 7112 7113
l 7113 7114
l 7098 7112
l 7111 7115
l 7115 7116
l 7117 7118
l 7118 7119
l 7103 1729
l 7116 7120
l 7120 1732
l 7121 7117
l 7119 7099
l 7122 7123
l 7123 1730
l 7114 7124
l 7124 7125
l 1731 7126
l 7126 7127
l 1733 7128
l 7128 319
l 7125 7129
l 7127 7130
l 7131 7132
l 7132 7122
l 7133 7131
l 7134 7135
l 7135 7121
l 7130 7136
l 7136 7137
l 319 1734
l 7138 7134
l 1735 7139
l 7140 7141
l 7141 7133
l 7129 7142
l 7142 7143
l 7139 7144
l 7144 1736
l 7145 7146
l 7146 7140
l 7143 7147
l 7148 7149
l 7149 7138
l 7150 321
l 7137 7150
l 7151 7145
l 320 7152
l 7153 7151
l 7152 7154
l 7147 7155
l 7155 7156
l 7157 7158
l 7158 7153
l 7154 1739
l 1738 7159
l 7159 7160
l 7161 7162
l 7162 7163
l 7160 7164
l 7164 1741
l 7156 7165
l 7165 7166
l 7167 7157
l 7168 7167
l 304 1706
l 7169 7170
l 7170 7168
l 7171 7172
l 7163 7148
l 7173 7174
l 7174 7161
l 7175 7169
l 1743 7176
l 7177 7175
l 7176 7178
l 7178 7177
l 7166 1745
l 7179 7180
l 7180 7181
l 1744 7179
l 7182 7183
l 7183 7173
l 7184 7182
l 7185 7186
l 7186 7187
l 7188 7185
l 7181 7188
l 7187 1748
l 7189 7190
l 7190 7191
l 7192 7193
l 7193 1749
l 1751 7192
l 7194 322
l 1747 7194
l 1750 7195
l 7195 7196
l 7191 7184
l 7196 7197
l 7197 7198
l 7198 7199
l 323 7189
l 7199 7200
l 7201 324
l 7200 7202
l 7202 7203
l 7203 7204
l 7204 7205
l 7206 7207
l 7207 7201
l 7205 7208
l 7208 7209
l 7210 7206
l 7209 7211
l 7211 7212
l 7212 7213
l 7213 7214
l 7214 7215
l 1755 7216
l 7216 7217
l 7218 7210
l 7215 7219
l 7219 7220
l 7221 7222
l 7222 7218
l 7220 7223
l 7223 325
l 7217 7224
l 7224 7225
l 325 7226
l 7226 1756
l 7227 7228
l 7228 7221
l 7229 7230
l 7230 7227
l 1757 7231
l 7231 7232
l 7225 7233
l 7233 7171
l 7234 7229
l 7232 7235
l 7235 7236
l 1758 7234
l 7237 1759
l 7238 7239
l 7239 7240
l 7241 7238
l 1761 7237
l 7240 7242
l 7242 1760
l 7236 7241
l 7243 1762
l 7244 7245
l 7245 7243
l 7246 7247
l 7247 7244
l 7248 7246
l 1765 7249
l 7249 1766
l 7250 7248
l 7251 7250
l 7252 7253
l 7253 7251
l 7254 7252
l 1767 1768
l 7255 7254
l 7256 7255
l 7257 7258
l 7258 7256
l 7259 7257
l 7260 7261
l 7261 7259
l 7262 7260
l 7263 7262
l 1771 7264
l 7264 326
l 1773 1772
l 1775 1774
l 7265 7266
l 7266 7263
l 326 7267
l 7267 7268
l 7269 7265
l 7268 327
l 7270 7269
l 7271 7272
l 7272 7270
l 328 7273
l 7273 1776
l 7274 7271
l 7275 7276
l 7276 7274
l 7277 7275
l 1778 1779
l 7278 7277
l 7279 7280
l 7280 7278
l 7281 7282
l 7282 7279
l 7283 7281
l 7284 7283
l 7285 7286
l 7286 1781
l 1780 7285
l 7287 7284
l 7288 7287
l 7289 7290
l 7290 7288
l 1782 7291
l 7291 7292
l 7292 7293
l 7294 7289
l 7295 7296
l 7296 7294
l 7293 7297
l 7297 7298
l 7299 7300
l 7300 7295
l 7298 7301
l 7301 1783
l 7302 7299
l 7303 7302
l 7304 7303
l 1784 7305
l 7305 1785
l 7306 7307
l 7307 7304
l 1786 1787
l 7308 7309
l 7309 7306
l 7310 7308
l 7311 7312
l 7312 7310
l 1789 7313
l 7313 329
l 7314 7315
l 7315 7311
l 329 1791
l 1788 1790
l 7316 7317
l 7317 7314
l 1792 7318
l 7318 1793
l 7319 7320
l 7320 7316
l 7321 7319
l 7322 7323
l 7323 7321
l 1795 7324
l 7325 7326
l 7326 7322
l 7324 7327
l 7327 7328
l 7329 7330
l 7330 1796
l 7331 7332
l 7332 7333
l 7334 7335
l 7335 7331
l 1798 7336
l 7336 7337
l 7338 7334
l 7339 7340
l 7340 7338
l 7337 330
l 7328 7329
l 7333 7325
l 7341 7339
l 330 7342
l 7342 1799
l 7343 7341
l 1800 7344
l 7344 331
l 7345 7346
l 7346 7343
l 331 7347
l 7347 332
l 7348 7349
l 7349 7345
l 332 7350
l 7350 7351
l 7351 7352
l 7353 7354
l 7354 7348
l 7352 7355
l 7172 7108
l 7355 1801
l 7356 7357
l 7357 7353
l 1803 7356
l 1805 1652
l 7358 7359
l 7359 1804
l 7360 7361
l 7361 7358
l 7362 7360
l 6751 7363
l 7363 7362
l 7364 1806
l 1653 7364
l 7365 1648
l 7366 7367
l 7367 7368
l 333 1811
l 7369 7370
l 7370 7371
l 7372 7373
l 7374 7372
l 7375 7376
l 7376 333
l 7373 7377
l 1812 7375
l 7378 7374
l 7368 7369
l 7379 334
l 7371 7379
l 7380 7381
l 7377 7380
l 7382 7378
l 335 7383
l 7383 7384
l 7381 7385
l 7385 7386
l 7384 7387
l 7388 1814
l 7387 7389
l 7386 1816
l 336 299
l 337 7388
l 1815 1817
l 1819 7382
l 7390 7391
l 7389 7390
l 7392 337
l 1820 1813
l 7391 7393
l 7393 7394
l 338 7392
l 7365 7395
l 7396 7397
l 7397 1818
l 7398 7396
l 7399 7400
l 7401 7399
l 7395 7402
l 7394 7403
l 7404 7405
l 7402 7404
l 7403 7401
l 7400 7406
l 7406 7407
l 7408 7409
l 7409 7398
l 341 339
l 7407 7410
l 7410 7411
l 1821 7412
l 7412 7413
l 7414 7415
l 7413 7414
l 7416 7417
l 7411 7416
l 1822 7418
l 7418 341
l 7405 343
l 7419 7408
l 7420 7419
l 7417 7421
l 7421 7422
l 7423 344
l 7415 7423
l 7422 7424
l 7425 7420
l 7426 7425
l 7427 7428
l 7424 7427
l 7429 1823
l 7430 7429
l 7431 7432
l 7433 7431
l 7428 7434
l 7434 7435
l 7435 7436
l 7437 7438
l 7438 7426
l 7432 7439
l 7436 7440
l 7440 7441
l 7442 7443
l 345 7442
l 7444 7445
l 7446 7444
l 7447 1824
l 7441 7447
l 7443 7448
l 1827 7437
l 1825 7449
l 342 7433
l 7445 7430
l 7439 7450
l 7450 7451
l 7452 7453
l 7451 7452
l 7454 7455
l 7448 7454
l 7456 7457
l 7449 7456
l 1829 7446
l 7457 7458
l 7453 7459
l 7460 1826
l 7461 7460
l 7462 7463
l 7458 7462
l 7459 7464
l 7465 7466
l 7455 7465
l 7463 7467
l 7467 7468
l 7468 1832
l 7466 7469
l 7469 7470
l 7464 7471
l 7471 7472
l 7472 346
l 7473 7474
l 7475 7473
l 7474 7461
l 7476 7477
l 7478 7476
l 7477 1830
l 1831 7479
l 7479 7480
l 7480 7481
l 7482 7483
l 7470 7482
l 7481 7484
l 7485 7475
l 7486 7485
l 7484 7487
l 7487 7488
l 7483 7489
l 7490 7491
l 7491 7492
l 7492 7493
l 7493 7478
l 7494 7495
l 7495 7486
l 1834 7496
l 7488 7497
l 7497 7498
l 7499 7500
l 7498 7499
l 7501 7494
l 7500 7502
l 7502 7503
l 7489 7504
l 7504 7505
l 7505 7506
l 7507 7490
l 7508 7507
l 7496 7509
l 7509 7510
l 7503 7511
l 7506 7512
l 7513 7501
l 7514 7513
l 7512 7515
l 7516 7517
l 7517 7508
l 7510 7518
l 7518 7519
l 7520 7521
l 7522 7523
l 7521 7522
l 1835 7516
l 7515 7524
l 7525 7514
l 7526 7525
l 7527 7528
l 7519 7527
l 7511 7520
l 7523 7529
l 7530 1836
l 7529 7530
l 7531 7526
l 7532 7531
l 7533 7534
l 7528 7533
l 1839 7535
l 7535 7536
l 7536 7537
l 7534 7538
l 7524 7539
l 7539 7540
l 7541 7542
l 7540 7541
l 1841 7543
l 7543 7532
l 7537 7544
l 7538 7545
l 7544 7546
l 7546 7547
l 7545 7548
l 7548 7549
l 7549 7550
l 7547 7551
l 7551 7552
l 7552 7553
l 7542 7554
l 7553 7555
l 7550 7556
l 7557 7558
l 7554 7557
l 7555 7559
l 7559 7560
l 7556 7561
l 7560 7562
l 7561 7563
l 7564 7565
l 7566 7564
l 7562 7567
l 7567 7568
l 7569 1845
l 1846 7569
l 7558 7570
l 7571 7572
l 7570 7571
l 7573 7566
l 7574 7575
l 7575 7576
l 7563 1848
l 7576 7577
l 7578 7573
l 7579 1847
l 7568 7574
l 7577 7580
l 7580 7581
l 1849 1850
l 7572 7582
l 7583 7584
l 7582 7583
l 7585 7586
l 7581 7585
l 7587 7578
l 7588 7587
l 7586 7589
l 1852 7579
l 7589 7590
l 7590 7591
l 7584 7592
l 7592 7593
l 7591 7594
l 7594 7595
l 7595 7596
l 1855 7597
l 7597 1856
l 7598 7599
l 7593 7598
l 7600 7601
l 7596 7600
l 7602 7603
l 7604 7602
l 7603 7605
l 7601 7606
l 7607 7608
l 1854 7607
l 7606 7609
l 7608 7610
l 7599 7611
l 7609 7612
l 7612 7613
l 7614 7615
l 7615 7604
l 7616 7617
l 7611 7616
l 7613 7618
l 7619 1857
l 7620 7619
l 7621 7622
l 7610 7621
l 7618 1858
l 7623 7614
l 347 7623
l 7605 7588
l 1859 7624
l 7624 7620
l 7565 1843
l 7625 7626
l 1860 7625
l 7622 7627
l 7628 7629
l 7617 7628
l 7630 7631
l 7627 7630
l 7626 7632
l 7631 7633
l 7633 7634
l 7635 7636
l 7632 7635
l 7637 1862
l 348 7637
l 7629 7638
l 7638 7639
l 7634 7640
l 7641 348
l 7642 7643
l 7636 7642
l 7640 7644
l 7644 7645
l 7643 7646
l 7646 7647
l 7647 1863
l 7648 7649
l 7649 349
l 7650 7651
l 1864 7650
l 7651 7641
l 7652 7648
l 7653 7652
l 7639 7654
l 7654 7655
l 7656 7657
l 7655 7656
l 7645 7658
l 7659 7653
l 7658 7660
l 7660 1867
l 7657 7661
l 7661 7662
l 7663 7659
l 7664 7663
l 1866 1872
l 7665 7664
l 1871 1873
l 7666 1869
l 7667 7666
l 7668 7669
l 7662 7668
l 7670 7667
l 7671 7665
l 7672 7673
l 350 7672
l 7673 1874
l 7674 7670
l 7675 7674
l 7676 350
l 7677 7678
l 7678 7671
l 7669 7679
l 7680 7681
l 7679 7680
l 7682 7676
l 7683 7682
l 7684 7685
l 7685 7686
l 7686 7687
l 7687 7675
l 1875 7688
l 7689 1876
l 7688 7689
l 7690 7683
l 7691 7677
l 7692 7691
l 7693 7694
l 7681 7693
l 7695 7690
l 7696 7684
l 7697 7696
l 7698 7697
l 7699 7698
l 7700 7701
l 7701 7695
l 7694 7702
l 7702 7703
l 7704 1878
l 1877 7704
l 1879 7700
l 7705 7706
l 7706 7699
l 7707 7708
l 7709 7707
l 7708 7692
l 7710 7705
l 7711 7710
l 7712 7713
l 7703 7712
l 7714 1881
l 7715 7709
l 7716 7715
l 7717 7711
l 7718 7717
l 7719 7720
l 1880 7719
l 7721 7714
l 7720 1882
l 7722 7716
l 7723 7724
l 7713 7723
l 7725 7721
l 7726 7725
l 7727 7728
l 7729 7727
l 7730 7726
l 7728 7731
l 7731 7718
l 1870 7732
l 7733 1883
l 1884 7733
l 7734 7729
l 7735 7734
l 7736 7737
l 7738 7736
l 7739 7740
l 7740 7735
l 7737 7722
l 1886 7730
l 7741 7742
l 7743 7741
l 7744 7739
l 1889 7744
l 7742 7745
l 7724 7743
l 7746 1888
l 7747 7748
l 7748 7738
l 7749 7750
l 1887 7749
l 7751 7746
l 7752 1890
l 351 7752
l 7753 7751
l 7754 7747
l 7750 7755
l 7755 7756
l 7756 7757
l 7758 7759
l 7745 7758
l 7760 7761
l 7761 7753
l 7759 7762
l 1892 351
l 7757 7763
l 7763 7764
l 7765 1891
l 7766 7754
l 7767 7766
l 7768 7769
l 7764 7768
l 7770 7765
l 1893 7770
l 7771 7767
l 353 7772
l 7772 7760
l 7773 7774
l 7762 7773
l 7769 7775
l 7776 352
l 7775 7777
l 7778 7776
l 7779 7771
l 7780 7779
l 7777 7781
l 7781 7782
l 1895 7778
l 7783 1896
l 7784 7783
l 7785 7786
l 7786 7787
l 7782 7788
l 7788 7789
l 7790 7780
l 7791 7790
l 7792 7784
l 1899 7792
l 7793 7794
l 7789 7793
l 7795 7796
l 1863 336
l 7794 7797
l 7774 7785
l 7798 7799
l 7787 7798
l 7800 1900
l 7797 7801
l 7802 7800
l 7801 7802
l 1903 7791
l 7803 7804
l 7799 7803
l 7805 7806
l 7807 7805
l 7806 1901
l 7804 7808
l 7809 7810
l 7810 7811
l 1905 7809
l 7811 7812
l 7812 7807
l 7813 7814
l 7815 7813
l 7816 7817
l 1906 7816
l 354 7818
l 7818 1904
l 7817 1909
l 7819 7820
l 7820 1907
l 7808 7815
l 7821 7819
l 7822 7821
l 7823 7822
l 7814 356
l 7824 7823
l 355 7825
l 7826 7827
l 7827 7824
l 7828 7826
l 7829 7828
l 7830 7831
l 7825 7830
l 7832 7829
l 7833 7832
l 7831 7834
l 7835 7833
l 7836 7835
l 7837 7838
l 7838 7836
l 7839 7837
l 7840 7841
l 7841 1912
l 7834 7842
l 7843 7844
l 7844 7839
l 7845 7846
l 7842 7845
l 7847 7843
l 357 7847
l 7848 7840
l 7849 7848
l 7850 357
l 1913 7850
l 7851 7852
l 7846 7851
l 7853 1914
l 7854 7853
l 7852 7855
l 7855 7856
l 7857 7849
l 7796 7857
l 7856 7858
l 7859 7860
l 7860 7854
l 7858 1916
l 1915 7861
l 7862 7863
l 7864 7862
l 7863 7865
l 1917 7866
l 7866 7864
l 7865 7859
l 7861 1919
l 1918 7867
l 7867 7868
l 7868 7869
l 7870 7871
l 7869 7870
l 7871 7872
l 7873 1923
l 1922 7873
l 7872 7874
l 7874 7875
l 7876 7877
l 7875 7876
l 7877 7878
l 1926 1924
l 7878 7879
l 7879 7880
l 7880 7881
l 7881 7882
l 7882 7883
l 7883 7884
l 7884 7885
l 358 7886
l 7886 1928
l 1929 1930
l 7885 7887
l 7887 7888
l 1931 1932
l 7889 358
l 7890 7889
l 7891 7892
l 7888 7891
l 7892 7893
l 359 7890
l 7893 7894
l 7894 7895
l 7895 7896
l 7897 360
l 1933 7897
l 7896 7898
l 7898 7899
l 7899 7900
l 7900 7901
l 7901 7902
l 7903 7904
l 7902 7903
l 1936 1935
l 7904 7905
l 7905 7906
l 7906 7907
l 7907 7908
l 1938 7909
l 7909 7910
l 7910 1937
l 7908 7911
l 7911 7912
l 7912 7913
l 7913 7914
l 7915 1939
l 7916 7915
l 7914 7917
l 7917 7918
l 7918 7919
l 7920 7916
l 7921 7922
l 7919 7921
l 7923 7920
l 7924 7923
l 7922 7925
l 1940 7926
l 7926 7924
l 7925 7927
l 7927 7928
l 7929 1941
l 1942 7929
l 7930 7931
l 7928 7930
l 1944 1943
l 7931 7932
l 7932 7933
l 7933 7934
l 7934 7935
l 7935 7936
l 7937 1946
l 361 7937
l 7938 7939
l 7936 7938
l 7940 7941
l 7939 7940
l 1949 361
l 1947 1945
l 7941 7942
l 7942 7943
l 7944 1948
l 1950 7944
l 7943 7945
l 7945 7946
l 7946 7947
l 7948 1952
l 7949 7950
l 7947 7949
l 7951 7948
l 7952 7951
l 7953 7954
l 1953 7953
l 7955 7956
l 7957 7955
l 7958 7959
l 7956 7958
l 7960 1955
l 7961 7960
l 7959 7962
l 7963 7964
l 7962 7963
l 362 7961
l 7954 7952
l 7950 7957
l 7964 7965
l 7966 362
l 1956 7966
l 7965 7967
l 7968 7969
l 7967 7968
l 7970 1957
l 363 7970
l 364 7971
l 7971 363
l 7972 7973
l 7969 7972
l 7974 364
l 7975 7974
l 7973 7976
l 7976 7977
l 7978 7975
l 7732 7795
l 7979 7978
l 1958 7979
l 7980 7981
l 7977 7980
l 7981 1961
l 1809 1962
l 7982 7983
l 1960 7982
l 7983 7984
l 7984 7985
l 1963 7986
l 7986 1810
l 7985 7366
l 336 304
l 365 1964
l 366 365
l 1965 366
l 1966 367
l 367 368
l 368 369
l 369 1967
l 1967 371
l 371 370
l 370 1964
l 372 1966
l 365 372
l 373 1965
l 370 373
l 375 1968
l 374 375
l 376 374
l 1969 376
l 377 1969
l 373 377
l 1968 378
l 378 366
l 378 372
l 375 367
l 374 368
l 376 369
l 377 371
l 381 379
l 379 380
l 382 381
l 380 382
l 383 384
l 384 385
l 385 1970
l 1970 381
l 382 383
l 1971 379
l 386 387
l 1971 386
l 387 388
l 388 380
l 388 383
l 387 384
l 386 385
l 1973 390
l 390 389
l 389 1972
l 391 1974
l 1972 391
l 7987 7988
l 7989 7987
l 7990 7989
l 7991 7990
l 7992 7991
l 7993 7992
l 7994 7995
l 7996 7994
l 7997 7996
l 7998 7997
l 7999 8000
l 8001 7999
l 8002 8003
l 8004 8002
l 8005 8004
l 8006 8005
l 8007 8008
l 8009 8007
l 8010 8009
l 8011 8012
l 8013 8011
l 8014 8015
l 8016 8014
l 8017 8016
l 8018 8019
l 8020 8018
l 392 8021
l 8022 8023
l 8024 8022
l 8025 8026
l 8027 8028
l 8029 8027
l 8030 8029
l 8031 8032
l 8033 8031
l 8034 8035
l 8036 8034
l 8037 8038
l 8039 8040
l 8041 8039
l 8042 8041
l 8043 8042
l 8044 8045
l 8046 8044
l 8047 8046
l 8048 8047
l 8049 8048
l 8050 8049
l 8051 8052
l 8053 8051
l 8054 8053
l 8055 8056
l 8057 8055
l 8058 8059
l 8060 8058
l 8061 8060
l 8062 8063
l 8064 8062
l 8065 8066
l 8067 8068
l 8069 8067
l 8070 8069
l 8071 8070
l 8072 8071
l 8073 8072
l 8074 8073
l 393 8074
l 8075 394
l 395 8075
l 396 8076
l 8077 396
l 397 8077
l 8078 397
l 8079 8078
l 8080 8079
l 8081 8082
l 8023 8081
l 8083 8033
l 8084 8083
l 1978 1975
l 8085 1977
l 8086 8085
l 8087 8086
l 8088 8087
l 8089 8088
l 8090 8089
l 8091 8090
l 8092 8091
l 1980 1981
l 398 1982
l 8093 398
l 8094 8095
l 8096 8094
l 8097 8096
l 1984 1985
l 401 1986
l 8098 8097
l 8099 8098
l 8100 8101
l 8102 8103
l 8104 8102
l 8105 8104
l 1988 1989
l 403 8106
l 8107 1991
l 1991 1990
l 8108 8107
l 404 1991
l 405 404
l 8109 406
l 8110 406
l 406 1992
l 8111 408
l 8112 8111
l 8113 8112
l 8114 8113
l 8115 8114
l 8116 8117
l 8118 8116
l 8119 1993
l 8120 8121
l 8122 8120
l 8123 8122
l 8124 8125
l 8126 1994
l 1996 8127
l 8128 1997
l 8129 8128
l 1998 8129
l 1995 8130
l 8131 1999
l 8132 8131
l 8133 8132
l 8134 8133
l 8135 2000
l 8136 8137
l 8138 8136
l 2000 8139
l 8140 8141
l 8142 8140
l 8143 8144
l 8145 8143
l 8146 8145
l 8147 8146
l 8148 8147
l 8149 8148
l 8150 8151
l 8152 8153
l 8154 8152
l 8155 8154
l 8156 8157
l 8158 8156
l 8159 8158
l 8160 8159
l 8161 8160
l 8162 8163
l 8164 8161
l 8165 8164
l 8166 8165
l 8167 8166
l 8168 8169
l 8170 8171
l 412 8172
l 8173 8170
l 8174 8173
l 8175 8174
l 8176 8177
l 8178 8176
l 8179 8180
l 8181 8178
l 8182 8183
l 8183 8181
l 8184 8182
l 8185 8186
l 8187 8185
l 8188 413
l 8189 8187
l 8190 8189
l 8191 8190
l 8192 8191
l 8193 8194
l 8195 8193
l 8196 8197
l 2003 8198
l 2003 8199
l 8200 8195
l 8201 8200
l 8202 8201
l 8203 8204
l 8205 8203
l 8206 8205
l 8207 8206
l 8208 8207
l 8209 8210
l 8211 8212
l 8213 8214
l 8215 8216
l 8217 8218
l 8219 8220
l 8221 8219
l 8222 8223
l 8224 8222
l 8225 8224
l 8226 8225
l 8227 8226
l 8228 8229
l 8230 8228
l 1974 8230
l 8231 8232
l 8233 8231
l 8234 8233
l 8235 8236
l 8237 8234
l 8238 8237
l 8236 8238
l 8239 8240
l 8241 8239
l 8242 8241
l 8243 8242
l 8244 8243
l 8245 8244
l 8246 8245
l 8247 8248
l 8249 8247
l 8250 8251
l 8252 8250
l 8253 8254
l 8255 8253
l 8256 8255
l 8257 8256
l 8258 8257
l 8259 8258
l 8260 8259
l 8261 8260
l 8262 8263
l 8264 8265
l 8263 8264
l 8266 8262
l 8267 8266
l 8268 8269
l 8270 8268
l 7988 8271
l 8012 8272
l 8272 8010
l 8273 8092
l 8274 8273
l 8275 8017
l 8276 8275
l 8277 8274
l 8278 8277
l 8279 8278
l 8280 8279
l 8281 8282
l 8283 8280
l 8282 8283
l 8284 8281
l 8285 8037
l 8286 8054
l 8287 8286
l 8056 8287
l 8288 8061
l 8289 8288
l 414 8064
l 8290 414
l 8066 8290
l 8291 8292
l 8293 8291
l 8294 8293
l 415 393
l 394 415
l 8076 395
l 8295 8294
l 8296 8295
l 8297 8296
l 8298 8297
l 8299 8298
l 8300 8299
l 2005 8080
l 1976 2006
l 2007 1979
l 8301 2008
l 8302 8099
l 8303 8302
l 8304 2009
l 8305 8303
l 8306 8305
l 8307 8306
l 8101 8307
l 2011 416
l 416 8304
l 8308 417
l 417 1983
l 1985 417
l 8309 8310
l 8311 8309
l 401 8312
l 2012 401
l 2013 2012
l 8313 2014
l 8314 8311
l 8315 8314
l 8316 8317
l 2016 2015
l 8318 8319
l 8320 8321
l 8319 8320
l 8117 8322
l 8323 8110
l 8324 8118
l 8121 8324
l 8325 8105
l 8326 8325
l 8248 8327
l 8328 8326
l 8329 8328
l 8327 8329
l 8330 8249
l 8331 8330
l 8332 8333
l 8334 8332
l 8141 8334
l 8335 8331
l 8336 8142
l 8144 8336
l 8337 8150
l 8338 8339
l 8340 8338
l 8341 8340
l 8342 8149
l 8153 8342
l 8343 8344
l 8345 8343
l 8162 8346
l 8347 8345
l 8348 8347
l 8349 8348
l 411 8350
l 8351 8169
l 8352 8353
l 8354 8179
l 8355 8184
l 8356 8355
l 8357 8356
l 8358 8357
l 8359 8358
l 8360 8359
l 8186 8360
l 8196 8361
l 8362 8363
l 8364 8362
l 8365 8364
l 8366 8365
l 8211 8367
l 8368 8369
l 8370 8368
l 8371 2004
l 8372 8371
l 8373 8374
l 8375 8373
l 8376 8377
l 8223 8376
l 8378 8227
l 8379 8378
l 8380 8381
l 8382 8380
l 8383 8382
l 8384 8383
l 8385 8384
l 8386 8385
l 8387 8388
l 8389 8387
l 8390 8389
l 8271 8390
l 8391 8392
l 8393 8391
l 8394 8393
l 8395 8394
l 8396 8395
l 8397 8396
l 8398 8397
l 8399 7993
l 8400 8399
l 8401 8400
l 7995 8401
l 8000 7998
l 8003 8001
l 8402 8006
l 8403 8402
l 8404 8403
l 8008 8404
l 8405 8406
l 8240 8405
l 8407 8246
l 8408 8407
l 8409 8408
l 8410 8013
l 8411 8410
l 8015 8411
l 8412 8413
l 8019 8412
l 8414 8020
l 8415 8414
l 8416 8415
l 8417 8416
l 8418 8252
l 8344 8418
l 8419 8417
l 8420 8419
l 8421 8420
l 8040 8421
l 8422 8043
l 8045 8422
l 8423 8270
l 8424 8423
l 8052 8050
l 8425 8057
l 8059 8425
l 8426 8276
l 8413 8426
l 8427 8289
l 2010 418
l 8428 8301
l 418 8428
l 8429 8313
l 8317 8430
l 2018 8429
l 2020 8431
l 8432 8138
l 8333 8432
l 8433 8352
l 8434 2017
l 8435 8436
l 8436 8437
l 8438 8370
l 8439 8438
l 8440 8439
l 8441 8440
l 8374 8441
l 8442 2022
l 8443 8221
l 8444 8443
l 8377 8444
l 8445 8379
l 8446 8445
l 8381 8446
l 8447 8448
l 8449 8447
l 8450 8449
l 8451 8450
l 8452 8451
l 8453 8452
l 8454 8036
l 8455 8454
l 8456 8455
l 8457 8458
l 8392 8457
l 8459 8456
l 8458 8459
l 8460 8398
l 8461 8460
l 8462 8463
l 408 405
l 8464 8115
l 8322 8464
l 8127 8123
l 8125 8465
l 8466 8134
l 8467 8466
l 8137 8467
l 8468 8155
l 8469 8468
l 8157 8469
l 8163 8470
l 8471 8167
l 8472 8471
l 8473 8472
l 8171 8473
l 8474 8175
l 8475 8474
l 420 8427
l 8063 420
l 8177 8475
l 8476 8065
l 8477 8476
l 8478 8477
l 413 8479
l 8480 8192
l 8481 8480
l 8482 8481
l 8194 8482
l 8204 8202
l 8199 8483
l 8214 8208
l 8210 8484
l 8485 8213
l 8486 8485
l 8369 8486
l 8487 8488
l 8489 8375
l 8490 8489
l 8491 8490
l 8492 8491
l 8220 8492
l 8493 8386
l 8494 8493
l 8495 8494
l 8448 8495
l 8496 8497
l 8498 8496
l 8499 8498
l 8500 8499
l 8501 8500
l 8502 8501
l 8503 8084
l 8504 8503
l 8505 8504
l 8506 8505
l 8507 8506
l 8508 8507
l 421 8509
l 8510 8235
l 8511 8510
l 8512 8461
l 8232 8512
l 8513 8511
l 8514 8513
l 8515 8514
l 8516 8515
l 8229 8517
l 8518 8516
l 8517 8518
l 8519 8478
l 8520 8284
l 8521 8520
l 8522 8521
l 8523 8524
l 8525 8453
l 8526 8525
l 8527 8526
l 8497 8527
l 8528 8522
l 8529 8528
l 8530 8529
l 8531 8530
l 8406 8531
l 8532 8533
l 8534 8532
l 8535 8534
l 8082 8535
l 8536 8030
l 8537 8536
l 8538 8537
l 8539 8538
l 8540 8539
l 8032 8540
l 8541 8542
l 8543 421
l 8544 8409
l 8545 8544
l 8546 8545
l 8547 8546
l 8548 8549
l 8292 8548
l 8549 8547
l 8550 8300
l 8551 8550
l 8552 8551
l 8095 8552
l 8310 8100
l 8553 8315
l 8321 8553
l 8554 8318
l 8103 8554
l 8339 8335
l 8555 8341
l 8251 8555
l 8068 8519
l 8556 8349
l 8557 8556
l 8558 8557
l 8559 8558
l 8560 8559
l 8254 8560
l 8561 8261
l 8562 8561
l 8563 8562
l 8564 8563
l 8565 8564
l 8363 8565
l 8566 8502
l 8567 8566
l 8568 8567
l 8533 8568
l 8569 8024
l 8570 8569
l 8571 8570
l 8572 8366
l 8573 8572
l 8026 8574
l 8575 8571
l 8576 8575
l 8265 8573
l 8028 8576
l 8577 8508
l 8035 8577
l 8578 8267
l 8579 8578
l 8269 8579
l 8580 8424
l 8581 8580
l 8582 8581
l 8583 8582
l 8584 8583
l 8388 8584
l 1977 422
l 422 1973
l 423 390
l 2024 425
l 425 424
l 424 423
l 423 426
l 426 389
l 426 427
l 428 2025
l 427 428
l 429 391
l 2025 429
l 8585 8586
l 8587 8585
l 8588 8589
l 8590 8591
l 8592 8593
l 8594 8595
l 8596 8597
l 8598 8599
l 8600 8601
l 8602 8603
l 8604 8605
l 8606 8607
l 8599 8608
l 8609 8610
l 8611 8590
l 8593 8612
l 8613 8594
l 8597 8614
l 8615 8606
l 8616 8587
l 8589 8617
l 8618 8602
l 8605 8619
l 8617 8620
l 8619 8621
l 8622 8616
l 8608 8623
l 8614 8624
l 8625 8611
l 8612 8626
l 8601 8627
l 8628 8615
l 8629 8622
l 8620 8630
l 8631 8618
l 8623 8632
l 8633 8613
l 8624 8634
l 8635 8625
l 8626 8636
l 8637 8628
l 8630 8638
l 8639 8629
l 8632 8640
l 8641 8631
l 8621 8642
l 8643 8633
l 8634 8644
l 8638 8645
l 8645 8646
l 8647 8635
l 8636 8648
l 8649 8639
l 8650 8609
l 8627 8651
l 8651 8652
l 8653 8641
l 8642 8654
l 8655 8649
l 8656 8643
l 8644 8657
l 8658 8650
l 8659 8647
l 8648 8660
l 430 2028
l 8661 8637
l 8640 8662
l 8663 8655
l 8646 8664
l 8654 8665
l 8664 8666
l 8667 8656
l 8657 8668
l 8669 8663
l 8662 8670
l 8671 8659
l 8660 8672
l 8673 8653
l 8652 8674
l 8675 8661
l 8670 8676
l 8677 8675
l 8666 8678
l 8678 8679
l 8680 8667
l 8681 8658
l 8668 8682
l 8683 2029
l 2030 2031
l 8684 8669
l 8679 8685
l 8672 8686
l 8674 8687
l 8688 8684
l 8676 8689
l 8690 8673
l 8665 8691
l 8691 8692
l 8693 8680
l 8682 8694
l 8695 8677
l 8689 8696
l 8697 8681
l 431 8683
l 8698 8695
l 8699 8671
l 8686 8700
l 8701 8688
l 8685 2033
l 8702 8690
l 432 422
l 8703 431
l 8704 8693
l 8694 8705
l 433 8701
l 8696 8706
l 8687 8707
l 8708 8699
l 8700 8709
l 8710 8698
l 8711 433
l 2034 2035
l 8706 8712
l 8713 8704
l 2036 432
l 8705 8714
l 8715 8697
l 8716 8702
l 8692 8717
l 8718 8710
l 8719 8708
l 8709 8720
l 434 8711
l 8707 8721
l 8712 8722
l 8720 8723
l 8724 8718
l 2037 8725
l 8717 8726
l 8727 8713
l 8714 8728
l 8729 8715
l 8730 434
l 8722 8731
l 8732 8724
l 8725 8733
l 8734 8719
l 8735 8730
l 8731 8736
l 8728 8737
l 8726 8738
l 8739 8732
l 8733 8740
l 8721 8741
l 8742 8735
l 8743 8734
l 8740 8744
l 8744 8745
l 8723 8746
l 8747 8716
l 8746 8748
l 8749 8729
l 8741 8750
l 8751 8742
l 8752 8727
l 8736 8753
l 8737 8754
l 8745 8755
l 8756 8749
l 8757 8751
l 8753 8758
l 8759 8743
l 8760 8747
l 8738 8761
l 8762 8739
l 8763 8757
l 8755 8764
l 8765 8752
l 8754 8766
l 8758 8767
l 8768 8762
l 8764 435
l 8750 8769
l 8770 8759
l 8748 8771
l 8772 8763
l 8773 8772
l 435 8774
l 8775 8765
l 8766 8776
l 8771 8777
l 8767 8778
l 8779 8756
l 2038 8780
l 8780 2039
l 8781 8768
l 8782 8760
l 8778 8783
l 8761 8784
l 8785 8781
l 8774 8786
l 8769 8787
l 8788 8770
l 8789 8773
l 8790 8775
l 8776 8791
l 8786 8792
l 8793 8782
l 8784 8794
l 8795 8789
l 8783 8796
l 8797 8779
l 2040 8798
l 8799 8785
l 8796 8800
l 8801 8799
l 8792 8802
l 8803 8790
l 8804 8788
l 8791 8805
l 8777 8806
l 8787 8807
l 8808 8795
l 8802 8809
l 8806 8810
l 8811 8808
l 8800 8812
l 8813 2036
l 2043 2041
l 8798 436
l 8814 8801
l 8812 8815
l 8816 8793
l 8794 8817
l 8818 8814
l 8809 8819
l 8819 8820
l 8821 8803
l 8805 8822
l 8823 8804
l 8824 8811
l 8820 8825
l 2042 8826
l 436 8703
l 2032 437
l 8827 8824
l 8815 8828
l 8829 8818
l 8828 8830
l 8831 8813
l 8807 8832
l 8817 8833
l 8834 8821
l 8822 8835
l 8836 8827
l 8837 8836
l 8825 8838
l 8839 8823
l 8810 8840
l 8841 8797
l 8842 8816
l 438 2044
l 8826 8843
l 8830 8844
l 8845 8829
l 8838 8846
l 8847 8831
l 8848 8837
l 8844 8849
l 8850 438
l 439 2045
l 8851 8834
l 8835 8852
l 8853 8845
l 8846 8854
l 8855 8848
l 8856 8839
l 8840 8857
l 8849 8858
l 8843 8859
l 8832 8860
l 8857 8861
l 8862 8853
l 8854 8863
l 8864 8847
l 8865 8855
l 8863 8866
l 8867 8842
l 8833 8868
l 8869 8865
l 8870 8841
l 8858 8871
l 8872 8851
l 8852 8873
l 8860 8874
l 8875 8862
l 8866 8876
l 8859 8877
l 8878 8856
l 8879 8869
l 8871 8880
l 8881 8870
l 8882 8875
l 8883 8867
l 8884 8879
l 8868 8885
l 8886 8864
l 8876 8887
l 8880 8888
l 8889 8882
l 8873 8890
l 8887 8891
l 440 8850
l 8892 440
l 8893 8884
l 8891 8894
l 8877 8895
l 8896 8893
l 8888 8897
l 8898 8889
l 8899 8886
l 8897 8900
l 8861 8901
l 8874 8902
l 8903 8898
l 8885 8904
l 8905 8896
l 8906 8905
l 8894 8907
l 8908 8872
l 8890 8909
l 8900 8910
l 8911 8881
l 441 8892
l 2046 442
l 8912 8883
l 8913 8903
l 8910 8914
l 8895 8915
l 8907 8916
l 8917 8878
l 8901 8918
l 8919 8899
l 8920 8906
l 8916 8921
l 8922 8920
l 8914 8923
l 8918 8924
l 8925 8913
l 8926 8908
l 8923 8927
l 8909 8928
l 8929 8925
l 8921 8930
l 8931 8922
l 8902 8932
l 8930 8933
l 8915 8934
l 8935 8931
l 8927 8936
l 8937 8919
l 8938 8929
l 8936 8939
l 8940 8938
l 8933 8941
l 8942 8911
l 445 443
l 8943 8917
l 444 2047
l 8944 8935
l 8904 8945
l 8941 8946
l 8947 8926
l 8948 8944
l 8928 8949
l 8939 8950
l 8951 8940
l 8950 8952
l 8953 8951
l 8946 8954
l 2047 8955
l 8934 8956
l 8957 8948
l 8954 8958
l 8959 8937
l 8960 8957
l 8952 8961
l 8962 8943
l 8963 8953
l 8924 8964
l 8958 8965
l 8966 8960
l 8961 8967
l 8932 8968
l 8969 8963
l 8970 8966
l 8965 8971
l 8972 8947
l 8949 8973
l 8967 8974
l 8964 8975
l 8976 8969
l 8971 8977
l 8978 8970
l 8945 8979
l 8974 8980
l 8981 8942
l 8968 8982
l 8956 8983
l 8984 8978
l 8980 8985
l 8986 8959
l 8987 8976
l 8988 8912
l 8989 8984
l 8977 8990
l 8985 8991
l 8992 8987
l 8990 8993
l 8994 8981
l 8995 8989
l 8996 446
l 8991 8997
l 8955 2048
l 8998 8992
l 8999 8962
l 8993 9000
l 9001 8995
l 8997 9002
l 9003 8972
l 8973 9004
l 9005 8998
l 9000 9006
l 9007 9001
l 9002 9008
l 9009 8988
l 8979 9010
l 9011 9005
l 9006 9012
l 9013 9007
l 9008 9014
l 9015 9011
l 8975 9016
l 447 8996
l 9012 9017
l 8983 9018
l 9019 8986
l 9020 9013
l 9014 9021
l 9022 9015
l 9017 9023
l 9024 9020
l 9021 9025
l 9026 9022
l 9027 9024
l 9023 9028
l 9025 9029
l 9030 9026
l 9031 9027
l 9028 9032
l 9029 9033
l 9032 9030
l 9034 9031
l 9033 9034
l 8982 9035
l 9036 9003
l 9004 9037
l 9038 8999
l 9039 8994
l 9035 9040
l 9018 9041
l 9016 9042
l 9043 9039
l 9044 447
l 2049 448
l 9045 9009
l 9010 9046
l 9047 9036
l 429 2042
l 9037 9048
l 9049 9019
l 9041 9050
l 448 2050
l 9051 9038
l 9042 9052
l 9053 9045
l 9046 9054
l 9055 9044
l 9040 9056
l 9057 9047
l 9048 9058
l 9059 9051
l 449 9055
l 2050 450
l 9060 9049
l 9050 9061
l 450 9062
l 9054 9063
l 9064 9057
l 9058 9065
l 9066 9053
l 9067 9060
l 9061 9068
l 9056 9069
l 9070 9059
l 9052 9071
l 9071 9072
l 9073 9043
l 9074 451
l 9062 452
l 9075 9064
l 9065 9076
l 9069 9077
l 9078 9067
l 9068 9079
l 9080 9070
l 9081 9073
l 454 9082
l 9083 9066
l 9063 9084
l 9076 9085
l 453 9074
l 9077 9086
l 9087 9078
l 9079 9088
l 9089 9081
l 9082 9090
l 9072 9091
l 9092 9075
l 9085 9093
l 9094 453
l 8586 9094
l 9090 9095
l 9096 9087
l 9088 9097
l 9086 9098
l 9099 9083
l 9084 9100
l 9100 8600
l 9101 9089
l 9098 8598
l 8591 9092
l 9093 8592
l 8603 9080
l 9091 8604
l 8595 9096
l 9097 8596
l 8610 9099
l 8607 9101
l 9095 8588
l 432 2024
l 424 427
l 428 425
l 9102 455
l 2052 9103
l 9104 2053
l 9105 9106
l 458 9107
l 9108 9109
l 9110 2055
l 9111 9112
l 2057 9113
l 9114 2059
l 9115 2059
l 9116 9117
l 9118 9117
l 9119 9120
l 9121 9122
l 9123 9124
l 2060 9125
l 2060 2061
l 460 9126
l 9127 9128
l 9129 462
l 9130 9131
l 463 2063
l 2064 9132
l 2066 9133
l 9134 9135
l 9136 9137
l 455 9138
l 9106 9139
l 9140 9119
l 9122 9141
l 9142 460
l 461 9142
l 9143 9144
l 9145 9127
l 9146 9130
l 466 9147
l 9148 9149
l 2069 9150
l 9151 9143
l 9152 9153
l 9152 9154
l 9155 9156
l 9111 9157
l 2059 435
l 9123 9158
l 9125 9159
l 462 9160
l 468 9161
l 9162 468
l 9132 9163
l 470 9164
l 9165 471
l 471 9166
l 9167 470
l 475 473
l 473 474
l 474 476
l 476 475
l 477 478
l 478 2070
l 479 477
l 2070 2071
l 480 473
l 2071 480
l 475 479
l 480 481
l 481 474
l 482 483
l 2072 482
l 483 484
l 2073 2072
l 481 2073
l 484 476
l 484 479
l 483 477
l 482 478
l 2075 485
l 485 2074
l 2077 2076
l 2074 486
l 486 487
l 487 2077
l 488 2078
l 2077 488
l 2076 490
l 490 489
l 492 485
l 491 492
l 492 493
l 493 494
l 494 2074
l 2079 495
l 495 486
l 495 487
l 496 488
l 2079 496
l 9168 2080
l 499 9169
l 9169 9170
l 500 9171
l 9171 2086
l 9172 9173
l 9173 497
l 9174 9175
l 9175 9168
l 9176 9177
l 9177 2084
l 9178 9172
l 2088 9174
l 9179 9180
l 9180 9181
l 9182 9179
l 9183 9182
l 2082 2091
l 9181 9184
l 9185 9186
l 9186 9178
l 9187 500
l 9188 9189
l 9189 9187
l 9190 9191
l 9191 2094
l 2095 9192
l 9192 9176
l 9193 9190
l 9170 9193
l 9194 9185
l 2092 9195
l 2096 9188
l 9196 9197
l 9197 9198
l 2090 9199
l 9199 9200
l 9184 9196
l 501 9201
l 9201 2097
l 9195 9202
l 9202 9203
l 503 9204
l 9205 9206
l 9206 9194
l 9200 9207
l 9207 9208
l 496 493
l 9209 9210
l 9210 501
l 9198 505
l 9204 2093
l 491 502
l 9211 9209
l 504 506
l 9212 9213
l 9213 2099
l 2100 9214
l 9214 9205
l 9208 9215
l 9215 9216
l 9203 2102
l 9217 9212
l 506 507
l 507 2078
l 2098 2103
l 2101 9218
l 9218 9219
l 9216 9220
l 9220 2105
l 9221 9211
l 9222 9223
l 9223 9217
l 9224 9225
l 9225 9221
l 9226 9227
l 9227 2106
l 9228 9229
l 9229 9222
l 508 9226
l 2109 9230
l 9230 9231
l 2111 9232
l 9232 2110
l 9219 2108
l 2107 509
l 9233 9228
l 9234 9224
l 2112 9235
l 9235 9234
l 9231 510
l 9236 9237
l 9237 508
l 509 9238
l 9238 2113
l 510 9239
l 9239 9240
l 2114 511
l 513 9241
l 9241 2117
l 512 9242
l 9242 9236
l 2119 9243
l 9243 2115
l 9240 9244
l 9244 9245
l 2118 9233
l 2116 9246
l 9246 9247
l 9248 513
l 2121 9249
l 9249 512
l 9245 9250
l 2125 2122
l 9250 9251
l 9251 9252
l 515 9248
l 9247 2127
l 9252 9253
l 9254 514
l 9253 9255
l 9256 9257
l 2126 9256
l 9258 9254
l 9255 9259
l 9257 2132
l 9260 2130
l 2123 9260
l 9261 2131
l 9259 9262
l 9262 9263
l 518 9258
l 2133 9264
l 9264 9265
l 2136 9266
l 9266 2135
l 9267 9268
l 9268 9261
l 9263 9269
l 9269 9270
l 9265 9271
l 9271 9272
l 9270 9273
l 2141 9267
l 2139 2138
l 9274 516
l 9273 9275
l 9275 9276
l 9277 9274
l 9278 9277
l 9279 9280
l 9280 9278
l 2137 9281
l 9281 9282
l 9283 9284
l 9284 9285
l 9272 9283
l 9286 2140
l 9282 9287
l 9288 9279
l 9276 9289
l 9289 9290
l 9287 2143
l 9291 9288
l 9290 9292
l 9293 9294
l 9294 9286
l 9285 9295
l 9295 9296
l 2144 9291
l 9297 9298
l 9298 2142
l 9292 9299
l 9299 9300
l 2145 9301
l 9296 9302
l 9302 2147
l 9301 9303
l 9304 2146
l 2149 9293
l 519 9304
l 9305 9297
l 2150 9306
l 9306 9305
l 9300 520
l 9307 2148
l 9303 9308
l 520 9309
l 9309 2152
l 2151 9310
l 9308 9311
l 9311 9312
l 2153 9307
l 522 521
l 9312 9313
l 2155 9314
l 523 2156
l 9314 9315
l 524 9316
l 9316 522
l 2158 9317
l 9317 525
l 9310 2159
l 9313 9318
l 9318 9319
l 2160 9320
l 9320 2157
l 526 9321
l 9321 523
l 525 9322
l 9323 9324
l 9324 9325
l 9315 9323
l 9319 9326
l 9326 9327
l 9322 9328
l 9329 526
l 9325 9330
l 527 9329
l 9331 524
l 2161 9332
l 9332 9331
l 9327 2163
l 9330 9333
l 9334 9335
l 9335 9336
l 9328 9334
l 9337 9338
l 9338 2167
l 9333 2169
l 2164 2170
l 9339 527
l 9340 9339
l 9341 9337
l 2171 9342
l 9342 9340
l 2168 9343
l 9336 9344
l 9344 2172
l 528 9341
l 9343 9345
l 9346 2173
l 2175 9347
l 9347 529
l 9345 9348
l 9348 9349
l 529 9350
l 9351 9352
l 9352 9346
l 9353 2177
l 9354 9351
l 9349 9355
l 9355 9356
l 9350 9357
l 9358 9359
l 9359 2179
l 9360 528
l 9361 9354
l 2176 9358
l 9362 9360
l 2178 9363
l 9363 9362
l 2180 9361
l 9356 9364
l 9357 9365
l 9365 9366
l 9364 9367
l 9367 9368
l 9366 9369
l 9368 9370
l 9371 2182
l 9372 2183
l 9370 531
l 9373 9371
l 9369 9374
l 9374 2186
l 2181 2188
l 2187 2185
l 9375 9376
l 9376 9372
l 9377 9353
l 530 9377
l 2190 9378
l 9378 9373
l 532 9375
l 2191 2193
l 2194 9379
l 2192 9380
l 9380 9381
l 9382 2196
l 2197 9383
l 9384 9385
l 9385 2198
l 498 9386
l 9386 9382
l 9387 9388
l 9388 9389
l 9379 9387
l 9390 9384
l 9381 2200
l 9383 9391
l 9391 9392
l 9393 533
l 2202 9393
l 534 9390
l 2203 9394
l 9394 498
l 9392 9395
l 9396 2201
l 9397 9398
l 9398 9399
l 9395 9400
l 9400 2083
l 9401 9397
l 9389 9401
l 9402 534
l 2087 9403
l 9403 9402
l 2204 9404
l 9404 499
l 2199 2205
l 2206 9396
l 9399 9183
l 497 9405
l 9405 2207
l 507 535
l 535 490
l 9406 9407
l 9408 536
l 9409 9408
l 9410 9411
l 9412 9410
l 9413 9406
l 9411 2214
l 9414 9413
l 9415 9416
l 2208 9415
l 2212 9417
l 9418 2215
l 537 9418
l 9419 9420
l 9420 9409
l 9421 9414
l 9417 9422
l 9423 9424
l 9416 9423
l 9425 9419
l 2216 9426
l 9422 9427
l 9428 9429
l 9429 9421
l 9430 9425
l 9424 9431
l 9432 9430
l 9433 2217
l 9427 9433
l 9434 2218
l 9426 9434
l 9431 9435
l 9436 9437
l 9437 9428
l 2219 537
l 9435 9438
l 9439 2220
l 9440 9436
l 9441 9439
l 9442 9432
l 9438 2223
l 9443 9442
l 9444 9443
l 2224 9440
l 9445 9444
l 9446 9441
l 9447 9446
l 9448 538
l 2221 9448
l 2226 9449
l 9450 9451
l 9451 9445
l 9452 9447
l 9453 9452
l 538 9454
l 9455 9453
l 9456 9455
l 9457 2229
l 9454 9457
l 9458 9459
l 9460 9458
l 9459 9461
l 9461 2227
l 2228 539
l 9449 9462
l 9462 9463
l 542 9450
l 9463 9464
l 9464 9465
l 2230 9466
l 9467 9468
l 540 9467
l 9469 541
l 9470 9469
l 9471 9472
l 9465 9471
l 9473 2231
l 543 9473
l 2232 9456
l 544 9470
l 9474 9475
l 9466 9474
l 9472 9476
l 2234 9477
l 9477 9460
l 9478 543
l 9479 9478
l 9480 2233
l 9476 9481
l 9468 9482
l 9482 9483
l 9484 9485
l 9483 9484
l 9486 9479
l 9487 9488
l 9488 9480
l 2235 9486
l 9485 9489
l 9489 9490
l 9475 2237
l 9481 2239
l 9490 9491
l 2240 545
l 2236 9492
l 9493 9487
l 9491 9494
l 9492 2243
l 9495 9493
l 9496 9495
l 9497 9498
l 9498 2241
l 9499 9496
l 9500 9499
l 9494 547
l 2245 2247
l 9501 9502
l 9502 546
l 9503 9497
l 9504 9503
l 548 9505
l 9506 9500
l 9507 9506
l 2248 9508
l 9509 9501
l 2249 9509
l 9508 9510
l 9511 9512
l 9505 9511
l 9513 9514
l 9515 9513
l 9514 9504
l 9516 9517
l 9517 9518
l 9518 9507
l 9512 9519
l 9519 9520
l 9521 9522
l 2250 9521
l 9523 2251
l 9510 2253
l 9524 9515
l 9525 9524
l 9520 9526
l 9527 9528
l 9528 9516
l 9529 9523
l 9530 9529
l 9531 9527
l 9532 9525
l 9533 9534
l 2252 9533
l 9535 9536
l 9526 9535
l 2254 9530
l 2255 9531
l 9536 2256
l 9537 9538
l 9534 9537
l 9522 2257
l 9539 2258
l 2259 9539
l 9540 2261
l 9541 2263
l 9538 9541
l 9542 9543
l 2264 9542
l 9543 551
l 9544 2262
l 9545 9544
l 9546 2265
l 9547 9545
l 2268 9547
l 9548 553
l 552 9540
l 9549 9548
l 9550 9551
l 9552 9550
l 9551 9546
l 2269 9549
l 554 9553
l 9554 556
l 9553 9554
l 550 9555
l 9555 2273
l 2272 2271
l 2274 9556
l 9556 557
l 555 9557
l 9557 9558
l 9558 558
l 2276 2275
l 9559 2278
l 558 9559
l 559 9560
l 9561 9562
l 9563 9561
l 9562 9564
l 9564 9552
l 9560 9565
l 560 2279
l 549 9532
l 9566 9563
l 557 2281
l 2282 9567
l 9568 9569
l 9565 9568
l 2284 2283
l 9570 9571
l 2280 9570
l 9572 560
l 9573 9572
l 2285 9573
l 9569 561
l 9574 9575
l 9575 9576
l 9576 9577
l 9578 9579
l 9571 9578
l 9577 9566
l 9580 2287
l 563 9580
l 9579 9581
l 9582 565
l 564 9582
l 2288 2286
l 562 9583
l 9584 563
l 9585 9584
l 9586 9587
l 9581 9586
l 9588 9589
l 9583 9588
l 9590 9591
l 9591 9574
l 9567 9592
l 9592 564
l 565 2290
l 9587 2291
l 9589 9593
l 9594 9590
l 9595 9594
l 9596 9585
l 9597 9596
l 9598 9597
l 9593 9599
l 9600 9598
l 9599 9601
l 567 9595
l 2289 566
l 2294 2292
l 569 568
l 9602 9603
l 2293 9602
l 535 569
l 9603 9604
l 2297 9600
l 9605 9606
l 9606 2295
l 9601 9607
l 9607 2298
l 9604 9608
l 9609 570
l 9610 9611
l 9611 9605
l 9612 9613
l 2296 9612
l 9614 9610
l 9613 9615
l 9616 2300
l 9617 9616
l 9618 9609
l 9619 9618
l 9615 9620
l 9621 9614
l 9620 2301
l 9622 9619
l 2302 9622
l 9608 9617
l 9623 9624
l 9624 9621
l 2304 9625
l 9626 2305
l 9625 9627
l 9628 9629
l 9627 9628
l 9630 9626
l 9631 9630
l 9632 9631
l 9633 9634
l 9634 9635
l 9635 9636
l 2306 571
l 9637 9632
l 9638 9639
l 9629 9638
l 9640 9633
l 9641 9640
l 9636 9623
l 9642 9643
l 2309 9642
l 9643 9637
l 9639 2310
l 9644 9641
l 9645 9644
l 9646 9647
l 2308 9646
l 9647 9648
l 9649 9645
l 9650 9651
l 2311 9650
l 9648 2312
l 9652 9653
l 9653 9649
l 9654 2314
l 9651 9654
l 9655 9652
l 2210 9655
l 2317 9656
l 9656 572
l 9657 2316
l 9658 2318
l 536 9658
l 572 9412
l 9659 9657
l 9407 9659
l 2079 494
l 506 569
l 575 573
l 573 574
l 576 575
l 574 576
l 577 575
l 2319 577
l 579 578
l 578 2320
l 576 580
l 580 2321
l 2320 2319
l 2321 2322
l 2322 581
l 581 582
l 582 579
l 583 573
l 577 583
l 583 2323
l 585 584
l 2324 585
l 586 574
l 2325 586
l 2323 2324
l 2326 2325
l 588 2326
l 587 588
l 584 587
l 586 580
l 588 581
l 587 582
l 584 579
l 585 578
l 591 589
l 589 590
l 590 592
l 592 591
l 593 594
l 591 593
l 2327 589
l 594 595
l 595 2327
l 2328 590
l 596 597
l 597 592
l 598 596
l 2328 598
l 597 593
l 596 594
l 598 595
l 601 599
l 599 600
l 602 601
l 600 602
l 603 604
l 604 605
l 605 2329
l 606 603
l 2329 2330
l 2330 601
l 602 606
l 2331 599
l 607 608
l 609 607
l 2332 609
l 608 610
l 2331 2332
l 610 600
l 610 606
l 608 603
l 607 604
l 609 605
l 2333 611
l 612 2334
l 611 612
l 613 614
l 614 2335
l 615 613
l 2335 616
l 612 615
l 617 2334
l 616 617
l 617 618
l 618 2333
l 619 620
l 2336 619
l 620 621
l 622 2336
l 621 611
l 618 622
l 621 615
l 620 613
l 619 614
l 622 616
l 2337 623
l 623 624
l 624 625
l 2341 2337
l 626 627
l 627 2341
l 625 628
l 628 2342
l 2342 2344
l 2344 630
l 630 629
l 629 626
l 631 627
l 626 632
l 632 631
l 631 2345
l 2345 2346
l 633 623
l 2346 633
l 634 624
l 633 634
l 635 625
l 634 635
l 635 636
l 636 628
l 636 2347
l 2347 2348
l 2348 637
l 637 630
l 637 638
l 638 629
l 638 632
l 2339 639
l 640 2338
l 639 640
l 640 641
l 641 2340
l 642 2343
l 641 642
l 642 639
l 643 644
l 644 645
l 646 643
l 645 646
l 647 648
l 648 643
l 646 2349
l 2349 649
l 649 647
l 650 644
l 648 650
l 650 651
l 2350 645
l 652 2350
l 651 652
l 652 649
l 651 647
l 655 653
l 654 656
l 656 655
l 2353 9660
l 9661 2354
l 658 9662
l 9662 657
l 2356 9663
l 2359 9664
l 9664 658
l 9665 9661
l 9666 9667
l 9667 9665
l 657 2362
l 9668 2361
l 2365 9669
l 9669 9670
l 2360 2352
l 9671 2364
l 9672 9673
l 9673 9674
l 9663 9672
l 9675 9668
l 9676 9671
l 9677 9678
l 9678 9666
l 9670 9679
l 9679 659
l 9680 9676
l 9681 9682
l 9682 9675
l 2366 9683
l 9674 2367
l 9684 9677
l 659 9685
l 9686 9684
l 9685 2369
l 9683 9687
l 9687 9688
l 9689 9690
l 9690 9681
l 2368 2370
l 9691 9680
l 9692 9693
l 9693 9691
l 9694 9686
l 9688 9695
l 9696 9692
l 2372 2373
l 9697 9689
l 9698 9699
l 9699 9697
l 9695 9700
l 9700 9701
l 9702 9698
l 660 9703
l 9701 9704
l 9704 9705
l 9706 661
l 9707 9694
l 2375 9708
l 9708 9706
l 9709 9707
l 9710 9709
l 9711 9712
l 9712 9710
l 9705 9713
l 661 9696
l 2374 9714
l 9714 9715
l 9716 9717
l 9717 9711
l 9718 9719
l 9703 9718
l 9720 9702
l 9713 9721
l 9721 9722
l 9723 9720
l 9724 9725
l 9725 9723
l 9715 9726
l 9719 9727
l 9727 9728
l 2377 9729
l 9729 2376
l 9722 9730
l 2379 9731
l 9731 662
l 9732 9716
l 9728 2381
l 9733 9732
l 9730 9734
l 2380 9735
l 9735 9733
l 9736 2383
l 9737 9736
l 662 9724
l 9726 9737
l 9734 9738
l 9738 9739
l 2382 9740
l 9739 9741
l 2386 9742
l 9742 663
l 9741 9743
l 9740 9744
l 9744 9745
l 2389 2388
l 9745 9746
l 9747 9748
l 9748 2387
l 9743 9749
l 9749 9750
l 9746 9751
l 2385 2391
l 9752 2390
l 9750 9753
l 9751 2394
l 9754 9752
l 2395 2393
l 9755 9756
l 9756 9747
l 9757 9754
l 9753 9758
l 9758 9759
l 2396 9760
l 9760 664
l 9761 9762
l 9762 9755
l 2400 2398
l 9763 9764
l 9764 9765
l 9759 9763
l 9766 9757
l 665 9766
l 9767 9768
l 9768 9761
l 9769 9770
l 9770 2397
l 9771 9772
l 9772 665
l 9773 9774
l 9774 9767
l 2404 9771
l 9775 9769
l 9776 9777
l 9777 2406
l 9778 9779
l 9779 9775
l 9765 9776
l 9780 9773
l 2403 9781
l 9781 2407
l 2402 9782
l 9782 2408
l 9783 9780
l 2411 9784
l 9784 2405
l 2409 9785
l 2410 9786
l 666 9787
l 9787 9783
l 9788 9778
l 9789 9788
l 9790 9791
l 9791 9789
l 9785 9792
l 9786 667
l 9793 9790
l 667 9794
l 9794 2416
l 9795 2415
l 9796 9793
l 9797 668
l 9798 9795
l 9792 9799
l 9800 9801
l 9801 9802
l 2417 9803
l 9804 9805
l 9805 9806
l 9799 9804
l 9807 9808
l 9808 9796
l 9809 9798
l 9806 9810
l 9803 9811
l 669 9809
l 9811 2418
l 9810 9812
l 9812 9813
l 9814 9815
l 9815 9816
l 9817 9814
l 9813 2423
l 2421 9807
l 9818 9819
l 9819 670
l 9820 9821
l 9821 9822
l 9823 9818
l 671 9820
l 9824 9825
l 9825 9826
l 2424 9824
l 2427 9827
l 9827 9828
l 2426 9829
l 9829 9830
l 9831 9832
l 9832 2425
l 672 9833
l 9833 9823
l 9830 9834
l 9828 2429
l 9826 9835
l 9835 9836
l 2430 9837
l 9837 9831
l 9838 672
l 2432 9839
l 9839 9838
l 9836 9840
l 9840 9841
l 9842 9843
l 9843 2433
l 9834 9842
l 2431 9844
l 9844 2434
l 674 9845
l 9845 2436
l 9846 2435
l 9847 9848
l 9848 9849
l 9841 9850
l 9850 9851
l 9852 674
l 9853 9847
l 9854 9846
l 2438 9855
l 9855 9856
l 9851 9857
l 2437 9858
l 9859 9854
l 9860 9859
l 2441 9861
l 9861 9862
l 9863 9864
l 9864 9865
l 675 9866
l 9866 2442
l 9867 9868
l 9868 9860
l 2439 9853
l 9869 2440
l 9870 9867
l 9856 677
l 9816 2428
l 9802 9817
l 9865 9871
l 9871 9872
l 9858 9863
l 2414 9800
l 9873 9870
l 664 2401
l 2419 9797
l 9874 2420
l 9872 9875
l 9822 9874
l 9876 673
l 9877 9876
l 9849 9877
l 9862 9852
l 9878 2444
l 9875 9879
l 2443 9880
l 9880 9881
l 9882 9873
l 9857 675
l 9883 9882
l 9884 9869
l 9879 9885
l 678 9884
l 9886 9883
l 655 679
l 679 678
l 2445 9886
l 9881 9887
l 9887 9888
l 9885 9889
l 9890 9891
l 9891 9892
l 9889 9893
l 9893 9894
l 9895 9890
l 9892 9878
l 9888 9896
l 9896 2447
l 9897 2446
l 9894 9898
l 9898 2448
l 9899 9897
l 9900 9895
l 9901 9902
l 9902 9900
l 2451 9903
l 9903 9899
l 9904 9901
l 2449 9905
l 9905 9906
l 9907 9904
l 9906 9908
l 9908 9909
l 9910 9911
l 9911 9907
l 9909 9912
l 2454 9913
l 9914 9915
l 9915 9916
l 9912 9917
l 9917 9918
l 9916 2453
l 9919 9914
l 9920 9921
l 9921 9922
l 9913 9923
l 9923 9924
l 2455 9920
l 9925 9919
l 9922 9910
l 9924 680
l 9918 9926
l 9926 9927
l 9928 9925
l 680 9929
l 9929 2457
l 9927 9930
l 9930 2458
l 2460 9928
l 2463 2456
l 9931 2461
l 2462 9932
l 9933 2464
l 2465 9934
l 9932 9935
l 9660 9933
l 9935 2466
l 2467 9931
l 9934 9936
l 9936 2355
l 9937 2468
l 2469 9938
l 9939 9940
l 9938 2470
l 9940 2473
l 2471 9941
l 2472 9942
l 9941 2474
l 9942 9943
l 9943 681
l 2476 9944
l 2475 9945
l 681 9946
l 9944 9947
l 9945 9948
l 9946 9949
l 9947 9950
l 9950 682
l 9949 9951
l 682 9952
l 9951 9953
l 9954 9955
l 9952 2477
l 9953 2478
l 9955 9956
l 9956 2479
l 2480 2482
l 2481 9957
l 9957 2484
l 2483 9958
l 2485 9959
l 9958 9960
l 9959 9961
l 9960 9962
l 9961 9963
l 9962 9964
l 9963 9965
l 2487 9966
l 9964 683
l 9965 9967
l 9966 2488
l 683 9968
l 9967 2489
l 9968 684
l 2490 9969
l 684 9970
l 9969 9971
l 9970 685
l 2491 2492
l 9971 686
l 685 9972
l 686 9973
l 9972 687
l 9973 9974
l 687 9975
l 2494 9976
l 9974 9977
l 9975 9978
l 9977 9979
l 9976 688
l 9978 9980
l 9979 9981
l 688 2495
l 9980 9982
l 9981 9983
l 9982 9984
l 9983 9985
l 9985 2497
l 9986 9987
l 2496 9988
l 9987 9989
l 9988 2499
l 2498 2500
l 9989 9990
l 9990 9991
l 2502 9992
l 9991 9993
l 9992 2504
l 2503 9994
l 9993 9995
l 9995 9996
l 2505 9997
l 9996 689
l 9997 2506
l 9998 9999
l 689 10000
l 9999 10001
l 10000 690
l 10001 10002
l 2507 10003
l 690 10004
l 10002 10005
l 10003 10006
l 10004 10007
l 10005 2508
l 10006 10008
l 10007 10009
l 10008 10010
l 2509 10011
l 10009 10012
l 10010 10013
l 10011 10014
l 10012 10015
l 10013 10016
l 10014 2510
l 10015 10017
l 10016 10018
l 10017 10019
l 10018 10020
l 10019 10021
l 10020 10022
l 10021 10023
l 10022 10024
l 10023 10025
l 10024 10026
l 2513 10027
l 10025 10028
l 10026 10029
l 10027 10030
l 10028 10031
l 10029 10032
l 10030 691
l 10031 10033
l 10032 10034
l 10033 10035
l 10034 10036
l 10035 10037
l 10036 10038
l 10037 10039
l 10038 10040
l 10039 10041
l 10040 10042
l 10041 10043
l 10042 10044
l 10043 10045
l 10044 10046
l 10045 2514
l 10046 10047
l 10047 10048
l 10048 10049
l 2515 10050
l 10049 10051
l 10050 10052
l 10051 10053
l 10052 2516
l 10053 10054
l 10054 10055
l 10055 2518
l 2517 2519
l 2520 10056
l 2521 10057
l 10056 10058
l 10057 10059
l 10058 10060
l 10059 10061
l 10060 10062
l 10061 10063
l 10062 10064
l 10063 10065
l 10064 10066
l 10065 10067
l 10066 10068
l 10067 10069
l 10068 10070
l 10069 10071
l 10070 10072
l 10071 10073
l 10072 2522
l 10073 10074
l 10074 10075
l 10075 10076
l 2523 10077
l 10076 10078
l 10077 10079
l 10078 10080
l 10079 10081
l 10080 10082
l 10081 10083
l 10082 2524
l 10083 10084
l 10084 2525
l 2526 10085
l 10085 10086
l 2527 10087
l 10086 10088
l 10087 10089
l 10088 693
l 10089 10090
l 693 10091
l 10090 10092
l 10091 2528
l 10092 10093
l 10093 10094
l 2529 10095
l 10094 10096
l 10095 10097
l 10096 10098
l 10097 10099
l 10098 10100
l 10099 2530
l 10100 10101
l 10101 10102
l 10102 10103
l 10103 10104
l 10104 2533
l 2532 10105
l 10105 10106
l 10106 10107
l 10107 10108
l 10108 10109
l 2535 10110
l 10109 10111
l 10111 10112
l 10112 10113
l 10114 10115
l 10113 10116
l 10115 10117
l 10116 10118
l 10117 2537
l 10118 10119
l 10119 10120
l 10120 10121
l 10121 2540
l 2541 10122
l 10122 10123
l 2542 2543
l 10123 2544
l 2545 2546
l 2547 10124
l 10124 10125
l 10125 10126
l 2549 10127
l 10126 10128
l 10127 694
l 10128 2550
l 694 10129
l 10129 10130
l 10130 10131
l 2551 2552
l 10131 10132
l 10132 10133
l 10133 10134
l 10134 10135
l 10135 10136
l 2554 10137
l 10136 10138
l 10137 10139
l 10138 10140
l 10139 10141
l 10140 10142
l 10141 10143
l 10142 10144
l 10143 10145
l 10144 10146
l 10145 2555
l 10146 10147
l 10147 2556
l 2557 10148
l 10148 10149
l 10149 10150
l 2558 2559
l 10150 10151
l 10151 10152
l 10152 2561
l 2562 2564
l 2563 10153
l 10153 2565
l 2567 10154
l 10154 10155
l 2569 695
l 10155 10156
l 695 10157
l 10156 10158
l 10157 696
l 10158 10159
l 696 10160
l 10159 10161
l 10160 2570
l 10161 2571
l 2572 10162
l 10162 10163
l 10163 697
l 2573 10164
l 10164 10165
l 10165 10166
l 2574 10167
l 10166 2575
l 10167 10168
l 10168 10169
l 10169 10170
l 2576 10171
l 10170 10172
l 10171 10173
l 10172 10174
l 10173 10175
l 10174 10176
l 10176 10177
l 10175 10178
l 10177 10179
l 10178 10180
l 10179 10181
l 10180 10182
l 10181 698
l 10182 10183
l 698 10184
l 10183 10185
l 10184 2577
l 10185 10186
l 2578 10187
l 10186 10188
l 10187 10189
l 10188 10190
l 10189 10191
l 10190 2579
l 10191 10192
l 2580 10193
l 10193 10194
l 2581 10195
l 10194 699
l 699 10196
l 2582 10197
l 10196 10198
l 10197 10199
l 10198 10200
l 10199 10201
l 10200 10202
l 10201 10203
l 10202 2583
l 10203 10204
l 10204 10205
l 10205 10206
l 10206 10207
l 2584 10208
l 10207 10209
l 10208 10210
l 10210 10211
l 10212 2585
l 10211 2586
l 2587 10213
l 10213 9937
l 9939 700
l 701 656
l 700 701
l 701 679
l 700 678
l 2589 702
l 702 703
l 703 2590
l 2590 704
l 704 705
l 705 2589
l 706 702
l 2591 708
l 708 707
l 707 706
l 709 703
l 706 709
l 709 710
l 711 2592
l 710 711
l 712 704
l 2592 712
l 713 705
l 712 713
l 713 2591
l 707 710
l 711 708
l 714 715
l 716 714
l 715 717
l 717 716
l 718 714
l 719 718
l 716 719
l 720 715
l 718 720
l 720 721
l 721 717
l 721 719
l 2593 722
l 723 2594
l 722 723
l 723 724
l 724 2595
l 725 2596
l 724 725
l 725 722
l 726 10214
l 727 726
l 10215 727
l 10216 10217
l 10217 10218
l 10218 10219
l 10219 10220
l 10220 10221
l 10221 10222
l 10222 10223
l 10223 10224
l 10224 10225
l 10225 10226
l 10226 10227
l 10227 10228
l 10228 10229
l 10229 10230
l 10230 10231
l 10231 10232
l 726 729
l 10232 10233
l 10233 10234
l 10234 10235
l 10235 10236
l 10236 10237
l 10238 10214
l 10237 10239
l 10239 10240
l 10240 10241
l 10241 10242
l 10242 10243
l 10244 10238
l 10243 10245
l 10245 10246
l 10246 10247
l 10247 10248
l 10248 10249
l 10250 10244
l 10249 10251
l 10251 10252
l 10252 10253
l 10253 10254
l 10255 10250
l 10254 10256
l 10256 10257
l 10257 10258
l 10258 10259
l 10260 10255
l 10259 10261
l 10261 10262
l 10262 10263
l 10263 10264
l 10265 10260
l 10264 10266
l 10266 10267
l 10267 10268
l 10268 10269
l 10270 10265
l 10269 10271
l 10271 10272
l 10272 10273
l 10273 10274
l 10275 10270
l 10274 10276
l 10276 10277
l 10277 10278
l 10278 10279
l 10280 10275
l 10279 10281
l 10281 10282
l 10282 10283
l 10283 10284
l 10285 10280
l 10284 10286
l 10286 10287
l 10287 10288
l 10288 10289
l 10290 10285
l 10289 10291
l 10291 10292
l 10292 10293
l 10293 10294
l 10295 10290
l 10294 10296
l 10296 10297
l 10297 10298
l 10298 10299
l 10300 10295
l 10299 10301
l 10301 10302
l 10302 10303
l 10303 10304
l 10305 10300
l 10304 10306
l 10306 10307
l 10307 10308
l 10308 10309
l 10310 10305
l 10309 10311
l 10311 10312
l 10312 10313
l 10313 10314
l 10314 10315
l 10315 10316
l 10316 10317
l 10317 10318
l 10318 10319
l 10319 10320
l 10320 10321
l 10321 10322
l 10322 10323
l 10323 10324
l 10324 10325
l 10325 10326
l 10326 10327
l 10327 10328
l 10328 10329
l 10329 10330
l 10330 10331
l 10331 10332
l 10332 10333
l 10333 10334
l 10334 10335
l 10335 10336
l 10336 10337
l 10337 10338
l 10338 10339
l 10339 10340
l 10340 10341
l 10341 10342
l 10342 10343
l 10343 10344
l 10344 10345
l 10345 10346
l 10346 10347
l 10347 10348
l 10348 10349
l 10349 10350
l 10350 10351
l 10351 10352
l 10352 10353
l 10353 10354
l 10354 10355
l 10355 10356
l 10356 10357
l 10357 10358
l 10358 10359
l 10359 10360
l 10360 10361
l 10361 10362
l 10362 10363
l 10363 10364
l 10364 10365
l 10365 10366
l 10366 10367
l 10367 10368
l 10368 10369
l 10369 10370
l 10370 10371
l 10371 10372
l 10372 10373
l 10373 10374
l 10374 10375
l 10375 10376
l 10376 10377
l 10377 10378
l 10378 10379
l 10379 10380
l 10380 10381
l 10381 10382
l 10382 10383
l 10383 10384
l 10384 10385
l 10385 10386
l 10386 10387
l 10387 10388
l 10388 10389
l 10389 10390
l 10390 10391
l 10391 10392
l 10392 10393
l 10393 10394
l 10394 10395
l 10395 10396
l 10396 10397
l 10397 10398
l 10398 10399
l 10399 10400
l 10400 10401
l 10401 10402
l 10402 10403
l 10403 10404
l 10404 10405
l 10405 10406
l 10406 10407
l 10407 10408
l 10408 10409
l 10409 10410
l 10410 10411
l 10411 10412
l 10412 10413
l 10413 10414
l 10414 10415
l 10415 10416
l 10416 10417
l 10417 10418
l 10418 10419
l 10419 10420
l 10420 10421
l 10421 10422
l 10422 10423
l 10423 10424
l 10424 10425
l 10425 10426
l 10426 10427
l 10427 10428
l 10428 10429
l 10429 10430
l 10430 10431
l 10431 10432
l 10432 10433
l 10433 10434
l 10434 10435
l 10435 10436
l 10436 10437
l 10437 10438
l 10438 10439
l 10439 10440
l 10440 10441
l 10441 10442
l 10442 10443
l 10443 10444
l 10444 10445
l 10445 10446
l 10446 10447
l 10447 10448
l 10448 10449
l 10449 10450
l 10450 10451
l 10451 10452
l 10452 10453
l 10453 10454
l 10454 10455
l 10455 10456
l 10456 10457
l 10457 10458
l 10458 10459
l 10459 10460
l 10460 10461
l 10461 10462
l 10462 10463
l 10463 10464
l 10464 10465
l 10465 10466
l 10466 10467
l 729 728
l 10467 10468
l 10468 10469
l 10469 10470
l 10470 10471
l 10471 10472
l 10472 10473
l 10473 10474
l 10474 10475
l 10475 10476
l 10476 10477
l 10477 10478
l 10478 10479
l 10479 10480
l 10480 10481
l 10481 10482
l 10482 10483
l 10483 10484
l 10484 10485
l 10485 10486
l 10486 10487
l 10487 10488
l 10488 10489
l 10489 10490
l 10490 10491
l 10491 10492
l 10492 10493
l 10493 10494
l 10494 10495
l 10495 10496
l 10496 10497
l 10497 10498
l 10498 10499
l 10499 10500
l 10500 10501
l 10501 10502
l 10502 10503
l 10503 10504
l 10504 10505
l 10505 10310
l 728 10506
l 10506 10507
l 10507 10508
l 10508 10509
l 10509 10510
l 10510 10511
l 10511 10512
l 10512 10513
l 10513 10216
l 10514 10515
l 10516 10517
l 10518 10519
l 10520 10521
l 10522 10523
l 10524 10525
l 10526 10527
l 10527 10528
l 10529 10530
l 10531 10532
l 10533 10534
l 10534 10535
l 10525 10536
l 10537 10538
l 10539 10540
l 10541 10542
l 10542 10543
l 10521 10544
l 10545 10546
l 10547 10548
l 10549 10550
l 10536 10551
l 10528 10552
l 10553 10554
l 10555 10556
l 10556 10557
l 10554 10558
l 10551 10559
l 10540 10560
l 10517 10561
l 10519 10562
l 10530 10563
l 10559 10564
l 10535 10565
l 10565 10566
l 10552 10567
l 10523 10568
l 10568 10569
l 10538 10570
l 10564 10571
l 10561 10572
l 10548 10573
l 10550 10574
l 10546 10575
l 10576 10577
l 10515 10578
l 10544 10579
l 10532 10580
l 10571 10581
l 10567 10582
l 10577 10583
l 10562 10584
l 10543 10585
l 10581 10586
l 10557 10587
l 10578 10588
l 10558 10589
l 10569 10590
l 10563 10591
l 10560 10592
l 10566 10593
l 10580 10594
l 10573 10595
l 10586 10596
l 10574 10597
l 10570 10598
l 10596 10599
l 10575 10600
l 10593 10601
l 10572 10602
l 10591 10603
l 10585 10604
l 10604 10605
l 10599 10606
l 10582 10607
l 10607 10608
l 10579 10609
l 10583 10610
l 10601 10611
l 10606 10612
l 10584 10613
l 10589 10614
l 10592 10615
l 10587 10616
l 10612 10617
l 10609 10618
l 10597 10619
l 10590 10620
l 10620 10621
l 10611 10622
l 10595 10623
l 10617 10624
l 10605 10625
l 10594 10626
l 10598 10627
l 10600 10628
l 10602 10629
l 10624 10630
l 10588 10631
l 10618 10632
l 10622 10633
l 10633 10634
l 10613 10635
l 10603 10636
l 10630 10637
l 10608 10638
l 10637 10639
l 10615 10640
l 10625 10641
l 10619 10642
l 10616 10643
l 10631 10644
l 10639 10645
l 10623 10646
l 10626 10647
l 10645 10648
l 10627 10649
l 10628 10650
l 10638 10651
l 10634 10652
l 10621 10653
l 10653 10654
l 10648 10655
l 10636 10656
l 10610 10657
l 10649 10658
l 10655 10659
l 10656 10660
l 10652 10661
l 10635 10662
l 10659 10663
l 10651 10664
l 10657 10665
l 10614 10666
l 10642 10667
l 10663 10668
l 10640 10669
l 10629 10670
l 10646 10671
l 10643 10672
l 10647 10673
l 10632 10674
l 10668 10675
l 10661 10676
l 10674 10677
l 10650 10678
l 10675 10679
l 10664 10680
l 10641 10681
l 10679 10682
l 10644 10683
l 10676 10684
l 10682 10685
l 10654 10686
l 10686 10687
l 10671 10688
l 10662 10689
l 10685 10690
l 10667 10691
l 10680 10692
l 10690 10693
l 10684 10694
l 10666 10695
l 10665 10696
l 10673 10697
l 10693 10698
l 10681 10699
l 10699 10700
l 10670 10701
l 10677 10702
l 10698 10703
l 730 10704
l 728 730
l 10695 10705
l 10678 10706
l 10660 10707
l 10672 10708
l 10687 10709
l 10694 10710
l 10703 10711
l 10658 10712
l 10692 10713
l 10713 10714
l 10711 10715
l 10683 10716
l 10669 10717
l 10715 10718
l 10689 10719
l 10718 10720
l 10710 10721
l 10691 10722
l 10720 10723
l 10702 10724
l 10700 10725
l 10723 10726
l 10726 10727
l 10697 10728
l 10688 10729
l 10716 10730
l 10727 10731
l 10721 10732
l 10696 10733
l 10731 10734
l 10707 10735
l 10701 10736
l 10734 10737
l 10706 10738
l 10737 10739
l 10704 10740
l 10739 10741
l 10728 10742
l 10741 10743
l 10708 10744
l 10712 10745
l 10732 10746
l 10714 10747
l 10747 10748
l 10743 10749
l 10749 10750
l 10717 10751
l 10709 10752
l 10752 10753
l 10750 10754
l 10725 10755
l 10754 10756
l 10756 10757
l 10757 10215
l 10722 10758
l 10724 10759
l 10719 10760
l 10736 10761
l 10746 10762
l 10729 10763
l 10735 10764
l 10762 10765
l 10753 10766
l 10733 10767
l 10751 10768
l 10764 10769
l 10705 10770
l 10738 10771
l 10758 10772
l 10759 10773
l 10730 10774
l 10748 10775
l 10740 10776
l 10765 10777
l 10760 10778
l 10744 10779
l 10745 10780
l 10766 10781
l 10777 10782
l 10742 10783
l 10763 10784
l 10775 10785
l 10755 10786
l 10786 10787
l 10782 10788
l 10773 10789
l 10771 10790
l 10770 10791
l 10761 10792
l 10769 10793
l 10785 10794
l 10794 10795
l 10780 10796
l 10772 10797
l 10788 10798
l 10774 10799
l 10791 10800
l 10776 10801
l 10768 10802
l 10778 10803
l 10779 10553
l 10787 10804
l 10783 10805
l 10798 10806
l 10784 10807
l 10792 10539
l 10789 10541
l 10781 10808
l 10767 10516
l 10808 10526
l 10806 10809
l 10790 10518
l 10802 10537
l 10804 10522
l 10797 10529
l 10795 10810
l 10810 10533
l 10809 10811
l 10803 10547
l 10796 10514
l 10799 10545
l 10793 10520
l 10800 10576
l 10805 10549
l 10801 10555
l 10811 10524
l 10807 10531
l 731 727
l 730 731
l 731 729
l 734 732
l 732 733
l 733 735
l 735 734
l 734 736
l 737 732
l 736 737
l 737 738
l 738 733
l 739 735
l 738 739
l 739 736
l 766 18
l 766 19
l 19 18
l 766 765
l 768 767
l 769 771
l 767 772
l 775 773
l 767 776
l 778 777
l 779 770
l 778 780
l 774 780
l 781 780
l 783 782
l 784 779
l 20 776
l 781 785
l 786 20
l 785 787
l 788 782
l 785 789
l 785 790
l 784 21
l 785 791
l 792 21
l 23 22
l 10827 23
l 22 10827
l 793 794
l 794 795
l 799 798
l 796 800
l 795 800
l 800 797
l 804 805
l 806 803
l 807 805
l 808 805
l 809 811
l 806 812
l 814 813
l 815 813
l 802 813
l 818 810
l 816 819
l 820 819
l 821 810
l 25 24
l 24 10837
l 10837 25
l 823 26
l 813 26
l 824 27
l 10838 824
l 27 10838
l 826 810
l 824 827
l 819 828
l 828 825
l 822 829
l 831 830
l 832 826
l 833 828
l 834 830
l 29 28
l 838 836
l 835 839
l 840 838
l 30 29
l 30 28
l 842 31
l 843 31
l 837 844
l 844 841
l 845 840
l 847 846
l 30 848
l 849 845
l 10848 849
l 845 10848
l 30 851
l 852 847
l 853 849
l 851 854
l 856 855
l 855 852
l 857 855
l 850 859
l 859 844
l 860 859
l 861 855
l 863 862
l 858 864
l 859 865
l 866 865
l 867 32
l 868 32
l 866 869
l 33 872
l 10862 33
l 872 10862
l 873 34
l 34 870
l 875 874
l 871 876
l 881 879
l 35 872
l 35 880
l 882 36
l 36 877
l 884 37
l 37 878
l 885 883
l 39 38
l 10869 39
l 38 10869
l 886 39
l 885 40
l 887 39
l 889 887
l 40 890
l 885 891
l 41 888
l 893 41
l 895 42
l 42 892
l 896 42
l 897 894
l 899 42
l 898 900
l 901 899
l 900 903
l 902 904
l 905 44
l 906 44
l 43 907
l 908 43
l 912 909
l 911 913
l 914 910
l 917 914
l 919 918
l 914 921
l 918 45
l 10884 918
l 45 10884
l 46 915
l 920 46
l 916 922
l 47 923
l 47 10886
l 10886 923
l 924 921
l 45 925
l 49 48
l 10888 49
l 48 10888
l 928 45
l 50 926
l 50 923
l 930 923
l 923 931
l 927 932
l 51 928
l 934 929
l 935 51
l 939 937
l 940 53
l 10895 940
l 53 10895
l 941 53
l 945 944
l 944 52
l 943 946
l 947 52
l 948 55
l 942 55
l 54 949
l 950 949
l 951 947
l 54 953
l 56 954
l 952 57
l 953 58
l 956 951
l 56 957
l 958 953
l 958 58
l 59 957
l 10903 957
l 59 10903
l 958 959
l 960 57
l 955 960
l 962 961
l 961 956
l 963 951
l 956 963
l 961 963
l 965 960
l 964 967
l 959 968
l 970 969
l 969 966
l 963 969
l 968 972
l 974 973
l 971 975
l 972 976
l 976 968
l 978 977
l 981 979
l 980 982
l 982 983
l 985 984
l 987 986
l 989 988
l 60 987
l 10919 60
l 987 10919
l 991 990
l 992 990
l 991 992
l 994 993
l 992 995
l 993 996
l 997 993
l 997 996
l 999 998
l 1000 998
l 999 1000
l 1001 1000
l 1003 1002
l 61 62
l 10928 61
l 62 10928
l 1004 61
l 1004 62
l 1005 1004
l 1004 1006
l 1007 801
l 1008 1004
l 1008 1006
l 1008 1009
l 1009 1010
l 1011 1010
l 1011 1012
l 1011 1013
l 1016 1015
l 1014 1017
l 63 1018
l 10938 63
l 1018 10938
l 63 1019
l 1020 1021
l 1021 1022
l 65 1024
l 64 1024
l 65 64
l 1024 1025
l 1027 1026
l 1026 1023
l 1028 1025
l 1029 1026
l 1024 1030
l 1031 1024
l 1032 1031
l 1033 1029
l 1034 1033
l 66 1035
l 1036 66
l 1037 1033
l 67 1039
l 67 1040
l 1041 1038
l 1043 1042
l 1044 1041
l 1046 1045
l 1045 68
l 10950 1045
l 68 10950
l 1047 1048
l 1048 1049
l 1052 1051
l 1050 1051
l 1051 1053
l 1055 1054
l 69 70
l 70 1056
l 69 1056
l 1056 1057
l 71 17
l 71 10956
l 10956 17
l 10959 1063
l 73 10959
l 10969 76
l 77 10969
l 10994 1129
l 91 10994
l 94 93
l 1173 1171
l 1229 1227
l 1179 1176
l 1179 1175
l 1180 1179
l 1231 1229
l 1313 1311
l 1232 1229
l 1223 1221
l 103 102
l 1307 1309
l 1183 103
l 1183 102
l 1221 1217
l 1232 111
l 1185 1183
l 111 1234
l 1307 1304
l 109 1216
l 1217 109
l 1190 1188
l 1302 1301
l 1190 1192
l 1192 1188
l 104 1192
l 113 112
l 1196 1194
l 1298 1296
l 1298 1294
l 1201 1199
l 1293 1298
l 1199 1202
l 1202 1198
l 1202 1204
l 1239 1237
l 1239 1236
l 1239 1235
l 1205 1204
l 1277 1276
l 1289 1291
l 1292 1289
l 1208 1205
l 1277 1274
l 1209 1205
l 114 1240
l 114 1239
l 1211 1205
l 1277 1273
l 1205 1123
l 1289 1283
l 1283 1287
l 1283 1282
l 1273 1271
l 1124 1127
l 1127 1130
l 1130 1136
l 1136 1134
l 1136 1132
l 1247 1246
l 128 1343
l 128 1342
l 1265 1269
l 1267 1265
l 1140 1144
l 1341 1338
l 1148 1145
l 1336 1338
l 1150 1144
l 1330 1335
l 1336 1330
l 1330 1332
l 1261 1263
l 1265 1261
l 1261 1262
l 1250 115
l 1330 1328
l 77 76
l 73 1063
l 1260 1261
l 1068 1063
l 1069 1061
l 1078 1080
l 1260 1259
l 127 1324
l 127 1323
l 1078 1077
l 1256 1259
l 1076 74
l 1075 1074
l 118 116
l 1321 1322
l 1074 1072
l 74 75
l 1076 75
l 1072 1070
l 1319 1317
l 1081 75
l 1070 1067
l 117 1253
l 1254 117
l 1083 75
l 1252 1255
l 1067 1064
l 1085 1083
l 124 1316
l 119 1255
l 1316 1315
l 1314 1316
l 1062 1060
l 1314 123
l 1257 119
l 1258 1255
l 1308 1310
l 1312 1308
l 1308 1306
l 1251 1249
l 1308 1305
l 1305 1303
l 1094 78
l 1118 1122
l 1118 1120
l 1094 80
l 1096 80
l 122 1300
l 122 1299
l 87 1116
l 1117 87
l 1264 120
l 120 1266
l 1297 1295
l 1248 1245
l 1245 1244
l 1243 1245
l 83 1101
l 83 1100
l 1270 1268
l 1286 1285
l 1243 1242
l 121 1284
l 1285 121
l 1285 1281
l 1104 85
l 1280 1285
l 1275 1272
l 1106 1104
l 1241 1238
l 1108 1109
l 91 1129
l 91 1126
l 1138 1137
l 1107 1105
l 1141 1139
l 1141 92
l 1111 1110
l 1143 92
l 108 1213
l 95 1143
l 1112 1111
l 95 96
l 96 1143
l 1102 84
l 84 1103
l 108 1214
l 1214 1278
l 1152 96
l 1113 1112
l 82 81
l 1214 110
l 1114 1112
l 1156 1153
l 1152 1157
l 1114 86
l 86 1115
l 1218 1215
l 1158 1157
l 1157 100
l 1099 1098
l 1158 100
l 1162 1164
l 1224 1219
l 1095 1097
l 79 1095
l 1165 1164
l 79 1093
l 88 1121
l 88 1119
l 1225 1222
l 1093 1092
l 1059 89
l 1092 1091
l 1058 89
l 1222 1220
l 1170 1168
l 72 1058
l 1228 1226
l 1174 1172
l 1089 1090
l 1091 1089
l 1177 1174
l 1172 1177
l 1092 1088
l 1088 1091
l 1230 1228
l 1088 1089
l 1178 1177
l 1065 1087
l 1087 1088
l 1228 1233
l 1087 1066
l 1230 1233
l 1073 1071
l 1084 1086
l 1082 1079
l 1184 1182
l 1186 1184
l 1186 1181
l 1182 1186
l 1189 1187
l 1290 1288
l 105 1191
l 1193 106
l 1193 105
l 1191 1193
l 1195 1193
l 1197 1195
l 1193 1197
l 1200 1197
l 1279 129
l 1203 1200
l 1203 107
l 1206 107
l 1207 107
l 1212 1210
l 1125 90
l 1128 90
l 1337 1339
l 1340 1337
l 1337 1334
l 1133 1131
l 1331 1334
l 1133 1135
l 1331 1333
l 1331 1329
l 1142 94
l 1142 93
l 1327 1326
l 1146 1142
l 1325 1326
l 1147 1146
l 1149 1142
l 1151 1142
l 1154 1151
l 97 1155
l 98 1155
l 1159 99
l 1160 99
l 1163 1161
l 1318 1320
l 1167 1166
l 101 1167
l 125 126
l 1171 1169
l 172 173
l 173 11086
l 11086 172
l 171 174
l 1354 1355
l 176 177
l 177 11088
l 11088 176
l 178 179
l 179 11089
l 11089 178
l 1356 1357
l 1358 1359
l 180 181
l 181 11092
l 11092 180
l 183 182
l 182 11093
l 11093 183
l 184 185
l 185 11094
l 11094 184
l 171 11095
l 11095 174
l 188 3652
l 192 3755
l 1360 1361
l 187 186
l 1362 1363
l 1367 1366
l 1368 1367
l 1364 1365
l 1372 1373
l 191 1375
l 1369 1370
l 1370 1371
l 190 1374
l 192 193
l 188 189
l 197 198
l 12306 198
l 197 12306
l 1379 1378
l 1381 1380
l 1382 1383
l 1385 1384
l 202 201
l 12311 201
l 202 12311
l 1387 1386
l 1388 1389
l 1390 1391
l 1392 1393
l 1394 1395
l 206 205
l 205 12317
l 12317 206
l 207 204
l 12318 207
l 204 12318
l 208 209
l 12319 209
l 208 12319
l 5288 5283
l 5341 5339
l 216 217
l 1414 1413
l 1417 221
l 214 215
l 1415 1416
l 1399 1398
l 1412 1411
l 212 213
l 220 1410
l 1397 1396
l 1401 1400
l 1403 1402
l 1405 1404
l 1408 1409
l 1420 1421
l 1422 1423
l 1426 1425
l 1424 1427
l 1428 1429
l 230 1430
l 13153 1430
l 230 13153
l 1430 1432
l 1431 1433
l 231 232
l 13156 231
l 232 13156
l 1435 1434
l 1437 1436
l 1440 1438
l 1439 1441
l 1442 1441
l 1444 1443
l 233 234
l 234 13163
l 13163 233
l 1446 1445
l 1447 1445
l 235 1447
l 235 13166
l 13166 1447
l 237 236
l 13167 237
l 236 13167
l 239 238
l 239 13168
l 13168 238
l 240 241
l 13169 240
l 241 13169
l 242 243
l 13170 242
l 243 13170
l 1448 1449
l 1450 1451
l 244 245
l 13173 244
l 245 13173
l 1452 1453
l 1453 1454
l 1457 1456
l 1458 1455
l 247 246
l 13178 247
l 246 13178
l 1459 1460
l 1462 1461
l 1463 1464
l 1465 1464
l 248 249
l 249 13183
l 13183 248
l 13184 13185
l 13186 13187
l 1476 1475
l 13185 13230
l 13184 13230
l 13236 13237
l 13269 1483
l 13269 1475
l 13236 13270
l 13270 13237
l 1472 13271
l 1489 13271
l 13273 13274
l 13273 13275
l 13275 13274
l 255 1485
l 1486 255
l 253 255
l 13186 13281
l 13281 13187
l 13284 1471
l 1479 13284
l 255 256
l 253 256
l 6314 256
l 6313 256
l 1468 13290
l 13290 13224
l 1493 1494
l 1494 1492
l 1498 1494
l 1501 1495
l 1502 260
l 260 1504
l 1503 1506
l 1507 1505
l 1510 1509
l 1511 1509
l 1506 1509
l 1509 1513
l 1512 261
l 261 1508
l 1515 1514
l 262 263
l 263 13306
l 13306 262
l 1517 263
l 1516 263
l 1519 1518
l 1521 1519
l 1522 1520
l 1523 264
l 1524 1522
l 264 1525
l 1527 1526
l 265 1528
l 13312 265
l 1528 13312
l 1529 266
l 1530 266
l 1531 1528
l 1532 1530
l 267 1533
l 1534 267
l 1536 1535
l 1534 1537
l 1538 1540
l 1541 1539
l 1542 1543
l 1544 1540
l 1544 1546
l 1543 1547
l 1549 1550
l 1551 1545
l 1553 1548
l 268 1552
l 1555 1554
l 1557 268
l 1556 1558
l 1559 1560
l 269 1562
l 1562 13331
l 13331 269
l 269 1561
l 270 269
l 1563 270
l 1564 269
l 1566 1564
l 273 272
l 272 13333
l 13333 273
l 1566 274
l 13334 274
l 1566 13334
l 1568 1567
l 1567 275
l 13336 1567
l 275 13336
l 1570 1569
l 1571 1569
l 1492 1569
l 13356 283
l 1628 1627
l 1628 1626
l 1628 1625
l 1629 1628
l 1635 1632
l 1578 1577
l 287 1630
l 1631 287
l 289 288
l 289 1634
l 289 1633
l 1576 1575
l 1574 1575
l 1624 1622
l 1621 1622
l 1573 1647
l 286 1619
l 1617 286
l 1581 277
l 1616 1615
l 1616 1614
l 1636 290
l 290 1637
l 1581 1583
l 1614 1613
l 1638 1637
l 1589 1587
l 1645 1646
l 1645 1644
l 1609 1610
l 1643 1644
l 1640 1639
l 1592 1591
l 1593 1592
l 1641 291
l 1608 283
l 291 1642
l 1594 1596
l 1606 1607
l 1600 1597
l 1604 1605
l 1603 1602
l 281 1602
l 1602 280
l 280 1601
l 1599 1602
l 1599 1598
l 284 282
l 1595 1598
l 1612 1611
l 285 1612
l 1590 279
l 1590 1588
l 1590 1586
l 1584 1585
l 1586 1584
l 1584 1582
l 1618 1620
l 278 1580
l 1579 278
l 1623 1625
l 1652 1653
l 1654 1651
l 1655 301
l 301 1656
l 302 303
l 303 13377
l 13377 302
l 1658 1657
l 1661 1660
l 305 1662
l 305 1663
l 1664 1659
l 308 307
l 307 13381
l 13381 308
l 308 306
l 306 307
l 1665 309
l 310 311
l 310 13382
l 13382 311
l 1666 309
l 313 312
l 313 13383
l 13383 312
l 1667 1668
l 1670 1669
l 1672 1671
l 1673 1672
l 1675 1674
l 314 1676
l 1676 13389
l 13389 314
l 1676 1677
l 1681 1680
l 1680 13391
l 13391 1681
l 1679 1682
l 1678 1683
l 1685 1683
l 1686 1685
l 1684 1687
l 1688 1686
l 1689 1688
l 1688 1690
l 1691 1692
l 1695 1694
l 1693 1696
l 1696 1697
l 1695 1698
l 1698 1699
l 1700 1698
l 1702 1698
l 1701 1703
l 1704 1698
l 316 1705
l 316 1704
l 317 315
l 315 13403
l 13403 317
l 1708 1707
l 1709 1710
l 1711 1708
l 1713 1712
l 1715 1714
l 318 1717
l 318 1711
l 1716 1718
l 1719 1720
l 1723 1721
l 1724 1722
l 1727 1726
l 1725 1728
l 1728 1730
l 1729 1731
l 319 1733
l 319 1732
l 1735 1734
l 320 321
l 321 13418
l 13418 320
l 1737 1736
l 1738 1737
l 1740 1739
l 1740 1742
l 1742 1743
l 1744 1741
l 1746 1745
l 1747 1746
l 1750 1749
l 1750 1751
l 1752 322
l 322 13429
l 13429 1752
l 1750 1748
l 323 324
l 324 13430
l 13430 323
l 1753 1752
l 1754 1753
l 1755 1754
l 1756 325
l 1757 325
l 1759 1758
l 1762 1761
l 1763 1760
l 1764 1763
l 1767 1766
l 1765 1767
l 1767 1764
l 1769 1768
l 1770 1769
l 326 1771
l 326 1772
l 326 1773
l 326 1774
l 326 1775
l 326 1770
l 328 327
l 327 13441
l 13441 328
l 1776 328
l 328 1777
l 1778 1777
l 1780 1779
l 1782 1781
l 1784 1783
l 1785 1784
l 1786 1784
l 1787 1784
l 1784 1788
l 329 1789
l 329 1790
l 1792 1791
l 1793 1792
l 1794 1792
l 1795 1794
l 1796 1797
l 1798 1797
l 1799 330
l 330 1800
l 331 1800
l 1800 332
l 331 332
l 1801 1802
l 1802 1650
l 1804 1803
l 1805 1650
l 1651 1806
l 1810 1809
l 1807 1811
l 333 1812
l 333 1813
l 334 335
l 13460 335
l 334 13460
l 1815 1814
l 1817 337
l 1819 1818
l 1820 337
l 1816 1821
l 340 339
l 13464 340
l 339 13464
l 338 339
l 340 338
l 341 1822
l 343 342
l 13465 342
l 343 13465
l 341 1823
l 344 345
l 344 13466
l 13466 345
l 1825 1824
l 1827 1826
l 1829 1828
l 1828 1830
l 1832 1831
l 1833 346
l 13472 1833
l 346 13472
l 1834 1833
l 1838 1837
l 13474 1838
l 1837 13474
l 1839 1836
l 1840 1835
l 1842 1840
l 1841 1843
l 1842 1844
l 1845 1844
l 1845 1846
l 1847 1845
l 1849 1848
l 1852 1851
l 1853 1850
l 1854 1853
l 1855 1851
l 1856 1855
l 1855 1857
l 1855 1859
l 1860 1858
l 1855 1861
l 348 1861
l 347 349
l 13486 347
l 349 13486
l 1862 348
l 1864 1865
l 1867 1866
l 1865 1868
l 1870 1869
l 1872 1871
l 1874 350
l 1868 350
l 1875 1873
l 1877 1876
l 1878 1880
l 1879 1881
l 1884 1883
l 1885 1882
l 1887 1885
l 1888 1886
l 1890 351
l 1889 351
l 1892 1891
l 353 352
l 13501 353
l 352 13501
l 1893 1894
l 1894 1896
l 1895 1897
l 1897 1898
l 1898 1900
l 1901 1899
l 1903 1902
l 1902 1904
l 1907 1905
l 1907 1906
l 354 1908
l 13511 354
l 1908 13511
l 1909 1907
l 355 356
l 13513 355
l 356 13513
l 1908 1910
l 1910 1911
l 1911 1912
l 357 1913
l 357 1914
l 1916 1915
l 1919 1918
l 1917 1920
l 1920 1921
l 1922 1924
l 1924 1923
l 1921 1924
l 1926 1925
l 1925 1927
l 358 1927
l 1928 358
l 1929 358
l 1930 358
l 1931 358
l 1932 358
l 359 360
l 13524 359
l 360 13524
l 360 1933
l 1934 360
l 1934 1935
l 1936 1937
l 1938 1939
l 1940 1941
l 1941 1942
l 1941 1943
l 1941 1944
l 1945 1941
l 1946 361
l 1947 361
l 1949 1948
l 1948 1950
l 1948 1951
l 1952 1951
l 1954 1953
l 1954 1955
l 362 1956
l 1957 362
l 1957 363
l 364 1957
l 364 363
l 1958 1959
l 1959 1808
l 1961 1960
l 1808 1962
l 1963 1807
l 1982 399
l 399 398
l 8093 399
l 1987 13867
l 400 1987
l 13867 400
l 13868 402
l 403 13868
l 402 403
l 8109 407
l 407 406
l 407 1992
l 8119 409
l 409 1993
l 410 1994
l 8126 410
l 410 1995
l 411 13873
l 2001 411
l 412 2002
l 2002 8172
l 400 13881
l 8350 2001
l 13883 412
l 2020 2019
l 8434 2021
l 2021 2017
l 419 2022
l 8442 419
l 419 13890
l 402 8106
l 409 13891
l 2023 392
l 392 13896
l 1984 416
l 1986 416
l 2012 1975
l 2012 1976
l 430 2026
l 2026 2027
l 2027 430
l 2028 2026
l 2013 2006
l 2014 2006
l 1996 414
l 1997 414
l 2030 2029
l 2005 2014
l 2031 431
l 2032 431
l 433 2033
l 2034 433
l 434 2035
l 2037 434
l 2018 397
l 2015 397
l 1998 420
l 1999 420
l 2016 396
l 1989 396
l 1988 395
l 1990 395
l 2039 2038
l 2041 2040
l 436 2043
l 1991 394
l 404 394
l 436 2044
l 405 415
l 437 438
l 439 438
l 437 439
l 405 393
l 408 393
l 418 2008
l 440 2045
l 2046 440
l 418 2007
l 2010 1979
l 442 441
l 442 443
l 443 441
l 444 443
l 442 444
l 2009 1978
l 2047 445
l 2047 446
l 446 445
l 2048 447
l 2049 447
l 450 449
l 451 450
l 451 449
l 1983 1980
l 454 453
l 453 452
l 452 454
l 1985 1981
l 1985 2011
l 2051 2052
l 2027 456
l 456 2053
l 9104 456
l 14219 457
l 458 14219
l 457 458
l 2055 2056
l 2056 2054
l 2055 459
l 459 2056
l 9110 459
l 2058 2057
l 14223 2058
l 2062 2061
l 2060 2062
l 460 461
l 461 9126
l 464 2063
l 463 464
l 2064 465
l 465 2065
l 466 9133
l 2066 466
l 14236 2054
l 2068 2069
l 14242 467
l 2067 14242
l 467 2067
l 467 14243
l 457 9107
l 468 469
l 469 9161
l 9162 469
l 14246 464
l 463 14246
l 465 14247
l 471 472
l 472 9166
l 9165 472
l 2075 491
l 2081 498
l 497 2081
l 2082 2083
l 2085 2084
l 500 2086
l 2087 500
l 2089 2085
l 2090 2091
l 2092 2089
l 2088 2093
l 501 2097
l 2095 501
l 2098 2094
l 2096 2099
l 502 503
l 502 14258
l 14258 503
l 504 505
l 505 14259
l 14259 504
l 2101 2102
l 2104 2103
l 508 2100
l 2106 508
l 2107 2108
l 2110 2111
l 2110 2104
l 2105 510
l 2109 510
l 2113 509
l 2114 2110
l 2112 2115
l 2116 509
l 513 2117
l 2118 513
l 2120 511
l 511 14266
l 14266 2120
l 512 2121
l 512 2122
l 2123 2120
l 2124 2119
l 2126 2127
l 514 515
l 514 14271
l 14271 515
l 2125 2128
l 2124 2129
l 2128 2131
l 2130 2133
l 516 517
l 2129 516
l 517 2129
l 516 14278
l 14278 517
l 2134 518
l 2134 14279
l 14279 518
l 2135 2136
l 2135 2132
l 2137 2135
l 2134 2138
l 2140 2141
l 2139 2142
l 2145 2143
l 2146 2144
l 2148 2149
l 2147 2151
l 2152 520
l 2150 2154
l 2155 520
l 519 521
l 521 14290
l 14290 519
l 2153 2156
l 2153 523
l 2154 2157
l 522 524
l 525 2158
l 525 2159
l 526 523
l 2153 526
l 2161 522
l 2161 524
l 2160 2162
l 2163 2164
l 2166 2165
l 2168 2169
l 527 2171
l 2173 2166
l 2162 2173
l 2165 2173
l 2174 527
l 528 2167
l 2161 528
l 529 2175
l 2176 2172
l 529 2170
l 2174 2177
l 2181 2179
l 2178 2182
l 2183 2180
l 530 2184
l 2184 14304
l 14304 530
l 530 2185
l 531 2189
l 2191 2188
l 531 14306
l 14306 2189
l 2192 2186
l 2194 2189
l 2187 2195
l 2190 2196
l 532 533
l 533 14311
l 14311 532
l 2197 2193
l 2199 2200
l 534 2195
l 2201 2202
l 2198 534
l 498 2203
l 499 2204
l 2205 499
l 2080 2206
l 497 2207
l 2208 2209
l 536 2210
l 2212 2211
l 2213 2211
l 2215 537
l 2209 537
l 2216 2214
l 2219 2220
l 2217 2221
l 2222 2218
l 2223 2225
l 2226 2222
l 538 2221
l 2224 2227
l 2225 2228
l 2221 2229
l 538 2229
l 539 540
l 14327 540
l 539 14327
l 542 541
l 14328 542
l 541 14328
l 2229 2230
l 2231 543
l 2232 543
l 2234 2233
l 544 545
l 14331 544
l 545 14331
l 2237 2238
l 2239 2236
l 2240 2241
l 2235 2242
l 2242 546
l 14337 2242
l 546 14337
l 2243 2244
l 2245 2246
l 2246 2238
l 547 548
l 2247 2246
l 14339 548
l 547 14339
l 2248 2244
l 2250 2246
l 2249 2251
l 2253 2252
l 2257 2258
l 2259 2258
l 549 2260
l 14348 549
l 2260 14348
l 2254 2261
l 2255 2262
l 2260 2265
l 2258 550
l 2266 550
l 14351 550
l 2266 14351
l 2267 2263
l 552 553
l 14353 552
l 553 14353
l 2256 554
l 554 2264
l 551 554
l 14354 554
l 551 14354
l 555 2267
l 14355 555
l 2267 14355
l 2270 2271
l 2272 2270
l 2268 2272
l 2273 557
l 2274 557
l 2269 2275
l 556 559
l 14358 559
l 556 14358
l 2269 2276
l 2277 2269
l 2278 558
l 2272 2279
l 2280 558
l 2282 2281
l 2277 2283
l 560 2285
l 561 562
l 14362 562
l 561 14362
l 560 2286
l 2287 563
l 2284 563
l 565 564
l 564 2289
l 2290 2289
l 2289 565
l 2288 2292
l 2291 2293
l 489 566
l 14367 489
l 566 14367
l 567 568
l 568 14368
l 14368 567
l 2294 2295
l 2298 2296
l 570 2297
l 2299 570
l 14371 2299
l 570 14371
l 2303 2300
l 2304 2301
l 2302 2305
l 2306 2303
l 571 2307
l 14376 2307
l 571 14376
l 2308 2307
l 2310 2311
l 2313 2309
l 2315 2312
l 2313 2316
l 2213 2315
l 2314 572
l 2317 572
l 2318 536
l 14385 2211
l 2213 14385
l 2351 2352
l 2354 2353
l 2355 2356
l 657 658
l 2358 2357
l 2357 14388
l 14388 2358
l 2360 2361
l 2363 2362
l 2363 657
l 2359 2363
l 2363 2364
l 2363 658
l 2366 2363
l 659 2358
l 2365 659
l 2368 2367
l 2371 2370
l 2372 2369
l 660 2371
l 2371 14395
l 14395 660
l 2374 2373
l 661 2375
l 661 2376
l 2376 2377
l 2378 2376
l 662 2379
l 2382 2381
l 663 2378
l 662 2384
l 663 14398
l 14398 2378
l 2385 2383
l 2380 2387
l 2384 2388
l 2390 2386
l 2392 2391
l 2389 2393
l 664 2396
l 664 2392
l 2395 2397
l 2399 2398
l 2399 2400
l 2399 2394
l 2402 2399
l 2403 2401
l 665 2404
l 665 2405
l 2407 2403
l 2408 2402
l 2409 2406
l 2410 2402
l 2405 2411
l 2412 2403
l 2405 2413
l 2414 2412
l 2415 2413
l 668 666
l 2416 667
l 668 14413
l 14413 666
l 2417 667
l 2419 2420
l 670 669
l 2421 2422
l 670 14416
l 14416 669
l 2424 2418
l 2422 2425
l 2423 2426
l 2427 2429
l 2429 2428
l 673 671
l 673 14420
l 14420 671
l 2431 2429
l 672 2432
l 2435 672
l 674 2436
l 2430 674
l 2437 2433
l 2439 2440
l 2442 675
l 653 676
l 676 14424
l 14424 653
l 2443 675
l 653 677
l 677 676
l 653 2434
l 2438 653
l 2441 2444
l 2445 2446
l 2447 2449
l 2450 2448
l 2450 2452
l 2451 2453
l 2454 2452
l 2455 2456
l 2457 680
l 2459 680
l 2461 2460
l 2462 2458
l 2464 2463
l 2465 2459
l 2351 2467
l 2466 2357
l 691 692
l 692 14457
l 14457 654
l 697 14487
l 2515 2514
l 2547 2544
l 2471 2474
l 2502 2504
l 2500 2505
l 2556 2558
l 2505 2506
l 2506 2498
l 2497 2506
l 2506 2507
l 2474 682
l 682 2476
l 2550 2551
l 2552 2553
l 2477 2480
l 2553 2554
l 2482 2485
l 2490 686
l 2488 686
l 2487 2488
l 2488 2486
l 2549 694
l 2555 2557
l 2486 2484
l 2548 694
l 2489 2491
l 689 690
l 2546 2548
l 2478 2481
l 2492 2493
l 2543 2545
l 2494 688
l 2493 688
l 2540 2542
l 2564 2566
l 2562 2566
l 2561 2566
l 2566 2568
l 2495 2496
l 2472 681
l 2470 681
l 2496 2499
l 2568 2569
l 2518 2520
l 2568 695
l 2469 2470
l 2496 2501
l 2588 2470
l 2501 2503
l 2588 2586
l 687 685
l 696 2570
l 696 2572
l 683 684
l 2584 2583
l 2531 2532
l 697 2574
l 2530 2531
l 2523 2522
l 2510 2509
l 2508 2510
l 2483 2479
l 2510 2511
l 2580 699
l 699 2579
l 2528 693
l 693 2529
l 2525 2527
l 2473 2475
l 698 2577
l 692 654
l 698 2578
l 691 654
l 2512 654
l 654 2513
l 2524 2526
l 2575 2576
l 2582 2581
l 2533 2534
l 2535 2534
l 2571 2573
l 2535 2536
l 2521 2519
l 2537 2538
l 2537 2539
l 2567 2565
l 2585 2587
l 2517 2516
l 2539 2541
l 2563 2560
l 2471 2468
l 2560 2559
l 753 754
l 754 740
l 740 755
l 756 741
l 741 753
l 742 758
l 757 742
l 760 743
l 743 759
l 758 760
l 755 757
l 759 756
l 742 761
l 762 743
l 763 741
l 764 740
l 766 10812
l 10812 765
l 10813 768
l 767 10813
l 771 10814
l 10814 10815
l 10815 769
l 10816 775
l 773 10816
l 776 772
l 10817 778
l 777 10817
l 770 10818
l 10818 779
l 778 774
l 10819 780
l 10820 10819
l 781 10820
l 10821 782
l 783 10821
l 10822 781
l 10823 10822
l 10824 784
l 779 10824
l 785 10823
l 786 776
l 782 10825
l 10826 788
l 10825 10826
l 789 787
l 791 790
l 784 792
l 10828 793
l 794 10828
l 10829 794
l 795 10829
l 798 10830
l 10830 799
l 800 10831
l 10831 796
l 797 795
l 805 10832
l 10832 804
l 10833 803
l 10834 10833
l 806 10834
l 807 808
l 809 806
l 812 811
l 813 10835
l 10835 814
l 815 802
l 10836 818
l 810 10836
l 816 820
l 823 813
l 821 826
l 819 825
l 824 822
l 829 827
l 10839 830
l 831 10839
l 10840 832
l 826 10840
l 10841 833
l 828 10841
l 10842 834
l 830 10842
l 10843 838
l 836 10843
l 839 10844
l 10844 835
l 10845 840
l 838 10845
l 842 843
l 837 841
l 10846 845
l 840 10846
l 10847 847
l 846 10847
l 10849 850
l 844 10849
l 851 848
l 847 10850
l 10850 852
l 849 10851
l 10851 853
l 854 10852
l 10852 851
l 852 856
l 10853 855
l 857 10853
l 10854 859
l 860 10854
l 855 10855
l 10855 861
l 10856 863
l 862 10856
l 10857 10858
l 858 10857
l 10858 864
l 10859 865
l 859 10859
l 865 10860
l 10860 866
l 867 868
l 10861 869
l 866 10861
l 870 873
l 10863 874
l 875 10863
l 10864 871
l 876 10864
l 880 10865
l 10865 872
l 879 10866
l 10866 881
l 877 882
l 10867 883
l 10868 10867
l 878 884
l 885 10868
l 886 887
l 10870 889
l 887 10870
l 891 890
l 893 10871
l 10871 888
l 892 895
l 894 10872
l 10872 897
l 10873 899
l 896 10873
l 10874 898
l 900 10874
l 899 10875
l 10875 901
l 903 10876
l 10876 900
l 902 10877
l 10877 904
l 905 906
l 908 907
l 10878 912
l 909 10878
l 10879 913
l 911 10879
l 910 10880
l 10880 914
l 918 10881
l 10881 10882
l 10882 919
l 10883 920
l 915 10883
l 917 921
l 10885 916
l 922 10885
l 10887 924
l 921 10887
l 923 926
l 10889 925
l 928 10889
l 930 931
l 932 10890
l 10890 927
l 929 10891
l 10891 934
l 933 936
l 935 928
l 938 817
l 10892 10893
l 937 10892
l 10893 10894
l 10894 939
l 940 941
l 10896 944
l 945 10896
l 946 10897
l 10897 943
l 10898 947
l 944 10898
l 948 942
l 10899 950
l 949 10899
l 10900 951
l 947 10900
l 953 949
l 952 955
l 957 954
l 10901 10902
l 10902 958
l 959 10901
l 956 962
l 10904 963
l 961 10904
l 965 10905
l 10905 960
l 964 959
l 968 967
l 10906 969
l 10907 10906
l 970 966
l 963 10907
l 973 10908
l 10908 974
l 975 10909
l 10909 971
l 10910 972
l 976 10910
l 10911 977
l 978 10911
l 10912 981
l 979 10912
l 982 10913
l 10913 980
l 10914 982
l 983 10914
l 10915 10916
l 984 10915
l 936 938
l 10916 985
l 817 933
l 10917 987
l 986 10917
l 10918 989
l 988 10918
l 10920 991
l 990 10920
l 10921 990
l 992 10921
l 10922 994
l 993 10922
l 10923 992
l 995 10923
l 997 10924
l 10924 996
l 10925 999
l 998 10925
l 10926 998
l 1000 10926
l 999 1001
l 10927 1003
l 1002 10927
l 10929 1005
l 1004 10929
l 1006 10930
l 10930 1004
l 10931 1007
l 801 10931
l 10932 1008
l 1009 10932
l 1010 10933
l 10933 1009
l 1011 10934
l 10934 10935
l 10935 1010
l 1013 1012
l 10936 1016
l 1015 10936
l 1014 10937
l 10937 1017
l 1019 1018
l 10939 1020
l 1021 10939
l 10940 1021
l 1022 10940
l 10941 1024
l 1025 10941
l 1023 1027
l 1028 10942
l 10942 1025
l 10943 1029
l 1026 10943
l 1031 1030
l 10944 1031
l 1032 10944
l 1029 1034
l 1036 1035
l 1033 10945
l 10945 1037
l 1040 1039
l 1038 10946
l 10946 1041
l 10947 1043
l 1042 10947
l 10948 1044
l 1041 10948
l 1045 10949
l 10949 1046
l 10951 1047
l 1048 10951
l 10952 1048
l 1049 10952
l 1052 1050
l 10953 1051
l 1053 10953
l 10954 1054
l 1055 10954
l 1057 10955
l 10955 1056
l 1058 1059
l 10957 1060
l 10958 10957
l 1062 10958
l 1063 1061
l 1065 3004
l 10960 1064
l 1066 1065
l 1067 10960
l 10961 1067
l 1069 1068
l 1070 10961
l 10962 1070
l 10963 1071
l 1072 10962
l 1073 10963
l 10964 1074
l 1075 10964
l 10965 1076
l 3019 10965
l 10966 1077
l 1078 10966
l 10967 1078
l 1080 10967
l 10968 1079
l 1082 10968
l 1083 1081
l 10970 1084
l 1085 3023
l 1086 10970
l 3027 3025
l 10971 1087
l 10972 10971
l 1088 10972
l 10973 1088
l 1089 10973
l 1091 1090
l 3037 3034
l 3035 1091
l 10974 1092
l 1093 10974
l 10975 1093
l 1095 10975
l 10976 1094
l 10977 1095
l 1096 10976
l 1097 10977
l 10978 1098
l 10979 10978
l 10980 10979
l 1099 10980
l 10981 1100
l 1101 10981
l 10982 3052
l 3053 10982
l 10983 1102
l 1103 10983
l 10984 1104
l 10985 1105
l 1106 10984
l 1107 10985
l 10986 3060
l 10987 3061
l 3064 10987
l 3063 10986
l 10988 1108
l 1109 10988
l 10989 1110
l 10990 10989
l 1111 10990
l 1112 3074
l 3084 1113
l 1115 1114
l 1117 1116
l 10991 1118
l 1120 10991
l 1121 1119
l 1122 1120
l 10992 1124
l 1125 3109
l 1128 1125
l 1127 10992
l 1129 1126
l 10993 1127
l 1130 10993
l 1132 1130
l 10995 1131
l 1133 10995
l 10996 1133
l 10997 1134
l 1135 10996
l 1136 10997
l 10998 1137
l 1138 10998
l 10999 1139
l 1141 10999
l 11000 1140
l 1143 1141
l 11001 11000
l 11002 1142
l 1144 11001
l 1145 1144
l 1146 11002
l 11003 1146
l 1147 11003
l 1150 1148
l 3130 3129
l 1151 1149
l 11004 1151
l 1153 1152
l 1154 11004
l 3132 3131
l 3133 1155
l 1157 1156
l 11005 1157
l 1158 11005
l 1160 1159
l 11006 1161
l 11007 1162
l 1163 11006
l 1164 11007
l 11008 1164
l 1165 11008
l 11009 1166
l 1167 11009
l 3142 1167
l 11010 1168
l 11011 1169
l 1170 11010
l 1171 11011
l 11012 1171
l 11013 1172
l 1173 11012
l 1174 11013
l 11014 1174
l 1176 1175
l 1177 11014
l 11015 1177
l 1178 11015
l 1179 3144
l 11016 1179
l 3147 3145
l 1180 11016
l 11017 3156
l 1182 1181
l 1183 11017
l 11018 1182
l 11019 1183
l 1184 11018
l 1185 11019
l 11020 1184
l 1186 11020
l 11021 1187
l 1189 11021
l 11022 1188
l 1190 11022
l 3165 3163
l 3167 1191
l 1192 3166
l 1193 3169
l 11023 1193
l 11024 1194
l 1195 11023
l 11025 11024
l 1196 11025
l 1199 1198
l 11026 1197
l 11027 1199
l 1200 11026
l 1201 11027
l 11028 1202
l 3174 1203
l 11029 11028
l 1204 11029
l 11030 1204
l 11031 11030
l 1205 11031
l 11032 1205
l 1207 1206
l 1208 11032
l 1209 1208
l 11033 1210
l 1212 11033
l 1123 1211
l 3192 1214
l 11034 1215
l 1217 1216
l 1218 11034
l 11035 1217
l 1221 11035
l 11036 1219
l 3197 1220
l 11037 1221
l 11038 11036
l 1223 11037
l 1224 11038
l 11039 1222
l 3200 1223
l 1225 11039
l 3204 3198
l 11040 1226
l 11041 1227
l 1228 11040
l 1229 11041
l 11042 1230
l 1232 1231
l 1233 11042
l 1234 1232
l 11043 3223
l 3227 11043
l 1236 1235
l 11044 1237
l 11045 1238
l 1239 11044
l 1241 11045
l 1240 1239
l 11046 1242
l 1243 11046
l 1244 1243
l 11047 1245
l 11048 1246
l 1247 11048
l 1248 11047
l 1250 3251
l 11049 1249
l 1251 11049
l 3260 3256
l 11050 1252
l 1254 1253
l 11051 11050
l 1255 11051
l 11052 1256
l 1258 1257
l 1259 11052
l 11053 1259
l 1260 11053
l 11054 1260
l 1261 11054
l 11055 1261
l 1262 11055
l 11056 1263
l 1265 11056
l 1266 1264
l 11057 1266
l 3281 11057
l 1269 1267
l 11058 1268
l 1270 11058
l 11059 1271
l 1273 11059
l 11060 1272
l 1274 1273
l 1275 11060
l 11061 1276
l 1277 11061
l 1213 1278
l 1281 1280
l 11062 1282
l 1283 11062
l 11063 1283
l 1285 1284
l 3312 11063
l 1286 3310
l 1289 1287
l 3316 1288
l 11064 1289
l 1291 11064
l 11065 1290
l 1292 1291
l 3322 11065
l 1294 1293
l 11066 1295
l 1297 11066
l 11067 1296
l 1298 11067
l 1300 1299
l 11068 1301
l 1302 11068
l 11069 1303
l 1305 11069
l 11070 1305
l 11071 1304
l 11072 11071
l 1306 11070
l 1307 11072
l 11073 1307
l 1309 11073
l 3352 1308
l 1312 1310
l 11074 1311
l 1313 11074
l 1315 1314
l 3365 1316
l 11075 1317
l 1319 11075
l 11076 1318
l 1320 11076
l 11077 1321
l 1322 11077
l 1324 1323
l 11078 1325
l 1326 11078
l 11079 1326
l 11080 3397
l 1327 11079
l 1328 11080
l 11081 1328
l 11082 1329
l 1330 11081
l 1331 11082
l 11083 1330
l 1332 11083
l 1334 1333
l 11084 1334
l 1336 1335
l 1337 11084
l 1338 3399
l 11085 1338
l 1340 1339
l 1341 11085
l 1343 1342
l 1279 3417
l 1345 1344
l 1347 1346
l 1348 1347
l 1346 1349
l 1349 1348
l 1350 1351
l 1352 1350
l 1351 1353
l 1353 1352
l 1355 11087
l 11087 1354
l 1357 11090
l 11090 1356
l 1359 11091
l 11091 1358
l 1360 11096
l 11096 1361
l 1362 11097
l 11097 1363
l 3651 11098
l 11098 3655
l 1364 11099
l 11099 1365
l 1366 11100
l 11100 1367
l 1367 11101
l 11101 1368
l 1369 11102
l 11102 1370
l 3701 1371
l 1372 11103
l 11103 1373
l 3735 1374
l 3736 1375
l 11104 11105
l 11105 11106
l 11107 11108
l 11109 11110
l 11110 11111
l 11108 11112
l 11111 11113
l 11106 11114
l 11114 11115
l 11115 11116
l 11117 11118
l 11118 11119
l 11119 11120
l 11116 11121
l 11121 11122
l 11122 11123
l 11123 11124
l 11124 11125
l 11125 11126
l 11126 11127
l 11128 11129
l 11127 11130
l 11131 11132
l 11130 11133
l 11133 11134
l 11134 11135
l 11135 11136
l 11136 11137
l 11137 11138
l 11138 11139
l 11139 11140
l 11141 11142
l 11142 11143
l 11143 11144
l 11140 11145
l 11146 11147
l 11145 11148
l 11147 11149
l 11149 11150
l 11150 11151
l 11148 11152
l 11152 11153
l 11153 11154
l 11154 11155
l 11155 11156
l 11156 11157
l 11157 11158
l 11159 11160
l 11158 11161
l 11161 11162
l 11162 11163
l 11163 11164
l 11165 11166
l 11166 11167
l 11168 11169
l 11169 11170
l 11167 11171
l 11171 11172
l 11172 11173
l 11164 11174
l 11170 11175
l 11175 11176
l 11173 11177
l 11177 11178
l 11179 11107
l 11176 11180
l 11178 11109
l 11174 11181
l 11181 11182
l 11180 11183
l 11183 11184
l 11184 11185
l 11185 11186
l 11186 11187
l 11187 11188
l 11182 11189
l 11188 11190
l 11190 11191
l 11191 11192
l 11189 11193
l 11193 11194
l 11192 11195
l 11195 11196
l 11196 11197
l 11197 11198
l 11198 11199
l 11199 11200
l 11200 11201
l 11201 11202
l 11202 11203
l 11120 11204
l 11203 11205
l 11205 11206
l 11206 11207
l 11204 11208
l 11208 11209
l 11194 11210
l 11210 11211
l 11211 11212
l 11212 11213
l 11213 11214
l 11129 11215
l 11215 11131
l 11214 11216
l 11216 11217
l 11217 11218
l 11218 11219
l 11219 11220
l 11220 11221
l 11221 11222
l 11222 11223
l 11223 11224
l 11224 11225
l 11225 11226
l 11227 11228
l 11228 11168
l 11151 11229
l 11229 11230
l 11230 11231
l 11231 11232
l 11232 11233
l 11233 11227
l 11226 11234
l 11235 11236
l 11236 11237
l 11237 11141
l 11234 11238
l 11238 11239
l 11239 11240
l 11241 11242
l 11240 11243
l 11242 11244
l 11243 11245
l 11245 11246
l 11247 11248
l 11246 11249
l 11249 11250
l 11248 11251
l 11250 11252
l 11160 11253
l 11253 11254
l 11252 11255
l 11255 11256
l 11256 11257
l 11257 11258
l 11258 11259
l 11260 11261
l 11261 11179
l 11259 11262
l 11262 11263
l 11263 11264
l 11264 11265
l 11265 11266
l 11266 11267
l 11209 11268
l 11267 11269
l 11268 11270
l 11270 11271
l 11269 11272
l 11272 11273
l 11273 11274
l 11275 11276
l 11276 11277
l 11274 11278
l 11278 11279
l 11277 11241
l 11279 11280
l 11244 11281
l 11281 11282
l 11280 11283
l 11283 11284
l 11284 11285
l 11285 11286
l 11286 11287
l 11287 11288
l 11288 11289
l 11289 11290
l 11291 11247
l 11251 11292
l 11292 11293
l 11290 11294
l 11294 11295
l 11296 11297
l 11297 11298
l 11298 11235
l 11295 11299
l 11299 11300
l 11300 11301
l 11301 11302
l 11302 11303
l 11303 11304
l 11304 11305
l 11305 11306
l 11306 11307
l 11307 11308
l 11254 11309
l 11308 11310
l 11310 11311
l 11311 11312
l 11312 11313
l 11314 11260
l 11313 11315
l 11315 11316
l 11316 11317
l 11317 11318
l 11318 11319
l 11319 11320
l 11320 11321
l 11321 11322
l 11323 11324
l 11324 11325
l 11271 11326
l 11326 11327
l 11327 11328
l 11325 11275
l 11322 11329
l 11329 11330
l 11330 11165
l 11282 11331
l 11112 11332
l 11113 11333
l 11333 11334
l 11332 11291
l 11334 11296
l 11293 11335
l 11335 11336
l 11336 11117
l 11337 11338
l 11338 11339
l 11339 11340
l 11340 11341
l 11341 11342
l 11309 11343
l 11342 11344
l 11343 11128
l 11344 11345
l 11132 11346
l 11346 11314
l 11345 11347
l 11347 11348
l 11348 11349
l 11349 11350
l 11350 11351
l 11351 11352
l 11352 11353
l 11144 11354
l 11354 11355
l 11353 11356
l 11328 11357
l 11355 11323
l 11357 11358
l 11356 11359
l 11359 11360
l 11358 11146
l 11360 11361
l 11361 11362
l 11362 11363
l 11363 11364
l 11364 11365
l 11331 11366
l 11366 11159
l 11365 11367
l 11367 11368
l 11368 11369
l 11369 11370
l 11370 11371
l 11371 11104
l 11372 11373
l 11374 11375
l 11376 11377
l 11378 11379
l 11379 11380
l 11381 11382
l 11382 11383
l 11384 11385
l 11386 11387
l 11388 11389
l 11390 11391
l 11392 11393
l 11394 11395
l 11396 11397
l 11398 11399
l 11400 11401
l 11402 11403
l 11404 11405
l 11406 11407
l 11408 11409
l 11409 11410
l 11410 11411
l 11411 11412
l 11412 11413
l 11413 11414
l 11414 11415
l 11416 11417
l 11417 11418
l 11419 11420
l 11421 11422
l 11422 11423
l 11423 11424
l 11425 11426
l 11426 11427
l 11424 11428
l 11429 11430
l 11428 11431
l 11431 11432
l 11433 11434
l 11435 11436
l 11436 11437
l 11438 11439
l 11439 11440
l 11441 11442
l 11443 11444
l 11442 11445
l 11446 11447
l 11444 11448
l 11448 11449
l 11447 11450
l 11451 11452
l 11452 11453
l 11454 11455
l 11455 11456
l 11457 11458
l 11459 11460
l 11460 11461
l 11462 11463
l 11463 11464
l 11465 11466
l 11467 11468
l 11468 11469
l 11469 11470
l 11471 11472
l 11472 11473
l 11473 11474
l 11475 11476
l 11476 11477
l 11478 11479
l 11480 11481
l 11482 11483
l 11483 11484
l 11484 11485
l 11395 11386
l 11387 11396
l 11450 11400
l 11401 11486
l 11403 11451
l 11487 11374
l 11488 11489
l 11489 11478
l 11377 11490
l 11491 11492
l 11492 11493
l 11494 11495
l 11495 11480
l 11496 11390
l 11391 11497
l 11498 11499
l 11499 11500
l 11497 11501
l 11502 11503
l 11503 11504
l 11504 11505
l 11505 11506
l 11506 11507
l 11508 11509
l 11507 11510
l 11510 11511
l 11509 11512
l 11415 11513
l 11514 11406
l 11515 11516
l 11517 11518
l 11519 11520
l 11521 11522
l 11522 11523
l 11520 11524
l 11523 11416
l 11373 11525
l 11526 11527
l 11527 11528
l 11529 11530
l 11530 11378
l 11531 11532
l 11375 11376
l 11532 11533
l 11458 11534
l 11534 11535
l 11383 11536
l 11535 11372
l 11536 11435
l 11437 11392
l 11537 11538
l 11538 11438
l 11407 11539
l 11539 11515
l 11399 11540
l 11540 11441
l 11541 11542
l 11542 11402
l 11440 11543
l 11418 11544
l 11544 11419
l 11420 11529
l 11461 11545
l 11545 11546
l 11546 11462
l 11466 11547
l 11548 11549
l 11550 11475
l 11479 11551
l 11551 11552
l 11385 11388
l 11380 11429
l 11486 11541
l 11430 11384
l 11389 11433
l 11434 11381
l 11207 11553
l 11553 11554
l 11554 11555
l 11555 11556
l 11556 11557
l 11557 11558
l 11558 11559
l 11559 11560
l 11560 11561
l 11561 11562
l 11562 11563
l 11552 11564
l 11564 11565
l 11393 11394
l 11565 11566
l 11566 11567
l 11397 11398
l 11567 11568
l 11445 11446
l 11563 11569
l 11569 11570
l 11570 11571
l 11571 11572
l 11572 11573
l 11453 11404
l 11405 11337
l 11573 11574
l 11574 11575
l 11575 11576
l 11576 11577
l 11500 11578
l 11578 11579
l 11579 11408
l 11577 11580
l 11580 11581
l 11582 11583
l 11581 11584
l 11584 11585
l 11585 11586
l 11586 11582
l 11583 11587
l 11587 11588
l 11588 11589
l 11518 11590
l 11589 11591
l 11592 11502
l 11590 11593
l 11591 11592
l 11513 11594
l 11593 11595
l 11595 11596
l 11594 11597
l 11597 11598
l 11596 11599
l 11598 11600
l 11600 11601
l 11602 11603
l 11601 11604
l 11604 11425
l 11603 11605
l 11605 11606
l 11606 11607
l 11427 11517
l 11456 11608
l 11608 11609
l 11511 11610
l 11609 11457
l 11610 11611
l 11611 11612
l 11612 11613
l 11613 11614
l 11614 11615
l 11615 11519
l 11599 11443
l 11616 11617
l 11524 11618
l 11618 11421
l 11617 11619
l 11619 11467
l 11464 11620
l 11620 11465
l 11449 11454
l 11432 11531
l 11485 11621
l 11533 11622
l 11622 11623
l 11621 11487
l 11623 11537
l 11624 11602
l 11543 11624
l 11549 11625
l 11607 11626
l 11626 11459
l 11547 11471
l 11474 11627
l 11627 11548
l 11625 11550
l 11525 11616
l 11490 11491
l 11493 11628
l 11628 11629
l 11630 11488
l 11629 11631
l 11477 11630
l 11631 11496
l 11470 11632
l 11632 11526
l 11501 11633
l 11633 11634
l 11634 11508
l 11568 11494
l 11512 11514
l 11528 11635
l 11635 11482
l 11481 11636
l 11636 11498
l 11516 11637
l 11637 11521
l 11638 11639
l 11640 11641
l 11642 11643
l 11644 11645
l 11646 11647
l 11648 11649
l 11650 11651
l 11639 11652
l 11641 11653
l 11645 11654
l 11643 11655
l 11651 11656
l 11653 11657
l 11652 11658
l 11647 11659
l 11649 11660
l 11657 11661
l 11658 11662
l 11660 11663
l 11656 11664
l 11654 11665
l 11659 11666
l 11655 11667
l 11662 11668
l 11661 11669
l 11663 11670
l 11665 11671
l 11664 11672
l 11666 11673
l 11673 11674
l 11667 11675
l 11676 11677
l 11669 11678
l 11668 11679
l 11670 11680
l 11672 11681
l 11671 11682
l 11679 11683
l 11678 11684
l 11675 11685
l 11682 11686
l 11680 11687
l 11681 11688
l 11674 11689
l 11677 11690
l 11683 11691
l 11684 11692
l 11689 11693
l 11685 11694
l 11690 11695
l 11687 11696
l 11686 11697
l 11688 11698
l 11691 11699
l 11692 11700
l 11695 11701
l 11693 11702
l 11694 11703
l 11696 11704
l 11698 11705
l 11697 11706
l 11699 11707
l 11700 11708
l 11701 11709
l 11703 11710
l 11702 11711
l 11706 11712
l 11704 11713
l 11705 11714
l 11707 11715
l 11714 11716
l 11711 11717
l 11710 11718
l 11709 11719
l 11715 11720
l 11712 11721
l 11708 11722
l 11713 11723
l 11722 11724
l 11716 11725
l 11721 11726
l 11717 11727
l 11718 11728
l 11720 11729
l 11719 11730
l 11723 11731
l 11724 11732
l 11725 11733
l 11726 11734
l 11729 11735
l 11728 11736
l 11727 11737
l 11730 11738
l 11732 11739
l 11731 11740
l 11733 11741
l 11734 11742
l 11735 11743
l 11736 11744
l 11737 11745
l 11740 11746
l 11739 11747
l 11738 11748
l 11741 11749
l 11743 11750
l 11748 11751
l 11744 11752
l 11742 11753
l 11749 11754
l 11753 11755
l 11746 11756
l 11750 11757
l 11747 11758
l 11745 11759
l 11752 11760
l 11751 11761
l 11759 11762
l 11756 11763
l 11754 11764
l 11757 11765
l 11758 11766
l 11755 11767
l 11760 11768
l 11765 11769
l 11761 11770
l 11762 11771
l 11764 11772
l 11763 11773
l 11766 11774
l 11768 11775
l 11767 11776
l 11769 11777
l 11772 11778
l 11770 11779
l 11773 11780
l 11771 11781
l 11775 11782
l 11774 11783
l 11780 11784
l 11777 11785
l 11776 11786
l 11778 11787
l 11779 11788
l 11788 11789
l 11782 11790
l 11781 11791
l 11783 11792
l 11785 11793
l 11786 11794
l 11787 11795
l 11789 11796
l 11784 11797
l 11790 11798
l 11793 11799
l 11794 11800
l 11792 11801
l 11791 11802
l 11799 11803
l 11797 11804
l 11795 11805
l 11800 11806
l 11798 11807
l 11801 11808
l 11803 11809
l 11805 11810
l 11802 11811
l 11796 11812
l 11812 11813
l 11809 11814
l 11804 11815
l 11807 11816
l 11808 11817
l 11806 11818
l 11810 11819
l 11811 11820
l 11815 11821
l 11818 11822
l 11814 11823
l 11813 11824
l 11817 11825
l 11816 11826
l 11819 11827
l 11823 11828
l 11824 11829
l 11820 11830
l 11825 11831
l 11821 11832
l 11827 11833
l 11822 11834
l 11826 11835
l 11830 11836
l 11828 11837
l 11832 11838
l 11831 11839
l 11834 11840
l 11837 11841
l 11836 11842
l 11833 11843
l 11835 11844
l 11829 11845
l 11839 11846
l 11843 11847
l 11841 11848
l 11840 11849
l 11845 11850
l 11838 11851
l 11844 11852
l 11842 11853
l 11846 11854
l 11850 11855
l 11854 11856
l 11851 11857
l 11847 11858
l 11848 11859
l 11859 11860
l 11849 11861
l 11852 11862
l 11860 11863
l 11853 11864
l 11855 11865
l 11858 11866
l 11857 11867
l 11861 11868
l 11863 11869
l 11864 11870
l 11868 11871
l 11862 11872
l 11856 11873
l 11873 11874
l 11866 11875
l 11865 11876
l 11869 11877
l 11867 11878
l 11877 11879
l 11872 11880
l 11875 11881
l 11876 11882
l 11871 11883
l 11870 11884
l 11874 11885
l 11879 11886
l 11885 11887
l 11878 11888
l 11881 11889
l 11880 11890
l 11884 11891
l 11886 11892
l 11883 11893
l 11891 11894
l 11892 11895
l 11882 11896
l 11888 11897
l 11887 11898
l 11889 11899
l 11890 11900
l 11893 11901
l 11896 11902
l 11899 11903
l 11897 11904
l 11895 11905
l 11905 11906
l 11898 11907
l 11894 11908
l 11906 11909
l 11901 11910
l 11900 11911
l 11902 11912
l 11909 11913
l 11904 11914
l 11907 11915
l 11903 11916
l 11910 11917
l 11908 11918
l 11913 11919
l 11912 11920
l 11911 11921
l 11919 11922
l 11914 11923
l 11917 11924
l 11916 11925
l 11921 11926
l 11918 11927
l 11922 11928
l 11925 11929
l 11928 11930
l 11915 11931
l 11920 11932
l 11931 11933
l 11930 11934
l 11934 11935
l 11927 11936
l 11924 11937
l 11929 11938
l 11923 11939
l 11935 11940
l 11940 11941
l 11932 11942
l 11926 11943
l 11933 11944
l 11941 11945
l 11937 11946
l 11939 11947
l 11936 11948
l 11945 11949
l 11943 11950
l 11944 11951
l 11942 11952
l 11949 11953
l 11938 11954
l 11953 11955
l 11946 11956
l 11955 11957
l 11957 11958
l 11948 11959
l 11954 11960
l 11958 11961
l 11947 11962
l 11961 11963
l 11951 11964
l 11963 11965
l 11965 11966
l 11956 11967
l 11962 11968
l 11952 11969
l 11950 11970
l 11960 11638
l 11959 11971
l 11964 11972
l 11969 11648
l 11968 11642
l 11967 11640
l 11971 11644
l 11970 11646
l 11972 11650
l 11973 11974
l 11975 11976
l 11977 11978
l 11979 11980
l 11981 11982
l 11974 11983
l 11984 11985
l 11976 11986
l 11987 11988
l 11978 11989
l 11980 11990
l 11988 11991
l 11983 11992
l 11982 11993
l 11985 11994
l 11986 11995
l 11989 11996
l 11990 11997
l 11996 11998
l 11993 11999
l 11995 12000
l 11992 12001
l 11994 12002
l 11991 12003
l 11999 12004
l 11997 12005
l 12000 12006
l 11998 12007
l 12001 12008
l 12002 12009
l 12009 12010
l 11966 12011
l 12003 12012
l 12005 12013
l 12007 12014
l 12004 12015
l 12006 12016
l 12008 12017
l 12012 12018
l 12014 12019
l 12013 12020
l 12015 12021
l 12016 12022
l 12017 12023
l 12011 12024
l 12010 12025
l 12020 12026
l 12019 12027
l 12025 12028
l 12018 12029
l 12024 12030
l 12021 12031
l 12022 12032
l 12023 12033
l 12026 12034
l 12027 12035
l 12029 12036
l 12030 12037
l 12031 12038
l 12032 12039
l 12033 12040
l 12034 12041
l 12028 12042
l 12037 12043
l 12035 12044
l 12040 12045
l 12036 12046
l 12042 12047
l 12038 12048
l 12039 12049
l 12041 12050
l 12044 12051
l 12045 12052
l 12050 12053
l 12046 12054
l 12047 12055
l 12043 12056
l 12048 12057
l 12049 12058
l 12051 12059
l 12054 12060
l 12058 12061
l 12055 12062
l 12053 12063
l 12057 12064
l 12052 12065
l 12056 12066
l 12059 12067
l 12066 12068
l 12061 12069
l 12065 12070
l 12063 12071
l 12060 12072
l 12064 12073
l 12062 12074
l 12067 12075
l 12069 12076
l 12071 12077
l 12072 12078
l 12070 12079
l 12074 12080
l 12068 12081
l 12073 12082
l 12076 12083
l 12075 12084
l 12077 12085
l 12078 12086
l 12080 12087
l 12081 12088
l 12079 12089
l 12082 12090
l 12083 12091
l 12085 12092
l 12084 12093
l 12086 12094
l 12088 12095
l 12089 12096
l 12087 12097
l 12090 12098
l 12092 12099
l 12091 12100
l 12093 12101
l 12094 12102
l 12096 12103
l 12099 12104
l 12095 12105
l 12102 12106
l 12097 12107
l 12100 12108
l 12098 12109
l 12101 12110
l 12103 12111
l 12104 12112
l 12105 12113
l 12108 12114
l 12109 12115
l 12107 12116
l 12111 12117
l 12110 12118
l 12112 12119
l 12113 12120
l 12106 12121
l 12114 12122
l 12120 12123
l 12121 12124
l 12119 12125
l 12115 12126
l 12116 12127
l 12118 12128
l 12117 12129
l 12122 12130
l 12126 12131
l 12125 12132
l 12124 12133
l 12128 12134
l 12129 12135
l 12127 12136
l 12132 12137
l 12123 12138
l 12130 12139
l 12138 12140
l 12134 12141
l 12131 12142
l 12136 12143
l 12135 12144
l 12137 12145
l 12139 12146
l 12142 12147
l 12133 12148
l 12145 12149
l 12148 12150
l 12141 12151
l 12144 12152
l 12140 12153
l 12146 12154
l 12143 12155
l 12149 12156
l 12153 12157
l 12151 12158
l 12152 12159
l 12150 12160
l 12155 12161
l 12147 12162
l 12154 12163
l 12156 12164
l 12162 12165
l 12157 12166
l 12158 12167
l 12159 12168
l 12163 12169
l 12160 12170
l 12164 12171
l 12161 12172
l 12166 12173
l 12167 12174
l 12168 12175
l 12171 12176
l 12172 12177
l 12170 12178
l 12165 12179
l 12169 12180
l 12180 12181
l 12173 12182
l 12174 12183
l 12176 12184
l 12175 12185
l 12179 12186
l 12177 12187
l 12178 12188
l 12184 12189
l 12183 12190
l 12182 12191
l 12190 12192
l 12181 12193
l 12189 12194
l 12185 12195
l 12186 12196
l 12187 12197
l 12188 12198
l 12194 12199
l 12192 12200
l 12196 12201
l 12193 12202
l 12191 12203
l 12195 12204
l 12199 12205
l 12202 12206
l 12198 12207
l 12203 12208
l 12197 12209
l 12205 12210
l 12204 12211
l 12206 12212
l 12200 12213
l 12210 12214
l 12201 12215
l 12215 12216
l 12208 12217
l 12211 12218
l 12209 12219
l 12213 12220
l 12214 12221
l 12207 12222
l 12219 12223
l 12212 12224
l 12220 12225
l 12222 12226
l 12217 12227
l 12218 12228
l 12221 12229
l 12224 12230
l 12229 12231
l 12225 12232
l 12226 12233
l 12216 12234
l 12228 12235
l 12223 12236
l 12227 12237
l 12231 12238
l 12234 12239
l 12238 12240
l 12232 12241
l 12236 12242
l 12230 12243
l 12235 12244
l 12240 12245
l 12233 12246
l 12237 12247
l 12243 12248
l 12245 12249
l 12239 12250
l 12241 12251
l 12242 12252
l 12244 12253
l 12249 12254
l 12248 12255
l 12254 12256
l 12246 12257
l 12247 12258
l 12251 12259
l 12252 12260
l 12256 12261
l 12253 12262
l 12257 12263
l 12250 12264
l 12261 12265
l 12259 12266
l 12264 12267
l 12265 12268
l 12255 12269
l 12260 12270
l 12262 12271
l 12258 12272
l 12268 12273
l 12273 12274
l 12266 12275
l 12272 12276
l 12263 12277
l 12274 12278
l 12278 12279
l 12269 12280
l 12267 12281
l 12271 12282
l 12277 12283
l 12279 12284
l 12280 12285
l 12270 12286
l 12275 12287
l 12284 12288
l 12281 12289
l 12288 12290
l 12290 12291
l 12282 12292
l 12291 12293
l 12276 12294
l 12286 12295
l 12285 12296
l 12293 12297
l 12297 12298
l 12287 12299
l 12298 12300
l 12300 11676
l 12294 12301
l 12292 12302
l 12283 12303
l 12296 12304
l 12289 12305
l 12295 11973
l 12299 11975
l 12301 11981
l 12302 11977
l 12304 11979
l 12303 11984
l 12305 11987
l 12307 1378
l 1379 12307
l 1380 12308
l 12308 1381
l 12309 1383
l 1382 12309
l 12310 1385
l 1384 12310
l 12312 1387
l 1386 12312
l 1389 12313
l 12313 1388
l 1391 12314
l 12314 1390
l 12315 1392
l 1393 12315
l 12316 1395
l 1394 12316
l 5240 5236
l 12320 1396
l 1397 12320
l 12321 1398
l 1399 12321
l 12322 5280
l 5284 12322
l 12323 1400
l 1401 12323
l 12324 1402
l 1403 12324
l 12325 1404
l 1405 12325
l 12326 5328
l 5330 12326
l 1406 1376
l 1407 1377
l 12327 1408
l 1409 12327
l 12328 5397
l 5402 12328
l 5426 1410
l 5433 5430
l 12329 1411
l 1412 12329
l 12330 1413
l 1414 12330
l 12331 1415
l 1416 12331
l 5482 5480
l 5488 5486
l 1417 5498
l 12332 5503
l 5505 12332
l 12333 12334
l 12335 12336
l 12337 12338
l 12339 12340
l 12338 12341
l 12336 12342
l 12343 12333
l 12341 12344
l 12342 12345
l 12346 12337
l 12340 12347
l 12345 12348
l 12349 12346
l 12350 12343
l 12348 12351
l 12344 12352
l 12347 12353
l 12351 12354
l 12352 12355
l 12356 12350
l 12357 12349
l 12353 12358
l 12354 12359
l 12355 12360
l 12361 12356
l 12359 12362
l 12363 12357
l 12360 12364
l 12358 12365
l 12362 12366
l 12367 12361
l 12368 12363
l 12366 12369
l 12364 12370
l 12365 12371
l 12369 12372
l 12373 12367
l 12372 12374
l 12375 12368
l 12374 12376
l 12371 12377
l 12370 12378
l 12379 12373
l 12376 12380
l 12381 12375
l 12380 12382
l 12377 12383
l 12378 12384
l 12385 12381
l 12386 12379
l 12382 12387
l 12384 12388
l 12387 12389
l 12383 12390
l 12389 12391
l 12392 12385
l 12393 12386
l 12388 12394
l 12391 12395
l 12390 12396
l 12395 12397
l 12398 12392
l 12399 12393
l 12397 12400
l 12394 12401
l 12396 12402
l 12403 12398
l 12400 12404
l 12401 12405
l 12406 12399
l 12404 12407
l 12408 12403
l 12402 12409
l 12407 12410
l 12405 12411
l 12412 12406
l 12413 12408
l 12409 12414
l 12410 12415
l 12415 12416
l 12411 12417
l 12416 12418
l 12419 12412
l 12418 12420
l 12421 12413
l 12414 12422
l 12417 12423
l 12420 12424
l 12425 12419
l 12426 12421
l 12422 12427
l 12424 12428
l 12423 12429
l 12430 12425
l 12428 12431
l 12432 12426
l 12431 12433
l 12429 12434
l 12427 12435
l 12436 12432
l 12433 12437
l 12438 12430
l 12434 12439
l 12437 12440
l 12435 12441
l 12442 12438
l 12440 12443
l 12444 12436
l 12439 12445
l 12443 12446
l 12441 12447
l 12448 12444
l 12446 12449
l 12450 12442
l 12445 12451
l 12447 12452
l 12453 12450
l 12454 12448
l 12449 12455
l 12451 12456
l 12452 12457
l 12458 12454
l 12459 12453
l 12455 12460
l 12460 12461
l 12456 12462
l 12457 12463
l 12461 12464
l 12465 12458
l 12466 12459
l 12464 12467
l 12462 12468
l 12467 12469
l 12463 12470
l 12471 12465
l 12472 12466
l 12473 12474
l 12475 12473
l 1418 12475
l 12468 12476
l 12469 12477
l 12478 12471
l 12470 12479
l 12477 12480
l 12481 12472
l 12476 12482
l 12480 12483
l 12484 12478
l 12479 12485
l 12483 12486
l 12487 12481
l 12486 12488
l 12482 12489
l 12485 12490
l 12491 12484
l 12492 12487
l 12489 12493
l 12488 12494
l 12494 12495
l 12496 12491
l 12490 12497
l 12495 12498
l 12493 12499
l 12500 12496
l 12498 12501
l 12499 12502
l 12503 12492
l 12497 12504
l 12501 12505
l 12506 12500
l 12505 12507
l 12508 12503
l 12502 12509
l 12504 12510
l 12507 12511
l 12512 12508
l 12513 12506
l 12511 12514
l 12510 12515
l 12509 12516
l 12514 12517
l 12518 12513
l 12519 12512
l 12516 12520
l 12517 12521
l 12515 12522
l 12521 12523
l 12524 12518
l 12525 12519
l 12522 12526
l 12520 12527
l 12523 12528
l 12529 12524
l 12530 12525
l 12527 12531
l 12528 12532
l 12526 12533
l 12534 12529
l 12532 12535
l 12536 12530
l 12531 12537
l 12535 12538
l 12533 12539
l 12538 12540
l 12541 12534
l 12542 12536
l 12540 12543
l 12537 12544
l 12539 12545
l 12543 12546
l 12547 12541
l 12544 12548
l 12549 12542
l 12546 12550
l 12551 12549
l 12552 12547
l 12550 12553
l 12548 12554
l 12555 12552
l 12556 12551
l 12553 12557
l 12557 12558
l 12554 12559
l 12558 12560
l 12561 12556
l 12562 12555
l 12559 12563
l 12560 12564
l 12564 12565
l 12566 12561
l 12567 12562
l 12565 12568
l 12563 12569
l 12570 12567
l 12571 12566
l 12568 12572
l 12569 12573
l 12572 12574
l 12575 12570
l 12576 12571
l 12574 12577
l 12573 12578
l 12577 12579
l 12580 12575
l 12581 12576
l 12578 12582
l 12579 12583
l 12583 12584
l 12585 12580
l 12586 12581
l 12584 12587
l 12582 12588
l 12587 12589
l 12590 12585
l 12589 12591
l 12592 12586
l 12588 12593
l 12594 12590
l 12591 12595
l 12596 12592
l 12593 12597
l 12595 12598
l 12599 12594
l 12598 12600
l 12597 12601
l 12602 12596
l 12603 12599
l 12600 12604
l 12605 12602
l 12601 12606
l 12604 12607
l 12608 12603
l 12607 12609
l 12474 12605
l 12606 12610
l 12609 12611
l 12612 12608
l 12611 12613
l 12610 12614
l 12615 12612
l 12613 12616
l 12614 12617
l 12618 12615
l 12616 12619
l 12617 12620
l 12619 12621
l 12622 12618
l 12621 12623
l 12620 12624
l 12623 12625
l 12626 12622
l 12625 12627
l 12624 12628
l 12627 12629
l 12630 12626
l 12629 12631
l 12628 12632
l 12631 12633
l 12634 12630
l 12632 12635
l 12633 12636
l 12637 12634
l 12636 12638
l 12635 12639
l 12638 12640
l 12641 12637
l 12640 12642
l 12639 12643
l 12642 12644
l 12645 12641
l 12644 12646
l 12643 12647
l 12646 12648
l 12649 12645
l 12648 12650
l 12647 12651
l 12650 12652
l 12653 12649
l 12652 12654
l 12651 12655
l 12654 12656
l 12657 12653
l 12655 12658
l 12656 12659
l 12660 12657
l 12659 12661
l 12658 12662
l 12661 12663
l 12664 12660
l 12663 12665
l 12662 12666
l 12667 12664
l 12665 12668
l 12666 12669
l 12668 12670
l 12671 12667
l 12670 12672
l 12669 12673
l 12674 12671
l 12672 12675
l 12673 12676
l 12675 12677
l 12678 12674
l 12677 12679
l 12676 12680
l 12679 12681
l 12682 12678
l 12681 12683
l 12680 12684
l 12685 12682
l 12683 12686
l 12684 12687
l 12686 12688
l 12689 12685
l 12687 12690
l 12688 12691
l 12692 12689
l 12691 12693
l 12690 12694
l 12693 12695
l 12696 12692
l 12694 12697
l 12695 12698
l 12698 12699
l 12700 12696
l 12697 12701
l 12699 12702
l 12702 12703
l 12704 12700
l 12701 12705
l 12703 12706
l 12707 12704
l 12706 12708
l 12705 12709
l 12708 12710
l 12711 12707
l 12710 12712
l 12709 12713
l 12714 12711
l 12712 12715
l 12715 12716
l 12713 12717
l 12716 12718
l 12719 12714
l 12717 12720
l 12718 12721
l 12721 12722
l 12723 12719
l 12722 12724
l 12720 12725
l 12726 12723
l 12724 12727
l 12727 12728
l 12725 12729
l 12728 12730
l 12731 12726
l 12729 12732
l 12730 12733
l 12734 12731
l 12733 12735
l 12732 12736
l 12735 12737
l 12738 12734
l 12737 12739
l 12736 12740
l 12739 12741
l 12742 12738
l 12740 12743
l 12741 12744
l 12745 12742
l 12744 12746
l 12743 12747
l 12746 12748
l 12749 12745
l 12748 12750
l 12747 12751
l 12750 12752
l 12753 12749
l 12752 12754
l 12751 12755
l 12754 12756
l 12757 12753
l 12756 12758
l 12755 12759
l 12760 12757
l 12758 12761
l 12759 12762
l 12761 12763
l 12764 12760
l 12763 12765
l 12762 12766
l 12765 12767
l 12768 12764
l 12767 12769
l 12769 12770
l 12766 12771
l 12772 12768
l 12770 12773
l 12771 12774
l 12775 12772
l 12773 12776
l 12776 12777
l 12774 12778
l 12777 12779
l 12780 12775
l 12778 12781
l 12782 12780
l 12779 12783
l 12783 12784
l 12781 12785
l 12784 12786
l 12787 12782
l 12785 12788
l 12786 12789
l 12789 12790
l 12791 12787
l 12788 12792
l 12790 12793
l 12793 12794
l 12795 12791
l 12794 12796
l 12792 12797
l 12798 12795
l 12796 12799
l 12797 12800
l 12799 12801
l 12802 12798
l 12801 12803
l 12800 12804
l 12803 12805
l 12806 12802
l 12805 12807
l 12804 12808
l 12807 12809
l 12810 12806
l 12809 12811
l 12808 12812
l 12813 12810
l 12812 12814
l 12811 12815
l 12816 12813
l 12814 12817
l 12815 12818
l 12819 12816
l 12818 12820
l 12820 12821
l 12817 12822
l 12821 12823
l 12824 12819
l 12823 12825
l 12822 12826
l 12827 12824
l 12826 12828
l 12829 12827
l 12828 12830
l 12831 12829
l 12832 12833
l 12834 12832
l 12835 12834
l 12836 12835
l 12837 12836
l 12838 12837
l 12839 12838
l 12830 12840
l 12841 12839
l 12842 12841
l 12843 12842
l 12844 12843
l 12845 12844
l 12846 12831
l 12847 12845
l 12848 12847
l 12849 12848
l 12850 12849
l 12851 12850
l 12852 12851
l 12853 12852
l 12854 12853
l 12855 12854
l 12856 12855
l 12857 12856
l 12840 12858
l 12859 12857
l 12860 12859
l 12861 12860
l 12862 12861
l 12863 12862
l 12864 12863
l 12865 12846
l 12866 12864
l 12867 12866
l 12858 12868
l 12869 12867
l 12870 12869
l 12871 12870
l 12872 12871
l 12873 12872
l 12874 12865
l 12875 12873
l 12876 12875
l 12877 12876
l 12878 12877
l 12879 12878
l 12880 12879
l 12881 12880
l 12868 12882
l 12883 12881
l 12884 12883
l 12885 12884
l 12886 12885
l 12887 12886
l 12888 12887
l 12889 12888
l 12890 12889
l 12891 12890
l 12892 12874
l 12893 12891
l 12894 12893
l 12895 12894
l 12896 12895
l 12882 12897
l 12898 12896
l 12899 12898
l 12900 12899
l 12901 12900
l 12902 12901
l 12903 12902
l 12904 12892
l 12905 12903
l 12906 12905
l 12907 12906
l 12908 12907
l 12909 12908
l 12910 12909
l 12911 12910
l 12897 12912
l 12913 12911
l 12914 12913
l 12915 12914
l 12916 12915
l 12917 12916
l 12918 12917
l 12919 12904
l 12920 12918
l 12921 12920
l 12922 12921
l 12923 12922
l 12924 12923
l 12912 12925
l 12926 12924
l 12927 12926
l 12928 12927
l 12929 12928
l 12930 12929
l 12931 12930
l 12932 12931
l 12933 12932
l 12934 12933
l 12935 12934
l 12936 12935
l 12937 12919
l 12938 12936
l 12939 12938
l 12940 12939
l 12941 12940
l 12942 12941
l 12943 12942
l 12944 12943
l 12945 12944
l 12946 12945
l 12947 12946
l 12925 12948
l 12949 12947
l 12950 12949
l 12951 12950
l 12952 12951
l 12953 12952
l 12954 12953
l 12955 12954
l 12956 12937
l 12957 12955
l 12958 12957
l 12959 12958
l 12960 12959
l 12948 12961
l 12962 12960
l 12963 12962
l 12964 12963
l 12965 12964
l 12966 12965
l 12967 12966
l 12968 12967
l 12969 12956
l 12545 12968
l 12961 12970
l 12833 12971
l 12972 12969
l 12971 12973
l 12973 12974
l 12970 12975
l 12974 12976
l 12977 12972
l 12975 12978
l 12976 12979
l 12980 12977
l 12979 12981
l 12978 12982
l 12981 12983
l 12984 12980
l 12983 12985
l 12982 12986
l 12987 12984
l 12985 12988
l 12986 12989
l 12988 12990
l 12990 12991
l 12991 12992
l 12993 12987
l 12989 12994
l 12995 12993
l 12992 12996
l 12994 12997
l 12996 12998
l 12998 12999
l 13000 12995
l 12999 13001
l 12997 13002
l 13001 13003
l 13004 13000
l 13003 13005
l 13002 13006
l 13005 13007
l 13008 13004
l 13007 13009
l 13006 13010
l 13011 13008
l 13009 13012
l 13012 13013
l 13013 13014
l 13010 13015
l 13014 13016
l 13017 13011
l 13016 13018
l 13015 13019
l 1419 1418
l 13020 13017
l 13021 1419
l 13022 13021
l 13023 13022
l 13018 13024
l 13025 13023
l 13026 13025
l 13027 13026
l 13028 13027
l 13019 13029
l 13030 13028
l 13031 13030
l 13032 13031
l 13033 13032
l 13034 13033
l 13024 13035
l 13036 13020
l 13037 13034
l 13038 13037
l 13039 13038
l 13040 13039
l 13035 13041
l 13042 13040
l 13029 13043
l 13044 13042
l 13045 13044
l 13046 13045
l 13047 13046
l 13041 13048
l 13049 13047
l 13050 13049
l 13051 13050
l 13052 13051
l 13048 13053
l 13054 13052
l 13055 13054
l 13056 13055
l 13057 13036
l 13058 13056
l 13059 13058
l 13060 13059
l 13061 13060
l 13062 13061
l 13063 13062
l 13053 13064
l 13043 13065
l 13066 13063
l 13067 13066
l 13068 13067
l 13064 13069
l 13070 13068
l 13071 13070
l 13072 13057
l 13073 13071
l 13074 13073
l 13075 13074
l 13076 13075
l 13065 13077
l 13078 13076
l 13069 13079
l 12825 13078
l 13079 13080
l 13081 13072
l 13080 13082
l 13077 13083
l 13082 13084
l 13085 13081
l 13084 13086
l 13083 13087
l 13086 13088
l 13089 13085
l 13088 13090
l 13087 13091
l 13090 13092
l 13092 13093
l 13094 13089
l 13091 13095
l 13093 13096
l 13096 13097
l 13098 13094
l 13095 13099
l 13097 13100
l 13101 13098
l 13100 13102
l 13099 13103
l 13102 13104
l 13105 13101
l 13104 13106
l 13103 13107
l 13106 13108
l 13109 13105
l 13108 13110
l 13107 13111
l 13110 13112
l 13113 13109
l 13112 13114
l 13111 13115
l 13114 13116
l 13117 13113
l 13116 13118
l 13118 13119
l 13115 13120
l 13121 13117
l 13119 13122
l 13120 13123
l 13124 13121
l 13122 13125
l 13125 13126
l 13123 13127
l 13126 13128
l 13129 13124
l 13128 13130
l 13130 13131
l 13127 13132
l 13133 13129
l 13131 13134
l 13134 13135
l 13132 13136
l 13135 13137
l 13138 13133
l 13137 13139
l 13136 13140
l 13139 13141
l 13142 13138
l 13140 13143
l 13141 13144
l 13144 13145
l 12334 13142
l 13145 13146
l 13143 12339
l 13146 13147
l 13147 12335
l 1421 13148
l 13148 1420
l 13149 1422
l 1423 13149
l 13150 1426
l 1425 13150
l 1424 13151
l 13151 1427
l 13152 1428
l 1429 13152
l 13154 1432
l 1430 13154
l 1433 13155
l 13155 1431
l 1434 13157
l 13157 1435
l 1437 13158
l 13158 1436
l 13159 1440
l 1438 13159
l 1441 13160
l 13160 1439
l 1442 13161
l 13161 1441
l 1443 13162
l 13162 1444
l 1445 13164
l 13164 1446
l 1447 13165
l 13165 1445
l 13171 1448
l 1449 13171
l 1451 13172
l 13172 1450
l 13174 1452
l 1453 13174
l 13175 1453
l 1454 13175
l 1456 13176
l 13176 1457
l 1455 13177
l 13177 1458
l 1460 13179
l 13179 1459
l 1461 13180
l 13180 1462
l 13181 1463
l 1464 13181
l 13182 1464
l 1465 13182
l 13188 13189
l 13190 6223
l 13191 13192
l 13193 13194
l 13195 13196
l 6276 6274
l 13197 13198
l 6236 13199
l 6238 13200
l 13201 13202
l 13203 13204
l 13205 13206
l 13207 13208
l 13209 6220
l 13210 6244
l 6245 6221
l 6246 1466
l 13211 13212
l 13213 13214
l 13215 13216
l 6251 6229
l 6254 6255
l 13217 1473
l 13218 1474
l 13219 13220
l 6321 6319
l 13221 13222
l 6234 6277
l 13223 1475
l 1468 13224
l 13225 13226
l 1470 744
l 744 1478
l 6283 6282
l 13227 13228
l 6285 13229
l 13231 13232
l 6240 1479
l 1479 1471
l 6242 13233
l 6243 13234
l 13235 6286
l 6289 13238
l 13239 6292
l 6293 6247
l 6231 6294
l 13240 13241
l 6339 6341
l 6295 6257
l 6296 6298
l 6299 1467
l 1467 6300
l 13242 13243
l 6301 1480
l 1480 6261
l 6265 6303
l 6304 6266
l 6308 13244
l 6271 1481
l 13245 1482
l 6309 1482
l 13246 13247
l 6355 13248
l 13248 6353
l 13249 6325
l 13250 6327
l 1476 1483
l 6278 1483
l 6334 6336
l 13251 13252
l 13253 13254
l 13255 13256
l 13257 13258
l 13259 13260
l 6258 6342
l 13261 6344
l 1484 13262
l 6306 1484
l 13263 13264
l 1486 13265
l 13266 13267
l 6316 6352
l 6272 13268
l 1477 6356
l 1487 6279
l 1488 744
l 1489 13272
l 1472 1489
l 6268 6361
l 6362 6312
l 13276 1485
l 1486 1485
l 13277 13278
l 6365 6330
l 13279 1490
l 1490 1477
l 13280 1469
l 1487 13280
l 13282 13283
l 13285 13286
l 6263 6367
l 1474 6368
l 13287 13288
l 1491 6348
l 6369 6364
l 13289 6329
l 13291 13292
l 13293 13294
l 13295 6371
l 13296 6317
l 1492 1493
l 1497 1496
l 1494 13297
l 13297 1498
l 13298 1495
l 13299 13298
l 1496 1499
l 1501 13299
l 1502 1504
l 13300 13301
l 1505 13300
l 1506 13302
l 13302 1503
l 13301 1507
l 13303 1510
l 1509 13303
l 1511 1506
l 13304 1509
l 1513 13304
l 1508 1512
l 13305 1515
l 1514 13305
l 1517 1516
l 13307 1519
l 1518 13307
l 13308 1521
l 1519 13308
l 13309 1522
l 1520 13309
l 13310 1524
l 1522 13310
l 1523 1525
l 1526 13311
l 13311 1527
l 1529 1530
l 13313 1528
l 1531 13313
l 1530 13314
l 13314 1532
l 1534 1533
l 13315 1536
l 1535 13315
l 13316 13317
l 1537 13316
l 13317 1534
l 1541 13318
l 13318 1539
l 1538 13319
l 13319 1540
l 13320 1542
l 1543 13320
l 1540 13321
l 13321 1544
l 1544 13322
l 13322 1546
l 13323 1543
l 1547 13323
l 1550 13324
l 13324 1549
l 13325 1551
l 1545 13325
l 13326 1548
l 1553 13326
l 13327 1554
l 1555 13327
l 1557 1552
l 13328 1556
l 1558 13328
l 13329 1560
l 1559 13329
l 13330 1562
l 1561 13330
l 1563 1564
l 1499 1565
l 1565 1497
l 1564 13332
l 13332 1566
l 13335 1568
l 1567 13335
l 1569 13337
l 13337 13338
l 13338 1570
l 1571 1492
l 1572 1500
l 1573 13339
l 13340 1574
l 1575 13340
l 13341 1575
l 6562 6560
l 1576 13341
l 6574 6570
l 13342 1577
l 1578 13342
l 1580 1579
l 13343 1581
l 1582 6607
l 1583 13343
l 13344 1582
l 1584 13344
l 1586 1585
l 1588 1586
l 13345 1587
l 1589 13345
l 13346 6613
l 1590 13346
l 13347 1591
l 1592 13347
l 13348 1592
l 1593 13348
l 13349 1594
l 1596 13349
l 13350 1595
l 1598 13350
l 13351 1597
l 13352 1598
l 1599 13352
l 1600 13351
l 1601 1599
l 13353 1602
l 1603 13353
l 13354 1604
l 1605 13354
l 13355 1606
l 1607 13355
l 1608 13356
l 13357 1609
l 1610 13357
l 13358 1611
l 1612 13358
l 13359 1613
l 1614 13359
l 13360 1615
l 1616 13360
l 1619 1617
l 13361 1618
l 13362 13361
l 1620 13362
l 13363 1621
l 1622 13363
l 13364 1622
l 1624 13364
l 13365 1623
l 1625 13365
l 1626 1625
l 13366 1627
l 1628 13366
l 13367 1628
l 1629 13367
l 1631 1630
l 13368 1632
l 1634 1633
l 13369 13368
l 1635 13369
l 1637 1636
l 13370 1637
l 13371 13370
l 1638 13371
l 13372 1639
l 1640 13372
l 1642 1641
l 13373 1643
l 1644 13373
l 13374 1644
l 1645 13374
l 13375 1645
l 1646 13375
l 13339 1647
l 1649 1648
l 1651 13376
l 13376 1654
l 1655 1656
l 1657 13378
l 13378 1658
l 1660 13379
l 13379 1661
l 1663 1662
l 1664 13380
l 13380 1659
l 1665 1666
l 1668 13384
l 13384 1667
l 1669 13385
l 13385 1670
l 1671 13386
l 13386 1672
l 1672 13387
l 13387 1673
l 1675 13388
l 13388 1674
l 1677 13390
l 13390 1676
l 1678 1680
l 1682 13392
l 13392 1679
l 1681 1683
l 1683 13393
l 13393 1685
l 1685 13394
l 13394 1686
l 1684 13395
l 13395 1687
l 1686 13396
l 13396 1688
l 1689 1690
l 1692 13397
l 13397 1691
l 1694 13398
l 13398 1695
l 1696 13399
l 13399 1693
l 1697 13400
l 13400 1696
l 1695 1699
l 1698 13401
l 13401 1700
l 1703 13402
l 13402 1701
l 1702 1704
l 1704 1705
l 1707 13404
l 13404 13405
l 13405 1708
l 1709 13406
l 13406 1710
l 1708 13407
l 13407 1711
l 1712 13408
l 13408 1713
l 1715 13409
l 13409 1714
l 1711 1717
l 1718 13410
l 13410 1716
l 1720 13411
l 13411 1719
l 1723 13412
l 13412 1721
l 1722 13413
l 13413 1724
l 1726 1725
l 1728 1727
l 1729 13414
l 13414 13415
l 1730 13416
l 13416 1728
l 13415 1731
l 1732 1733
l 1734 13417
l 13417 1735
l 1736 13419
l 13419 1737
l 1737 13420
l 13420 1738
l 1739 13421
l 13421 1740
l 1740 13422
l 13422 1742
l 13423 13424
l 13424 1744
l 1742 13425
l 13425 1743
l 1741 13423
l 1745 13426
l 13426 1746
l 1746 13427
l 13427 1747
l 1749 13428
l 13428 1750
l 1748 1751
l 1752 13431
l 13431 1753
l 1753 13432
l 13432 1754
l 1754 13433
l 13433 1755
l 1756 1757
l 1759 13434
l 13434 1758
l 1762 13435
l 13435 1761
l 1760 13436
l 13436 1763
l 1763 13437
l 13437 1764
l 1766 13438
l 13438 1767
l 1764 1765
l 1768 13439
l 13439 1769
l 1769 13440
l 13440 1770
l 1772 1771
l 1774 1773
l 1770 1775
l 1776 13442
l 13442 1777
l 13443 13444
l 13444 1778
l 1777 13443
l 1779 13445
l 13445 1780
l 1781 13446
l 13446 1782
l 1783 13447
l 13447 1784
l 1785 1786
l 1787 1788
l 1790 1789
l 1791 13448
l 13448 1792
l 1793 1794
l 1794 13449
l 13449 1795
l 1796 13450
l 13450 1797
l 1797 13451
l 13451 1798
l 1799 1800
l 1801 13452
l 13452 1802
l 13453 1650
l 1802 13453
l 1804 13454
l 13454 1803
l 1650 13455
l 13455 1805
l 13456 13457
l 13457 1653
l 1652 13456
l 1806 13458
l 13458 1651
l 1811 13459
l 13459 1807
l 1813 1812
l 13461 1815
l 1814 13461
l 13462 1819
l 1818 13462
l 1817 1820
l 1816 13463
l 13463 1821
l 1823 1822
l 13467 1825
l 1824 13467
l 1826 13468
l 13468 1827
l 1828 13469
l 13469 1829
l 13470 1828
l 1830 13470
l 1832 13471
l 13471 1831
l 13473 1834
l 1833 13473
l 13475 1839
l 1836 13475
l 1838 1835
l 1840 1837
l 13476 1840
l 1842 13476
l 13477 1841
l 1843 13477
l 1844 13478
l 13478 1842
l 13479 1844
l 1845 13479
l 1847 1846
l 1848 13480
l 13480 1849
l 1851 13481
l 13481 1852
l 1850 13482
l 13482 1853
l 13483 1854
l 1853 13483
l 1856 1851
l 13484 1855
l 1857 13484
l 1858 13485
l 13485 1860
l 1861 1859
l 1862 1861
l 13487 1864
l 13488 13487
l 1865 13488
l 13489 1866
l 1867 13489
l 13490 1865
l 1868 13490
l 13491 1870
l 1869 13491
l 13492 1871
l 1872 13492
l 1874 1868
l 13493 1875
l 1873 13493
l 13494 1877
l 1876 13494
l 13495 1880
l 1878 13495
l 1881 13496
l 13496 1879
l 1882 1884
l 1883 1885
l 13497 1886
l 13498 13497
l 13499 1887
l 1885 13499
l 1888 13498
l 1890 1889
l 13500 1892
l 1891 13500
l 13502 1893
l 1894 13502
l 1896 13503
l 13503 1894
l 1897 13504
l 13504 1895
l 13505 1897
l 1898 13505
l 13506 1898
l 1900 13506
l 13507 13508
l 1901 13507
l 13508 1899
l 13509 1903
l 1902 13509
l 1904 13510
l 13510 1902
l 13512 1906
l 1907 13512
l 1909 1905
l 1910 13514
l 13514 1908
l 13515 1910
l 1911 13515
l 13516 1911
l 1912 13516
l 1914 1913
l 13517 1915
l 1916 13517
l 1919 13518
l 13518 1918
l 13519 1917
l 1920 13519
l 13520 1920
l 1921 13520
l 1924 13521
l 13521 1922
l 1923 1921
l 1925 13522
l 13522 1926
l 13523 1925
l 1927 13523
l 1928 1929
l 1930 1931
l 1932 1927
l 13525 1933
l 1934 13525
l 1935 13526
l 13526 13527
l 13527 1934
l 1937 13528
l 13528 1936
l 13529 1938
l 1939 13529
l 13530 1940
l 1941 13530
l 1943 1942
l 1945 1944
l 1946 1947
l 13531 1949
l 1948 13531
l 1951 1950
l 13532 1951
l 1952 13532
l 1954 13533
l 13533 1953
l 13534 1954
l 1955 13534
l 1957 1956
l 13535 1958
l 1959 13535
l 1808 13536
l 13536 1959
l 13537 1960
l 1961 13537
l 13538 1808
l 1962 13538
l 1810 13539
l 13539 13540
l 13540 1809
l 13541 1963
l 1807 13541
l 1863 1706
l 1964 1965
l 1968 1966
l 1969 1967
l 1970 1971
l 13542 13543
l 13544 13545
l 13546 13547
l 13548 13549
l 13550 13551
l 13552 13553
l 13554 13548
l 13555 13556
l 13549 13557
l 13558 13554
l 13559 13560
l 13561 13562
l 13557 13563
l 13564 13558
l 13563 13565
l 13566 13564
l 13567 13568
l 13565 13569
l 13570 13571
l 13572 13566
l 13573 13574
l 13551 13575
l 13569 13576
l 13577 13542
l 13578 13572
l 13579 13561
l 13580 13552
l 13576 13581
l 13582 13555
l 13583 13546
l 13584 13578
l 13581 13585
l 13586 13584
l 13560 13587
l 13575 13588
l 13585 13589
l 13587 13590
l 13591 13586
l 13592 13579
l 13589 13593
l 13594 13591
l 13595 13544
l 13588 13596
l 13593 13597
l 13598 13594
l 13596 13599
l 13600 13567
l 13597 13601
l 13602 13570
l 13603 13598
l 13590 13604
l 13605 13577
l 13606 13573
l 13601 13607
l 13608 13603
l 13609 13580
l 13610 13582
l 13611 13592
l 13612 13583
l 13607 13613
l 13614 13595
l 13615 13608
l 13616 13600
l 13617 13602
l 13599 13618
l 13619 13605
l 13613 13620
l 13604 13621
l 13622 13611
l 13623 13606
l 13624 13609
l 13620 13625
l 13626 13615
l 13627 13610
l 13618 13628
l 13625 13629
l 13630 13616
l 13631 13626
l 13632 13622
l 13629 13633
l 13634 13631
l 13621 13635
l 13628 13636
l 13633 13637
l 13638 13612
l 13639 13617
l 13640 13619
l 13641 13634
l 13642 13614
l 13636 13643
l 13637 13644
l 13645 13624
l 13646 13623
l 13647 13641
l 13648 13627
l 13649 745
l 745 1973
l 13650 13649
l 13651 13650
l 13652 13651
l 13653 13652
l 13654 13632
l 13655 13653
l 13656 13655
l 13644 13657
l 13658 13656
l 13659 13658
l 13660 13639
l 13661 13659
l 13662 13661
l 13663 13662
l 13664 13663
l 13665 13640
l 13666 13664
l 13635 13667
l 13668 13666
l 13669 13668
l 13670 13669
l 13671 13670
l 13672 13671
l 13673 13672
l 13674 13673
l 13675 13674
l 13676 13675
l 13677 13676
l 13678 13638
l 13679 13677
l 13680 13679
l 13681 13680
l 13682 13681
l 13683 13682
l 13684 13683
l 13685 13684
l 13686 13685
l 13687 13686
l 13643 13688
l 13689 13687
l 13690 13630
l 13657 13691
l 13667 13692
l 13693 13645
l 13694 13647
l 13695 13646
l 13696 13654
l 13697 13698
l 13699 13648
l 13700 13697
l 13701 13700
l 13702 13701
l 13703 13702
l 13704 13703
l 13705 13704
l 13706 13705
l 13707 13706
l 13708 13707
l 13709 13708
l 13710 13709
l 13711 13710
l 13712 13711
l 13713 13712
l 13714 13713
l 13715 13714
l 13716 13715
l 13688 13717
l 13718 13716
l 13719 13718
l 13720 13719
l 13721 13720
l 13722 13721
l 13691 13723
l 13724 13722
l 13725 13724
l 13726 13725
l 13727 13726
l 13728 13727
l 13729 13728
l 13730 13729
l 13731 13730
l 13732 13731
l 13733 13732
l 13734 13733
l 13735 13734
l 13736 13735
l 13737 13694
l 13738 13736
l 13739 13738
l 13740 13739
l 13741 13740
l 13742 13741
l 13743 13742
l 13744 13743
l 13745 13744
l 13746 13745
l 13747 13746
l 13748 13747
l 13749 13748
l 13750 13690
l 13751 13749
l 13752 13751
l 13753 13752
l 13754 13753
l 13755 13754
l 13756 13642
l 13757 13755
l 13758 13757
l 13759 13758
l 13760 13759
l 13761 13760
l 13762 13761
l 13763 13762
l 13764 13763
l 13765 13764
l 13766 13765
l 13767 13766
l 13768 13767
l 13769 13768
l 13770 13769
l 13771 13770
l 13772 13771
l 13773 13772
l 13774 13773
l 13775 13774
l 13776 13775
l 13777 13776
l 13778 13777
l 13723 13779
l 13780 13778
l 13781 13780
l 13782 13781
l 13783 13696
l 13784 13782
l 13785 13784
l 13786 13785
l 13787 13786
l 13788 13787
l 13789 13788
l 13790 13789
l 13791 13790
l 13792 13791
l 13793 13792
l 13692 13794
l 13795 13793
l 13796 13795
l 13797 13665
l 13798 13737
l 13799 13796
l 13800 13799
l 13801 13800
l 13802 13801
l 13803 13802
l 13804 13803
l 13805 13660
l 13806 13804
l 13807 13806
l 13808 13807
l 13809 13808
l 13810 13809
l 13811 13810
l 13812 13811
l 13813 13812
l 13814 13813
l 13815 13814
l 13816 13815
l 13817 13816
l 13818 13817
l 13819 13818
l 13820 13819
l 13821 13820
l 13822 13821
l 13823 13822
l 13824 13823
l 13825 13824
l 13826 13825
l 13827 13826
l 13828 13827
l 13829 13828
l 13830 13829
l 13831 13830
l 13832 13831
l 13833 13832
l 13779 13834
l 13835 13678
l 13836 13798
l 13717 13837
l 13838 13693
l 13547 13756
l 13698 13839
l 13840 13797
l 13556 13695
l 13543 13805
l 13553 13699
l 13834 13841
l 13842 13836
l 13839 13843
l 13794 13833
l 13837 13844
l 13574 13835
l 13843 13689
l 13845 13783
l 13841 13846
l 13545 13750
l 1972 746
l 746 13840
l 13846 13550
l 13562 13842
l 13844 13559
l 13568 13845
l 13571 13838
l 1974 13847
l 13847 13848
l 13848 13849
l 13849 13850
l 13850 13851
l 13851 13852
l 13852 13853
l 13853 13854
l 13854 13855
l 13855 746
l 8025 13856
l 13857 8038
l 13858 13859
l 13860 13858
l 13861 13860
l 13862 13863
l 13864 13865
l 13866 13864
l 1975 1976
l 1979 1978
l 1982 1980
l 1983 1982
l 1986 1984
l 1990 1988
l 8108 13869
l 1991 13869
l 1994 1995
l 1997 1996
l 8135 747
l 747 2000
l 8139 747
l 13870 8151
l 13871 13872
l 2001 13873
l 8168 13874
l 13875 8180
l 748 8188
l 13876 2003
l 2003 8197
l 2003 13877
l 13878 8209
l 13879 8212
l 2004 8217
l 13880 8462
l 8285 13857
l 2006 2005
l 2008 2007
l 2009 2010
l 1981 2011
l 1987 13881
l 8308 1985
l 8312 2012
l 2014 2013
l 13882 8316
l 1989 2016
l 8323 1992
l 8337 13870
l 8346 13872
l 13874 8351
l 2002 13883
l 13884 8353
l 13875 8354
l 8361 2003
l 8367 13879
l 13885 2004
l 13885 13886
l 8372 13887
l 13859 745
l 13863 13861
l 13865 13862
l 8430 13882
l 2019 2018
l 8431 2019
l 2018 2020
l 2015 2018
l 8433 13884
l 13888 2021
l 2017 13888
l 8435 13889
l 13889 8437
l 2022 13890
l 8463 13880
l 1993 13891
l 1999 1998
l 8470 13871
l 1977 13866
l 748 8479
l 8483 13876
l 13877 13892
l 8484 13878
l 13893 13894
l 13895 8509
l 8541 13894
l 8543 13895
l 2023 13896
l 8021 2023
l 13856 8574
l 2029 2026
l 2028 2030
l 2031 2032
l 2033 2034
l 2035 2037
l 2039 2040
l 2041 2038
l 2044 2043
l 2045 2046
l 2048 2049
l 13897 13898
l 749 2025
l 13899 749
l 13900 13901
l 13902 13899
l 13903 13904
l 13905 13906
l 13907 13902
l 13908 13905
l 13909 13907
l 13910 13909
l 13911 13910
l 13912 13911
l 13913 13914
l 13915 13912
l 13916 13915
l 13917 13916
l 13918 13917
l 13919 13918
l 13920 13921
l 13922 13919
l 13923 13922
l 13924 13923
l 13925 13924
l 13926 13927
l 13928 13925
l 13929 13920
l 13930 13928
l 13931 13930
l 13932 13900
l 13933 13931
l 13934 13933
l 13935 13897
l 13936 13934
l 13937 13913
l 13938 13936
l 13939 13938
l 13940 13939
l 13941 13940
l 13942 13941
l 13943 13908
l 13944 13903
l 13945 13942
l 13946 13945
l 13947 13944
l 13948 13946
l 13949 13948
l 13950 13949
l 13951 13935
l 13952 13926
l 13953 13951
l 13954 13952
l 13955 13950
l 13956 13955
l 13957 13929
l 13958 13943
l 13959 13958
l 13960 13937
l 13961 13953
l 13962 13956
l 13963 13962
l 13964 13932
l 13965 13947
l 13966 13963
l 13967 13965
l 13968 13964
l 13969 13954
l 13970 13966
l 13971 13961
l 13972 13970
l 13973 13959
l 13974 13972
l 13975 13957
l 13976 13975
l 13977 13960
l 13978 13974
l 13979 13967
l 13980 13969
l 13981 13977
l 13982 13978
l 13983 13980
l 13984 13973
l 13985 13982
l 13986 13984
l 13987 13971
l 13988 13987
l 13989 13985
l 13990 13981
l 13991 13989
l 13992 13976
l 13993 13979
l 13994 13983
l 13995 13994
l 13996 13986
l 13997 13991
l 13998 13993
l 13999 13988
l 14000 13990
l 14001 13997
l 14002 13992
l 14003 13999
l 14004 14001
l 14005 14006
l 14007 14005
l 14008 14007
l 14009 14008
l 14010 14009
l 14011 14010
l 14012 14011
l 14013 14012
l 750 14013
l 2024 750
l 14014 13996
l 14015 13995
l 14016 14014
l 14017 13998
l 14018 14004
l 14019 14002
l 14020 14000
l 14021 14022
l 14023 14021
l 14024 14023
l 14025 14024
l 14026 14025
l 14027 14026
l 14028 14027
l 14029 14028
l 14030 14029
l 14031 14030
l 14032 14031
l 14033 14018
l 14034 14032
l 14035 14034
l 14036 14035
l 14037 14036
l 14038 14037
l 14039 14038
l 14040 14039
l 14041 14040
l 14042 14041
l 14043 14042
l 14006 14043
l 14044 14045
l 14046 14044
l 14047 14046
l 14048 14047
l 14049 14048
l 14050 14049
l 14051 14050
l 14052 14051
l 14053 14052
l 14054 14053
l 14055 14054
l 14056 14003
l 14057 14055
l 14058 14057
l 14059 14058
l 14060 14059
l 14061 14060
l 14062 14061
l 14063 14062
l 14064 14063
l 14065 14064
l 14066 14065
l 14067 14066
l 14068 14067
l 14069 14056
l 14070 14068
l 14071 14070
l 14072 14071
l 14073 14072
l 14074 14019
l 14075 14073
l 14076 14075
l 14077 14076
l 14078 14033
l 14079 14077
l 14080 14079
l 14081 14080
l 14082 14016
l 14083 14081
l 14084 14083
l 14085 14015
l 14086 14084
l 14087 14086
l 14088 14087
l 14089 14088
l 14090 14089
l 14091 14020
l 14092 14090
l 14093 14092
l 14094 14093
l 14095 14094
l 14096 14095
l 14097 14096
l 14098 14097
l 14099 14098
l 14100 14099
l 14101 14085
l 14102 14100
l 14103 14102
l 14104 14017
l 14105 14103
l 14106 14105
l 14107 14106
l 14108 14107
l 14109 14108
l 14110 14109
l 14111 14110
l 14112 14111
l 14113 14112
l 14114 14113
l 14115 14114
l 14116 14115
l 14117 14116
l 14118 14117
l 14119 14118
l 14120 14074
l 14121 14119
l 14122 14121
l 14123 14122
l 14124 14123
l 14125 14124
l 14126 14125
l 14127 14078
l 14128 14126
l 14129 14128
l 14130 14129
l 14131 14130
l 14132 14131
l 14133 14132
l 14134 14104
l 14135 14133
l 14136 14135
l 14137 14136
l 14138 14137
l 14139 14138
l 14140 14139
l 14141 14140
l 14142 14141
l 14143 14142
l 14144 14143
l 14145 14144
l 14146 14145
l 14147 14146
l 14148 14147
l 14149 14148
l 14150 14149
l 14151 14150
l 14152 14069
l 14153 14151
l 14154 14153
l 14155 14154
l 14156 14155
l 14157 14156
l 14022 14157
l 14158 14159
l 14160 14158
l 14161 14160
l 14162 14161
l 14163 14162
l 14164 14163
l 14165 14164
l 14166 14165
l 14167 14166
l 14168 14167
l 14169 14127
l 14170 14168
l 14171 14170
l 14045 14171
l 14159 14172
l 14172 14173
l 14173 14174
l 14174 14175
l 14175 14176
l 14176 14177
l 14177 14178
l 14178 14179
l 14179 14180
l 14180 14181
l 14182 14082
l 14181 14183
l 14183 14184
l 14184 14185
l 14186 14182
l 14185 14187
l 14187 13968
l 14188 14101
l 14189 14169
l 14190 14189
l 14191 14152
l 14192 14134
l 14193 14091
l 14194 14120
l 14195 14186
l 14196 14191
l 14197 14188
l 14198 14190
l 14199 14198
l 13904 14197
l 13906 14193
l 13901 14194
l 14200 14192
l 13898 14199
l 13921 14200
l 14201 14195
l 13927 14201
l 13914 14196
l 14202 14203
l 14204 14202
l 14205 14204
l 14206 14205
l 749 14206
l 14207 2042
l 14208 14207
l 14209 14208
l 14210 14209
l 14203 14210
l 2051 14211
l 14211 2052
l 14212 14213
l 14213 14214
l 14215 14216
l 14217 2036
l 9103 2051
l 2053 2027
l 14218 9105
l 14220 2050
l 14221 9108
l 2055 2054
l 9112 14222
l 14223 2057
l 9113 2058
l 9114 751
l 751 2059
l 9115 751
l 9116 14224
l 14224 9118
l 14225 9120
l 9121 14226
l 9124 14227
l 9159 2061
l 14228 9128
l 14229 14230
l 752 9129
l 14230 14231
l 14231 14212
l 14232 2064
l 2064 2065
l 14233 9135
l 14234 9137
l 14235 9156
l 14218 9139
l 14236 2056
l 14225 9140
l 9141 14226
l 14237 2060
l 2062 14237
l 14238 9144
l 9145 14228
l 9146 2063
l 9147 2066
l 9149 14239
l 14240 14241
l 2068 2047
l 9150 2068
l 2047 2069
l 9151 14238
l 2067 14243
l 9153 14244
l 14244 9154
l 14235 9155
l 14245 14221
l 14214 14215
l 14222 9157
l 14216 14217
l 9158 14227
l 752 9160
l 14232 9163
l 2065 14247
l 9164 14248
l 9167 14248
l 750 14229
l 2072 2070
l 2073 2071
l 2076 2075
l 2074 2077
l 2078 2076
l 2074 2079
l 14249 14250
l 14250 2082
l 2083 14249
l 2084 14251
l 14251 2085
l 2086 2087
l 2085 14252
l 14252 2089
l 2091 14253
l 14253 2090
l 2089 14254
l 14254 2092
l 2093 14255
l 14255 2088
l 2097 2095
l 2094 14256
l 14256 2098
l 2099 14257
l 14257 2096
l 2102 14260
l 14260 2101
l 2103 14261
l 14261 14262
l 14262 2104
l 2106 2100
l 2108 14263
l 14263 2107
l 2104 2111
l 2105 2109
l 2110 14264
l 14264 2114
l 2115 14265
l 14265 2112
l 2113 2116
l 2117 2118
l 2122 2121
l 2120 14267
l 14267 2123
l 14268 2119
l 2124 14269
l 14269 14268
l 2127 14270
l 14270 2126
l 2128 14272
l 14272 2125
l 14273 2124
l 2130 14274
l 14274 14275
l 2129 14276
l 14276 14273
l 2131 14277
l 14277 2128
l 14275 2133
l 2132 2136
l 14280 14281
l 14281 2134
l 2135 14282
l 14282 2137
l 2138 14280
l 2140 14283
l 14283 2141
l 2142 14284
l 14284 2139
l 2143 14285
l 14285 2145
l 2146 14286
l 14286 2144
l 2148 14287
l 14287 2149
l 2147 14288
l 14288 2151
l 2154 14289
l 14289 2150
l 2152 2155
l 2156 14291
l 14291 2153
l 14292 2154
l 2157 14293
l 14293 14292
l 2159 2158
l 2162 14294
l 14294 2160
l 2163 14295
l 14295 2164
l 2165 14296
l 14296 2166
l 2169 14297
l 14297 2168
l 2166 2162
l 2173 14298
l 14298 2165
l 2174 2171
l 2167 2161
l 2172 14299
l 14299 2176
l 2170 2175
l 2177 14300
l 14300 2174
l 2179 14301
l 14301 2181
l 2182 14302
l 14302 2178
l 2183 14303
l 14303 2180
l 2185 2184
l 2188 14305
l 14305 2191
l 2186 14307
l 14307 2192
l 2189 14308
l 14308 2194
l 2195 14309
l 14309 2187
l 2196 14310
l 14310 2190
l 2193 14312
l 14312 2197
l 2200 14313
l 14313 2199
l 2201 14314
l 14314 2202
l 2198 2195
l 2205 14315
l 14315 2204
l 2081 2203
l 2080 14316
l 14316 2206
l 2207 2081
l 14317 2208
l 2209 14317
l 14318 2212
l 2211 14318
l 2215 2209
l 14319 2216
l 2214 14319
l 14320 2219
l 2220 14320
l 14321 2221
l 2217 14321
l 14322 2222
l 2218 14322
l 14323 2225
l 2223 14323
l 14324 2226
l 2222 14324
l 14325 2224
l 2227 14325
l 14326 2228
l 2225 14326
l 14329 2230
l 2229 14329
l 2231 2232
l 14330 2234
l 2233 14330
l 2237 14332
l 14333 2238
l 14332 14333
l 14334 2236
l 2239 14334
l 2241 14335
l 14335 2240
l 14336 2235
l 2242 14336
l 14338 2244
l 2243 14338
l 2238 2245
l 14340 2246
l 2247 14340
l 14341 2248
l 2244 14341
l 2246 14342
l 14342 14343
l 14343 2250
l 14344 2249
l 2251 14344
l 14345 2252
l 2253 14345
l 2257 2259
l 14346 14347
l 14347 2255
l 14349 2254
l 2261 14349
l 2262 14346
l 14350 2260
l 2265 14350
l 2258 2266
l 14352 2267
l 2263 14352
l 2256 2264
l 14356 2270
l 2271 14356
l 2270 2268
l 2273 2274
l 14357 2269
l 2275 14357
l 2277 2276
l 2279 14359
l 14359 2272
l 2278 2280
l 14360 2282
l 2281 14360
l 14361 2277
l 2283 14361
l 2286 2285
l 2287 2284
l 14363 2289
l 2290 14363
l 14364 14365
l 2292 14364
l 14365 2288
l 14366 2293
l 2291 14366
l 2295 14369
l 14369 2294
l 14370 2296
l 2298 14370
l 2299 2297
l 14372 2303
l 2300 14372
l 14373 2304
l 2301 14373
l 14374 2302
l 2305 14374
l 14375 2306
l 2303 14375
l 14377 2308
l 2307 14377
l 14378 2311
l 2310 14378
l 14379 2309
l 14380 14379
l 2313 14380
l 14381 2315
l 2312 14381
l 14382 14383
l 14383 2313
l 2316 14382
l 14384 2213
l 2315 14384
l 2314 2317
l 2318 2210
l 2325 2321
l 2326 2322
l 2324 2320
l 2323 2319
l 2327 2328
l 2330 2331
l 2332 2329
l 2334 2333
l 2336 2335
l 2339 2338
l 2338 2340
l 2343 2339
l 2340 2343
l 2345 2341
l 2346 2337
l 2347 2342
l 2348 2344
l 2350 2349
l 2352 14386
l 14386 2351
l 2355 14387
l 14387 2356
l 2361 14389
l 14389 2360
l 2362 14390
l 14390 2363
l 2364 2359
l 2363 14391
l 14391 2366
l 2358 2365
l 2367 14392
l 14392 2368
l 2370 14393
l 14393 2371
l 2369 14394
l 14394 2372
l 2373 14396
l 14396 2374
l 2376 2375
l 2378 2377
l 2381 14397
l 14397 2382
l 2384 2379
l 2383 14399
l 14399 2385
l 2387 14400
l 14400 2380
l 2388 14401
l 14401 2384
l 2390 14402
l 14402 2386
l 2391 14403
l 14403 2392
l 2393 14404
l 14404 2389
l 2392 2396
l 2397 14405
l 14405 2395
l 2398 14406
l 14406 2399
l 2394 2400
l 2401 14407
l 14407 14408
l 2399 14409
l 14409 2402
l 14408 2403
l 2405 2404
l 2406 14410
l 14410 2409
l 2408 2410
l 2407 2412
l 2413 2411
l 2412 14411
l 14411 2414
l 2415 14412
l 14412 2413
l 2416 2417
l 2420 14414
l 14414 2419
l 2422 14415
l 14415 2421
l 2418 14417
l 14417 2424
l 2425 14418
l 14418 2422
l 2423 14419
l 14419 2426
l 2428 2427
l 2429 14421
l 14421 2431
l 2435 2432
l 2436 2430
l 2433 14422
l 14422 2437
l 2440 14423
l 14423 2439
l 2442 2443
l 2434 2438
l 2444 14425
l 14425 2441
l 2446 14426
l 14426 2445
l 2447 14427
l 14427 2449
l 2448 14428
l 14428 2450
l 2450 14429
l 14429 2452
l 2453 14430
l 14430 2451
l 2452 14431
l 14431 2454
l 2456 14432
l 14432 2455
l 2457 2459
l 2461 14433
l 14433 2460
l 2458 14434
l 14434 2462
l 2464 14435
l 14435 2463
l 2459 14436
l 14436 2465
l 2351 14437
l 14437 2467
l 2466 14438
l 14438 2357
l 2354 14439
l 14439 2353
l 2468 14440
l 14440 2471
l 2470 2472
l 2473 14441
l 14441 2475
l 2474 2476
l 9948 14442
l 14442 9954
l 2477 14443
l 2478 14444
l 14443 2480
l 14444 2481
l 2479 14445
l 14445 2483
l 2482 14446
l 14446 2485
l 2484 14447
l 14447 2486
l 2486 2487
l 2488 2490
l 2489 14448
l 14448 2491
l 2492 14449
l 14449 2493
l 2493 2494
l 2495 14450
l 14450 14451
l 9984 9986
l 14451 2496
l 2497 2498
l 2499 2501
l 2500 2502
l 2501 14452
l 14452 2503
l 2504 2505
l 9994 14453
l 14453 9998
l 2506 14454
l 14454 2507
l 2508 2509
l 2510 14455
l 14455 2511
l 2511 14456
l 14456 2512
l 2512 2513
l 2514 14458
l 14458 2515
l 2516 14459
l 14459 2517
l 2518 14460
l 2519 14461
l 14460 2520
l 14461 2521
l 2522 14462
l 14462 2523
l 2524 14463
l 14463 2526
l 2525 14464
l 14464 2527
l 2528 2529
l 2530 14465
l 14465 2531
l 2531 14466
l 14466 2532
l 2533 14467
l 14467 2534
l 2534 14468
l 14468 2535
l 10110 2536
l 2536 10114
l 2537 14469
l 14469 2538
l 2538 2539
l 2539 14470
l 2540 14471
l 14470 2541
l 14471 2542
l 2543 14472
l 2544 14473
l 14472 2545
l 14473 2547
l 2546 14474
l 14474 2548
l 2548 2549
l 2550 14475
l 14475 2551
l 2552 14476
l 14476 2553
l 2553 14477
l 14477 2554
l 2555 14478
l 14478 2557
l 2556 14479
l 14479 2558
l 2559 14480
l 14480 2560
l 2560 14481
l 2561 2562
l 14481 2563
l 2564 14482
l 14482 2566
l 2565 14483
l 2566 14484
l 14483 2567
l 14484 2568
l 2568 14485
l 14485 2569
l 2570 2572
l 2571 14486
l 14486 2573
l 14487 2574
l 2575 14488
l 14488 2576
l 2577 2578
l 2579 2580
l 10192 14489
l 14489 2581
l 10195 2582
l 2583 14490
l 14490 2584
l 10209 10212
l 2585 14491
l 14491 2587
l 2586 14492
l 14492 2588
l 2588 2469
l 2590 2589
l 2591 2592
l 2593 2594
l 2594 2595
l 2596 2593
l 2595 2596
# </edges>
